2025.05.12 19:08:56.552 Node log from the data server with id 'zi_server':
2025.05.12 19:08:56.552   get /dev12195/raw/system/awg/runtimechecks/enable -
2025.05.12 19:08:56.552   get /dev12195/raw/system/awg/runtimechecks/enable -
2025.05.12 19:08:56.552   get /dev12195/system/clocks/referenceclock/in/freq -
2025.05.12 19:08:56.552   get /dev12195/system/clocks/referenceclock/in/sourceactual -
2025.05.12 19:08:56.555   get /dev12195/system/clocks/referenceclock/in/source -
2025.05.12 19:08:56.555   get /dev12195/system/clocks/referenceclock/in/status -
2025.05.12 19:08:56.555   get /dev12195/system/clocks/referenceclock/in/freq -
2025.05.12 19:08:56.555   get /dev12195/system/clocks/referenceclock/in/sourceactual -
2025.05.12 19:08:56.555   get /dev12195/system/clocks/referenceclock/in/source -
2025.05.12 19:08:56.556   get /dev12195/system/clocks/referenceclock/in/status -
2025.05.12 19:08:59.257 Node log from the data server with id 'zi_server':
2025.05.12 19:08:59.258   set /dev12195/raw/error/clear 1
2025.05.12 19:08:59.258   set /dev12195/sgchannels/0/pipeliner/mode 0
2025.05.12 19:08:59.258   set /dev12195/sgchannels/1/pipeliner/mode 0
2025.05.12 19:08:59.258   set /dev12195/sgchannels/2/pipeliner/mode 0
2025.05.12 19:08:59.259   set /dev12195/sgchannels/3/pipeliner/mode 0
2025.05.12 19:08:59.259   set /dev12195/sgchannels/4/pipeliner/mode 0
2025.05.12 19:08:59.259   set /dev12195/sgchannels/5/pipeliner/mode 0
2025.05.12 19:08:59.259   set /dev12195/sgchannels/0/synchronization/enable 0
2025.05.12 19:08:59.259   set /dev12195/sgchannels/1/synchronization/enable 0
2025.05.12 19:08:59.259   set /dev12195/sgchannels/2/synchronization/enable 0
2025.05.12 19:08:59.259   set /dev12195/sgchannels/3/synchronization/enable 0
2025.05.12 19:08:59.260   set /dev12195/sgchannels/4/synchronization/enable 0
2025.05.12 19:08:59.260   set /dev12195/sgchannels/5/synchronization/enable 0
2025.05.12 19:08:59.260   set /dev12195/sgchannels/0/awg/enable 0
2025.05.12 19:08:59.260   set /dev12195/sgchannels/1/awg/enable 0
2025.05.12 19:08:59.260   set /dev12195/sgchannels/2/awg/enable 0
2025.05.12 19:08:59.260   set /dev12195/sgchannels/3/awg/enable 0
2025.05.12 19:08:59.260   set /dev12195/sgchannels/4/awg/enable 0
2025.05.12 19:08:59.261   set /dev12195/sgchannels/5/awg/enable 0
2025.05.12 19:08:59.262   set /dev12195/system/synchronization/source 0
2025.05.12 19:08:59.262   set /dev12195/system/internaltrigger/synchronization/enable 0
2025.05.12 19:08:59.262   set /dev12195/scopes/0/enable 0
2025.05.12 19:08:59.262   set /dev12195/qachannels/0/pipeliner/mode 0
2025.05.12 19:08:59.262   set /dev12195/qachannels/0/synchronization/enable 0
2025.05.12 19:08:59.262   set /dev12195/qachannels/0/generator/enable 0
2025.05.12 19:08:59.262   set /dev12195/qachannels/0/readout/result/enable 0
2025.05.12 19:08:59.263   set /dev12195/qachannels/0/spectroscopy/psd/enable 0
2025.05.12 19:08:59.263   set /dev12195/qachannels/0/spectroscopy/result/enable 0
2025.05.12 19:08:59.263   set /dev12195/qachannels/0/output/rflfinterlock 1
2025.05.12 19:08:59.263   set /dev12195/qachannels/0/oscs/0/gain 1
2025.05.12 19:08:59.263   set /dev12195/scopes/0/channels/0/enable 0
2025.05.12 19:08:59.263   set /dev12195/scopes/0/channels/1/enable 0
2025.05.12 19:08:59.264   set /dev12195/scopes/0/channels/2/enable 0
2025.05.12 19:08:59.264   set /dev12195/scopes/0/channels/3/enable 0
2025.05.12 19:08:59.267   get /dev12195/sgchannels/0/output/overrangecount -
2025.05.12 19:08:59.268   get /dev12195/sgchannels/1/output/overrangecount -
2025.05.12 19:08:59.268   get /dev12195/sgchannels/2/output/overrangecount -
2025.05.12 19:08:59.268   get /dev12195/sgchannels/3/output/overrangecount -
2025.05.12 19:08:59.268   get /dev12195/sgchannels/4/output/overrangecount -
2025.05.12 19:08:59.268   get /dev12195/sgchannels/5/output/overrangecount -
2025.05.12 19:08:59.268   get /dev12195/qachannels/0/output/overrangecount -
2025.05.12 19:08:59.268   get /dev12195/qachannels/0/input/overrangecount -
2025.05.12 19:08:59.269   set /dev12195/qachannels/0/output/on 1
2025.05.12 19:08:59.269   set /dev12195/qachannels/0/generator/single 1
2025.05.12 19:08:59.269   set /dev12195/qachannels/0/output/muting/enable 0
2025.05.12 19:08:59.269   set /dev12195/qachannels/0/input/rflfpath 1
2025.05.12 19:08:59.269   set /dev12195/qachannels/0/input/on 1
2025.05.12 19:08:59.269   set /dev12195/qachannels/0/oscs/0/freq 0
2025.05.12 19:08:59.270   set /dev12195/sgchannels/0/awg/auxtriggers/0/slope 1
2025.05.12 19:08:59.270   set /dev12195/sgchannels/0/awg/auxtriggers/0/channel 8
2025.05.12 19:08:59.270   set /dev12195/system/internaltrigger/enable 0
2025.05.12 19:08:59.270   set /dev12195/system/internaltrigger/repetitions 1
2025.05.12 19:08:59.270   set /dev12195/qachannels/0/markers/0/source 32
2025.05.12 19:08:59.270   set /dev12195/qachannels/0/markers/1/source 36
2025.05.12 19:08:59.270   set /dev12195/qachannels/0/generator/auxtriggers/0/channel 8
2025.05.12 19:08:59.271   set /dev12195/qachannels/0/centerfreq 6.2e+09
2025.05.12 19:08:59.271   set /dev12195/qachannels/0/spectroscopy/envelope/delay 0
2025.05.12 19:08:59.271   set /dev12195/qachannels/0/spectroscopy/delay 2.2e-07
2025.05.12 19:08:59.271   set /dev12195/qachannels/0/mode 0
2025.05.12 19:08:59.271   set /dev12195/qachannels/0/spectroscopy/trigger/channel 36
2025.05.12 19:08:59.271   set /dev12195/qachannels/0/spectroscopy/length 4000
2025.05.12 19:08:59.271   set /dev12195/qachannels/0/readout/result/enable 0
2025.05.12 19:08:59.272   set /dev12195/qachannels/0/spectroscopy/result/length 500
2025.05.12 19:08:59.272   set /dev12195/qachannels/0/spectroscopy/result/averages 256
2025.05.12 19:08:59.272   set /dev12195/qachannels/0/spectroscopy/result/mode 0
2025.05.12 19:08:59.272   set /dev12195/qachannels/0/spectroscopy/psd/enable 0
2025.05.12 19:08:59.272   set /dev12195/qachannels/0/spectroscopy/result/enable 0
2025.05.12 19:08:59.272   set /dev12195/qachannels/0/spectroscopy/result/enable 1
2025.05.12 19:08:59.272   set /dev12195/scopes/0/enable 0
2025.05.12 19:08:59.273   set /dev12195/qachannels/0/generator/elf/data vector (4192 B)
2025.05.12 19:08:59.273   set /dev12195/qachannels/0/spectroscopy/envelope/wave vector (32000 B)
2025.05.12 19:08:59.273   set /dev12195/qachannels/0/spectroscopy/envelope/enable 1
2025.05.12 19:08:59.273   set /dev12195/qachannels/0/generator/enable 1
2025.05.12 19:08:59.273   set /dev12195/system/internaltrigger/enable 1
2025.05.12 19:08:59.275   set /dev12195/raw/system/awg/runtimechecks/enable 0
2025.05.12 19:08:59.275   set /dev12195/qachannels/0/readout/result/enable 0
2025.05.12 19:08:59.275   get /dev12195/raw/error/json/errors -
2025.05.12 19:08:59.275   get /dev12195/raw/error/json/errors -
2025.05.12 19:08:59.277   set /dev12195/sgchannels/0/awg/auxtriggers/0/slope 1
2025.05.12 19:08:59.277   set /dev12195/sgchannels/0/awg/auxtriggers/0/channel 8
2025.05.12 19:08:59.277   set /dev12195/system/internaltrigger/enable 0
2025.05.12 19:08:59.277   set /dev12195/system/internaltrigger/repetitions 1
2025.05.12 19:08:59.277   set /dev12195/qachannels/0/markers/0/source 32
2025.05.12 19:08:59.277   set /dev12195/qachannels/0/markers/1/source 36
2025.05.12 19:08:59.277   set /dev12195/qachannels/0/generator/auxtriggers/0/channel 8
2025.05.12 19:08:59.277   set /dev12195/qachannels/0/centerfreq 7.2e+09
2025.05.12 19:08:59.277   set /dev12195/qachannels/0/mode 0
2025.05.12 19:08:59.277   set /dev12195/qachannels/0/spectroscopy/trigger/channel 36
2025.05.12 19:08:59.277   set /dev12195/qachannels/0/spectroscopy/length 4000
2025.05.12 19:08:59.277   set /dev12195/qachannels/0/readout/result/enable 0
2025.05.12 19:08:59.279   set /dev12195/qachannels/0/spectroscopy/result/length 500
2025.05.12 19:08:59.279   set /dev12195/qachannels/0/spectroscopy/result/averages 256
2025.05.12 19:08:59.279   set /dev12195/qachannels/0/spectroscopy/result/mode 0
2025.05.12 19:08:59.279   set /dev12195/qachannels/0/spectroscopy/psd/enable 0
2025.05.12 19:08:59.279   set /dev12195/qachannels/0/spectroscopy/result/enable 0
2025.05.12 19:08:59.279   set /dev12195/qachannels/0/spectroscopy/result/enable 1
2025.05.12 19:08:59.279   set /dev12195/scopes/0/enable 0
2025.05.12 19:08:59.279   set /dev12195/qachannels/0/generator/enable 1
2025.05.12 19:08:59.281   set /dev12195/system/internaltrigger/enable 1
2025.05.12 19:08:59.283   set /dev12195/raw/system/awg/runtimechecks/enable 0
2025.05.12 19:08:59.283   set /dev12195/qachannels/0/readout/result/enable 0
2025.05.12 19:08:59.283   get /dev12195/raw/error/json/errors -
2025.05.12 19:08:59.283   get /dev12195/raw/error/json/errors -
2025.05.12 19:08:59.285   set /dev12195/qachannels/0/spectroscopy/envelope/enable 1
2025.05.12 19:11:06.720 Node log from the data server with id 'zi_server':
2025.05.12 19:11:06.722   get /dev12195/raw/system/awg/runtimechecks/enable -
2025.05.12 19:11:06.722   get /dev12195/raw/system/awg/runtimechecks/enable -
2025.05.12 19:11:06.722   get /dev12195/system/clocks/referenceclock/in/freq -
2025.05.12 19:11:06.722   get /dev12195/system/clocks/referenceclock/in/sourceactual -
2025.05.12 19:11:06.722   get /dev12195/system/clocks/referenceclock/in/source -
2025.05.12 19:11:06.722   get /dev12195/system/clocks/referenceclock/in/status -
2025.05.12 19:11:06.722   get /dev12195/system/clocks/referenceclock/in/freq -
2025.05.12 19:11:06.722   get /dev12195/system/clocks/referenceclock/in/sourceactual -
2025.05.12 19:11:06.722   get /dev12195/system/clocks/referenceclock/in/source -
2025.05.12 19:11:06.722   get /dev12195/system/clocks/referenceclock/in/status -
2025.05.12 19:11:27.340 Node log from the data server with id 'zi_server':
2025.05.12 19:11:27.343   get /dev12195/raw/system/awg/runtimechecks/enable -
2025.05.12 19:11:27.343   get /dev12195/raw/system/awg/runtimechecks/enable -
2025.05.12 19:11:27.343   get /dev12195/system/clocks/referenceclock/in/freq -
2025.05.12 19:11:27.343   get /dev12195/system/clocks/referenceclock/in/sourceactual -
2025.05.12 19:11:27.343   get /dev12195/system/clocks/referenceclock/in/source -
2025.05.12 19:11:27.343   get /dev12195/system/clocks/referenceclock/in/status -
2025.05.12 19:11:27.343   get /dev12195/system/clocks/referenceclock/in/freq -
2025.05.12 19:11:27.343   get /dev12195/system/clocks/referenceclock/in/sourceactual -
2025.05.12 19:11:27.343   get /dev12195/system/clocks/referenceclock/in/source -
2025.05.12 19:11:27.343   get /dev12195/system/clocks/referenceclock/in/status -
2025.05.12 19:11:28.301 Node log from the data server with id 'zi_server':
2025.05.12 19:11:28.302   set /dev12195/raw/error/clear 1
2025.05.12 19:11:28.302   set /dev12195/sgchannels/0/pipeliner/mode 0
2025.05.12 19:11:28.302   set /dev12195/sgchannels/1/pipeliner/mode 0
2025.05.12 19:11:28.302   set /dev12195/sgchannels/2/pipeliner/mode 0
2025.05.12 19:11:28.302   set /dev12195/sgchannels/3/pipeliner/mode 0
2025.05.12 19:11:28.302   set /dev12195/sgchannels/4/pipeliner/mode 0
2025.05.12 19:11:28.302   set /dev12195/sgchannels/5/pipeliner/mode 0
2025.05.12 19:11:28.303   set /dev12195/sgchannels/0/synchronization/enable 0
2025.05.12 19:11:28.303   set /dev12195/sgchannels/1/synchronization/enable 0
2025.05.12 19:11:28.303   set /dev12195/sgchannels/2/synchronization/enable 0
2025.05.12 19:11:28.303   set /dev12195/sgchannels/3/synchronization/enable 0
2025.05.12 19:11:28.303   set /dev12195/sgchannels/4/synchronization/enable 0
2025.05.12 19:11:28.303   set /dev12195/sgchannels/5/synchronization/enable 0
2025.05.12 19:11:28.304   set /dev12195/sgchannels/0/awg/enable 0
2025.05.12 19:11:28.304   set /dev12195/sgchannels/1/awg/enable 0
2025.05.12 19:11:28.304   set /dev12195/sgchannels/2/awg/enable 0
2025.05.12 19:11:28.304   set /dev12195/sgchannels/3/awg/enable 0
2025.05.12 19:11:28.304   set /dev12195/sgchannels/4/awg/enable 0
2025.05.12 19:11:28.304   set /dev12195/sgchannels/5/awg/enable 0
2025.05.12 19:11:28.305   set /dev12195/system/synchronization/source 0
2025.05.12 19:11:28.305   set /dev12195/system/internaltrigger/synchronization/enable 0
2025.05.12 19:11:28.305   set /dev12195/scopes/0/enable 0
2025.05.12 19:11:28.305   set /dev12195/qachannels/0/pipeliner/mode 0
2025.05.12 19:11:28.305   set /dev12195/qachannels/0/synchronization/enable 0
2025.05.12 19:11:28.307   set /dev12195/qachannels/0/generator/enable 0
2025.05.12 19:11:28.307   set /dev12195/qachannels/0/readout/result/enable 0
2025.05.12 19:11:28.307   set /dev12195/qachannels/0/spectroscopy/psd/enable 0
2025.05.12 19:11:28.307   set /dev12195/qachannels/0/spectroscopy/result/enable 0
2025.05.12 19:11:28.307   set /dev12195/qachannels/0/output/rflfinterlock 1
2025.05.12 19:11:28.307   set /dev12195/qachannels/0/oscs/0/gain 1
2025.05.12 19:11:28.307   set /dev12195/scopes/0/channels/0/enable 0
2025.05.12 19:11:28.308   set /dev12195/scopes/0/channels/1/enable 0
2025.05.12 19:11:28.308   set /dev12195/scopes/0/channels/2/enable 0
2025.05.12 19:11:28.308   set /dev12195/scopes/0/channels/3/enable 0
2025.05.12 19:11:28.312   get /dev12195/sgchannels/0/output/overrangecount -
2025.05.12 19:11:28.312   get /dev12195/sgchannels/1/output/overrangecount -
2025.05.12 19:11:28.312   get /dev12195/sgchannels/2/output/overrangecount -
2025.05.12 19:11:28.312   get /dev12195/sgchannels/3/output/overrangecount -
2025.05.12 19:11:28.312   get /dev12195/sgchannels/4/output/overrangecount -
2025.05.12 19:11:28.312   get /dev12195/sgchannels/5/output/overrangecount -
2025.05.12 19:11:28.312   get /dev12195/qachannels/0/output/overrangecount -
2025.05.12 19:11:28.312   get /dev12195/qachannels/0/input/overrangecount -
2025.05.12 19:11:28.312   set /dev12195/qachannels/0/output/on 1
2025.05.12 19:11:28.312   set /dev12195/qachannels/0/generator/single 1
2025.05.12 19:11:28.312   set /dev12195/qachannels/0/output/muting/enable 0
2025.05.12 19:11:28.312   set /dev12195/qachannels/0/input/rflfpath 1
2025.05.12 19:11:28.312   set /dev12195/qachannels/0/input/on 1
2025.05.12 19:11:28.314   set /dev12195/qachannels/0/oscs/0/freq 0
2025.05.12 19:11:28.314   set /dev12195/sgchannels/0/awg/auxtriggers/0/slope 1
2025.05.12 19:11:28.314   set /dev12195/sgchannels/0/awg/auxtriggers/0/channel 8
2025.05.12 19:11:28.314   set /dev12195/system/internaltrigger/enable 0
2025.05.12 19:11:28.314   set /dev12195/system/internaltrigger/repetitions 1
2025.05.12 19:11:28.314   set /dev12195/qachannels/0/markers/0/source 32
2025.05.12 19:11:28.314   set /dev12195/qachannels/0/markers/1/source 36
2025.05.12 19:11:28.314   set /dev12195/qachannels/0/generator/auxtriggers/0/channel 8
2025.05.12 19:11:28.314   set /dev12195/qachannels/0/spectroscopy/envelope/delay 0
2025.05.12 19:11:28.314   set /dev12195/qachannels/0/spectroscopy/delay 3.08e-07
2025.05.12 19:11:28.314   set /dev12195/qachannels/0/mode 0
2025.05.12 19:11:28.314   set /dev12195/qachannels/0/spectroscopy/trigger/channel 36
2025.05.12 19:11:28.314   set /dev12195/qachannels/0/spectroscopy/length 6000
2025.05.12 19:11:28.314   set /dev12195/qachannels/0/readout/result/enable 0
2025.05.12 19:11:28.316   set /dev12195/qachannels/0/spectroscopy/result/length 201
2025.05.12 19:11:28.316   set /dev12195/qachannels/0/spectroscopy/result/averages 256
2025.05.12 19:11:28.316   set /dev12195/qachannels/0/spectroscopy/result/mode 0
2025.05.12 19:11:28.316   set /dev12195/qachannels/0/spectroscopy/psd/enable 0
2025.05.12 19:11:28.316   set /dev12195/qachannels/0/spectroscopy/result/enable 0
2025.05.12 19:11:28.316   set /dev12195/qachannels/0/spectroscopy/result/enable 1
2025.05.12 19:11:28.316   set /dev12195/scopes/0/enable 0
2025.05.12 19:11:28.316   set /dev12195/qachannels/0/generator/elf/data vector (4260 B)
2025.05.12 19:11:28.316   set /dev12195/qachannels/0/spectroscopy/envelope/wave vector (32000 B)
2025.05.12 19:11:28.316   set /dev12195/qachannels/0/spectroscopy/envelope/enable 1
2025.05.12 19:11:28.316   set /dev12195/qachannels/0/generator/enable 1
2025.05.12 19:11:28.318   set /dev12195/system/internaltrigger/enable 1
2025.05.12 19:11:28.318   set /dev12195/raw/system/awg/runtimechecks/enable 0
2025.05.12 19:11:28.318   set /dev12195/qachannels/0/readout/result/enable 0
2025.05.12 19:11:28.320   get /dev12195/raw/error/json/errors -
2025.05.12 19:11:28.320   get /dev12195/raw/error/json/errors -
2025.05.12 19:11:28.320   set /dev12195/qachannels/0/spectroscopy/envelope/enable 1
2025.05.12 19:11:49.051 Node log from the data server with id 'zi_server':
2025.05.12 19:11:49.051   get /dev12195/raw/system/awg/runtimechecks/enable -
2025.05.12 19:11:49.051   get /dev12195/raw/system/awg/runtimechecks/enable -
2025.05.12 19:11:49.051   get /dev12195/system/clocks/referenceclock/in/freq -
2025.05.12 19:11:49.051   get /dev12195/system/clocks/referenceclock/in/sourceactual -
2025.05.12 19:11:49.051   get /dev12195/system/clocks/referenceclock/in/source -
2025.05.12 19:11:49.053   get /dev12195/system/clocks/referenceclock/in/status -
2025.05.12 19:11:49.053   get /dev12195/system/clocks/referenceclock/in/freq -
2025.05.12 19:11:49.053   get /dev12195/system/clocks/referenceclock/in/sourceactual -
2025.05.12 19:11:49.053   get /dev12195/system/clocks/referenceclock/in/source -
2025.05.12 19:11:49.053   get /dev12195/system/clocks/referenceclock/in/status -
2025.05.12 19:11:50.041 Node log from the data server with id 'zi_server':
2025.05.12 19:11:50.042   set /dev12195/raw/error/clear 1
2025.05.12 19:11:50.042   set /dev12195/sgchannels/0/pipeliner/mode 0
2025.05.12 19:11:50.042   set /dev12195/sgchannels/1/pipeliner/mode 0
2025.05.12 19:11:50.042   set /dev12195/sgchannels/2/pipeliner/mode 0
2025.05.12 19:11:50.042   set /dev12195/sgchannels/3/pipeliner/mode 0
2025.05.12 19:11:50.043   set /dev12195/sgchannels/4/pipeliner/mode 0
2025.05.12 19:11:50.043   set /dev12195/sgchannels/5/pipeliner/mode 0
2025.05.12 19:11:50.043   set /dev12195/sgchannels/0/synchronization/enable 0
2025.05.12 19:11:50.043   set /dev12195/sgchannels/1/synchronization/enable 0
2025.05.12 19:11:50.043   set /dev12195/sgchannels/2/synchronization/enable 0
2025.05.12 19:11:50.043   set /dev12195/sgchannels/3/synchronization/enable 0
2025.05.12 19:11:50.043   set /dev12195/sgchannels/4/synchronization/enable 0
2025.05.12 19:11:50.044   set /dev12195/sgchannels/5/synchronization/enable 0
2025.05.12 19:11:50.044   set /dev12195/sgchannels/0/awg/enable 0
2025.05.12 19:11:50.044   set /dev12195/sgchannels/1/awg/enable 0
2025.05.12 19:11:50.044   set /dev12195/sgchannels/2/awg/enable 0
2025.05.12 19:11:50.044   set /dev12195/sgchannels/3/awg/enable 0
2025.05.12 19:11:50.044   set /dev12195/sgchannels/4/awg/enable 0
2025.05.12 19:11:50.044   set /dev12195/sgchannels/5/awg/enable 0
2025.05.12 19:11:50.046   set /dev12195/system/synchronization/source 0
2025.05.12 19:11:50.046   set /dev12195/system/internaltrigger/synchronization/enable 0
2025.05.12 19:11:50.046   set /dev12195/scopes/0/enable 0
2025.05.12 19:11:50.046   set /dev12195/qachannels/0/pipeliner/mode 0
2025.05.12 19:11:50.046   set /dev12195/qachannels/0/synchronization/enable 0
2025.05.12 19:11:50.046   set /dev12195/qachannels/0/generator/enable 0
2025.05.12 19:11:50.046   set /dev12195/qachannels/0/readout/result/enable 0
2025.05.12 19:11:50.047   set /dev12195/qachannels/0/spectroscopy/psd/enable 0
2025.05.12 19:11:50.047   set /dev12195/qachannels/0/spectroscopy/result/enable 0
2025.05.12 19:11:50.047   set /dev12195/qachannels/0/output/rflfinterlock 1
2025.05.12 19:11:50.047   set /dev12195/qachannels/0/oscs/0/gain 1
2025.05.12 19:11:50.047   set /dev12195/scopes/0/channels/0/enable 0
2025.05.12 19:11:50.047   set /dev12195/scopes/0/channels/1/enable 0
2025.05.12 19:11:50.047   set /dev12195/scopes/0/channels/2/enable 0
2025.05.12 19:11:50.048   set /dev12195/scopes/0/channels/3/enable 0
2025.05.12 19:11:50.051   get /dev12195/sgchannels/0/output/overrangecount -
2025.05.12 19:11:50.051   get /dev12195/sgchannels/1/output/overrangecount -
2025.05.12 19:11:50.051   get /dev12195/sgchannels/2/output/overrangecount -
2025.05.12 19:11:50.052   get /dev12195/sgchannels/3/output/overrangecount -
2025.05.12 19:11:50.052   get /dev12195/sgchannels/4/output/overrangecount -
2025.05.12 19:11:50.052   get /dev12195/sgchannels/5/output/overrangecount -
2025.05.12 19:11:50.052   get /dev12195/qachannels/0/output/overrangecount -
2025.05.12 19:11:50.052   get /dev12195/qachannels/0/input/overrangecount -
2025.05.12 19:11:50.052   set /dev12195/qachannels/0/output/on 1
2025.05.12 19:11:50.052   set /dev12195/qachannels/0/generator/single 1
2025.05.12 19:11:50.053   set /dev12195/qachannels/0/output/muting/enable 0
2025.05.12 19:11:50.053   set /dev12195/qachannels/0/input/rflfpath 1
2025.05.12 19:11:50.053   set /dev12195/qachannels/0/input/on 1
2025.05.12 19:11:50.053   set /dev12195/qachannels/0/oscs/0/freq 0
2025.05.12 19:11:50.053   set /dev12195/sgchannels/0/awg/auxtriggers/0/slope 1
2025.05.12 19:11:50.053   set /dev12195/sgchannels/0/awg/auxtriggers/0/channel 8
2025.05.12 19:11:50.053   set /dev12195/system/internaltrigger/enable 0
2025.05.12 19:11:50.054   set /dev12195/system/internaltrigger/repetitions 1
2025.05.12 19:11:50.054   set /dev12195/qachannels/0/markers/0/source 32
2025.05.12 19:11:50.054   set /dev12195/qachannels/0/markers/1/source 36
2025.05.12 19:11:50.054   set /dev12195/qachannels/0/generator/auxtriggers/0/channel 8
2025.05.12 19:11:50.054   set /dev12195/qachannels/0/spectroscopy/envelope/delay 0
2025.05.12 19:11:50.054   set /dev12195/qachannels/0/spectroscopy/delay 3.08e-07
2025.05.12 19:11:50.055   set /dev12195/qachannels/0/mode 0
2025.05.12 19:11:50.055   set /dev12195/qachannels/0/spectroscopy/trigger/channel 36
2025.05.12 19:11:50.055   set /dev12195/qachannels/0/spectroscopy/length 6000
2025.05.12 19:11:50.055   set /dev12195/qachannels/0/readout/result/enable 0
2025.05.12 19:11:50.055   set /dev12195/qachannels/0/spectroscopy/result/length 201
2025.05.12 19:11:50.055   set /dev12195/qachannels/0/spectroscopy/result/averages 256
2025.05.12 19:11:50.055   set /dev12195/qachannels/0/spectroscopy/result/mode 0
2025.05.12 19:11:50.056   set /dev12195/qachannels/0/spectroscopy/psd/enable 0
2025.05.12 19:11:50.056   set /dev12195/qachannels/0/spectroscopy/result/enable 0
2025.05.12 19:11:50.056   set /dev12195/qachannels/0/spectroscopy/result/enable 1
2025.05.12 19:11:50.056   set /dev12195/scopes/0/enable 0
2025.05.12 19:11:50.056   set /dev12195/qachannels/0/generator/elf/data vector (4260 B)
2025.05.12 19:11:50.056   set /dev12195/qachannels/0/spectroscopy/envelope/wave vector (32000 B)
2025.05.12 19:11:50.056   set /dev12195/qachannels/0/spectroscopy/envelope/enable 1
2025.05.12 19:11:50.057   set /dev12195/qachannels/0/generator/enable 1
2025.05.12 19:11:50.057   set /dev12195/system/internaltrigger/enable 1
2025.05.12 19:11:50.058   set /dev12195/raw/system/awg/runtimechecks/enable 0
2025.05.12 19:11:50.059   set /dev12195/qachannels/0/readout/result/enable 0
2025.05.12 19:11:50.059   get /dev12195/raw/error/json/errors -
2025.05.12 19:11:50.059   get /dev12195/raw/error/json/errors -
2025.05.12 19:11:50.060   set /dev12195/qachannels/0/spectroscopy/envelope/enable 1
2025.05.12 19:11:59.710 Node log from the data server with id 'zi_server':
2025.05.12 19:11:59.710   set /dev12195/raw/error/clear 1
2025.05.12 19:11:59.710   set /dev12195/sgchannels/0/pipeliner/mode 0
2025.05.12 19:11:59.710   set /dev12195/sgchannels/1/pipeliner/mode 0
2025.05.12 19:11:59.712   set /dev12195/sgchannels/2/pipeliner/mode 0
2025.05.12 19:11:59.712   set /dev12195/sgchannels/3/pipeliner/mode 0
2025.05.12 19:11:59.712   set /dev12195/sgchannels/4/pipeliner/mode 0
2025.05.12 19:11:59.712   set /dev12195/sgchannels/5/pipeliner/mode 0
2025.05.12 19:11:59.712   set /dev12195/sgchannels/0/synchronization/enable 0
2025.05.12 19:11:59.712   set /dev12195/sgchannels/1/synchronization/enable 0
2025.05.12 19:11:59.712   set /dev12195/sgchannels/2/synchronization/enable 0
2025.05.12 19:11:59.712   set /dev12195/sgchannels/3/synchronization/enable 0
2025.05.12 19:11:59.712   set /dev12195/sgchannels/4/synchronization/enable 0
2025.05.12 19:11:59.712   set /dev12195/sgchannels/5/synchronization/enable 0
2025.05.12 19:11:59.712   set /dev12195/sgchannels/0/awg/enable 0
2025.05.12 19:11:59.712   set /dev12195/sgchannels/1/awg/enable 0
2025.05.12 19:11:59.712   set /dev12195/sgchannels/2/awg/enable 0
2025.05.12 19:11:59.712   set /dev12195/sgchannels/3/awg/enable 0
2025.05.12 19:11:59.712   set /dev12195/sgchannels/4/awg/enable 0
2025.05.12 19:11:59.712   set /dev12195/sgchannels/5/awg/enable 0
2025.05.12 19:11:59.714   set /dev12195/system/synchronization/source 0
2025.05.12 19:11:59.714   set /dev12195/system/internaltrigger/synchronization/enable 0
2025.05.12 19:11:59.715   set /dev12195/scopes/0/enable 0
2025.05.12 19:11:59.715   set /dev12195/qachannels/0/pipeliner/mode 0
2025.05.12 19:11:59.715   set /dev12195/qachannels/0/synchronization/enable 0
2025.05.12 19:11:59.715   set /dev12195/qachannels/0/generator/enable 0
2025.05.12 19:11:59.715   set /dev12195/qachannels/0/readout/result/enable 0
2025.05.12 19:11:59.715   set /dev12195/qachannels/0/spectroscopy/psd/enable 0
2025.05.12 19:11:59.715   set /dev12195/qachannels/0/spectroscopy/result/enable 0
2025.05.12 19:11:59.716   set /dev12195/qachannels/0/output/rflfinterlock 1
2025.05.12 19:11:59.716   set /dev12195/qachannels/0/oscs/0/gain 1
2025.05.12 19:11:59.716   set /dev12195/scopes/0/channels/0/enable 0
2025.05.12 19:11:59.716   set /dev12195/scopes/0/channels/1/enable 0
2025.05.12 19:11:59.716   set /dev12195/scopes/0/channels/2/enable 0
2025.05.12 19:11:59.716   set /dev12195/scopes/0/channels/3/enable 0
2025.05.12 19:11:59.720   get /dev12195/sgchannels/0/output/overrangecount -
2025.05.12 19:11:59.720   get /dev12195/sgchannels/1/output/overrangecount -
2025.05.12 19:11:59.720   get /dev12195/sgchannels/2/output/overrangecount -
2025.05.12 19:11:59.720   get /dev12195/sgchannels/3/output/overrangecount -
2025.05.12 19:11:59.720   get /dev12195/sgchannels/4/output/overrangecount -
2025.05.12 19:11:59.720   get /dev12195/sgchannels/5/output/overrangecount -
2025.05.12 19:11:59.720   get /dev12195/qachannels/0/output/overrangecount -
2025.05.12 19:11:59.720   get /dev12195/qachannels/0/input/overrangecount -
2025.05.12 19:11:59.720   set /dev12195/qachannels/0/output/on 1
2025.05.12 19:11:59.722   set /dev12195/qachannels/0/generator/single 1
2025.05.12 19:11:59.722   set /dev12195/qachannels/0/output/muting/enable 0
2025.05.12 19:11:59.722   set /dev12195/qachannels/0/input/rflfpath 1
2025.05.12 19:11:59.722   set /dev12195/qachannels/0/input/on 1
2025.05.12 19:11:59.722   set /dev12195/qachannels/0/oscs/0/freq 0
2025.05.12 19:11:59.722   set /dev12195/sgchannels/0/awg/auxtriggers/0/slope 1
2025.05.12 19:11:59.722   set /dev12195/sgchannels/0/awg/auxtriggers/0/channel 8
2025.05.12 19:11:59.722   set /dev12195/system/internaltrigger/enable 0
2025.05.12 19:11:59.722   set /dev12195/system/internaltrigger/repetitions 1
2025.05.12 19:11:59.722   set /dev12195/qachannels/0/markers/0/source 32
2025.05.12 19:11:59.722   set /dev12195/qachannels/0/markers/1/source 36
2025.05.12 19:11:59.722   set /dev12195/qachannels/0/generator/auxtriggers/0/channel 8
2025.05.12 19:11:59.722   set /dev12195/qachannels/0/spectroscopy/envelope/delay 0
2025.05.12 19:11:59.724   set /dev12195/qachannels/0/spectroscopy/delay 3.08e-07
2025.05.12 19:11:59.724   set /dev12195/qachannels/0/mode 0
2025.05.12 19:11:59.724   set /dev12195/qachannels/0/spectroscopy/trigger/channel 36
2025.05.12 19:11:59.724   set /dev12195/qachannels/0/spectroscopy/length 6000
2025.05.12 19:11:59.724   set /dev12195/qachannels/0/readout/result/enable 0
2025.05.12 19:11:59.724   set /dev12195/qachannels/0/spectroscopy/result/length 201
2025.05.12 19:11:59.724   set /dev12195/qachannels/0/spectroscopy/result/averages 256
2025.05.12 19:11:59.724   set /dev12195/qachannels/0/spectroscopy/result/mode 0
2025.05.12 19:11:59.724   set /dev12195/qachannels/0/spectroscopy/psd/enable 0
2025.05.12 19:11:59.724   set /dev12195/qachannels/0/spectroscopy/result/enable 0
2025.05.12 19:11:59.724   set /dev12195/qachannels/0/spectroscopy/result/enable 1
2025.05.12 19:11:59.724   set /dev12195/scopes/0/enable 0
2025.05.12 19:11:59.724   set /dev12195/qachannels/0/generator/elf/data vector (4260 B)
2025.05.12 19:11:59.724   set /dev12195/qachannels/0/spectroscopy/envelope/wave vector (32000 B)
2025.05.12 19:11:59.726   set /dev12195/qachannels/0/spectroscopy/envelope/enable 1
2025.05.12 19:11:59.726   set /dev12195/qachannels/0/generator/enable 1
2025.05.12 19:11:59.726   set /dev12195/system/internaltrigger/enable 1
2025.05.12 19:11:59.728   set /dev12195/raw/system/awg/runtimechecks/enable 0
2025.05.12 19:11:59.728   set /dev12195/qachannels/0/readout/result/enable 0
2025.05.12 19:11:59.728   get /dev12195/raw/error/json/errors -
2025.05.12 19:11:59.728   get /dev12195/raw/error/json/errors -
2025.05.12 19:11:59.728   set /dev12195/qachannels/0/spectroscopy/envelope/enable 1
2025.05.12 19:13:40.662 Node log from the data server with id 'zi_server':
2025.05.12 19:13:40.662   get /dev12195/raw/system/awg/runtimechecks/enable -
2025.05.12 19:13:40.662   get /dev12195/raw/system/awg/runtimechecks/enable -
2025.05.12 19:13:40.662   get /dev12195/system/clocks/referenceclock/in/freq -
2025.05.12 19:13:40.662   get /dev12195/system/clocks/referenceclock/in/sourceactual -
2025.05.12 19:13:40.664   get /dev12195/system/clocks/referenceclock/in/source -
2025.05.12 19:13:40.664   get /dev12195/system/clocks/referenceclock/in/status -
2025.05.12 19:13:40.664   get /dev12195/system/clocks/referenceclock/in/freq -
2025.05.12 19:13:40.664   get /dev12195/system/clocks/referenceclock/in/sourceactual -
2025.05.12 19:13:40.664   get /dev12195/system/clocks/referenceclock/in/source -
2025.05.12 19:13:40.664   get /dev12195/system/clocks/referenceclock/in/status -
2025.05.12 19:13:42.810 Node log from the data server with id 'zi_server':
2025.05.12 19:13:42.811   set /dev12195/raw/error/clear 1
2025.05.12 19:13:42.811   set /dev12195/sgchannels/0/pipeliner/mode 0
2025.05.12 19:13:42.811   set /dev12195/sgchannels/1/pipeliner/mode 0
2025.05.12 19:13:42.812   set /dev12195/sgchannels/2/pipeliner/mode 0
2025.05.12 19:13:42.812   set /dev12195/sgchannels/3/pipeliner/mode 0
2025.05.12 19:13:42.812   set /dev12195/sgchannels/4/pipeliner/mode 0
2025.05.12 19:13:42.812   set /dev12195/sgchannels/5/pipeliner/mode 0
2025.05.12 19:13:42.812   set /dev12195/sgchannels/0/synchronization/enable 0
2025.05.12 19:13:42.812   set /dev12195/sgchannels/1/synchronization/enable 0
2025.05.12 19:13:42.812   set /dev12195/sgchannels/2/synchronization/enable 0
2025.05.12 19:13:42.813   set /dev12195/sgchannels/3/synchronization/enable 0
2025.05.12 19:13:42.813   set /dev12195/sgchannels/4/synchronization/enable 0
2025.05.12 19:13:42.813   set /dev12195/sgchannels/5/synchronization/enable 0
2025.05.12 19:13:42.813   set /dev12195/sgchannels/0/awg/enable 0
2025.05.12 19:13:42.813   set /dev12195/sgchannels/1/awg/enable 0
2025.05.12 19:13:42.813   set /dev12195/sgchannels/2/awg/enable 0
2025.05.12 19:13:42.814   set /dev12195/sgchannels/3/awg/enable 0
2025.05.12 19:13:42.814   set /dev12195/sgchannels/4/awg/enable 0
2025.05.12 19:13:42.814   set /dev12195/sgchannels/5/awg/enable 0
2025.05.12 19:13:42.815   set /dev12195/system/synchronization/source 0
2025.05.12 19:13:42.815   set /dev12195/system/internaltrigger/synchronization/enable 0
2025.05.12 19:13:42.815   set /dev12195/scopes/0/enable 0
2025.05.12 19:13:42.815   set /dev12195/qachannels/0/pipeliner/mode 0
2025.05.12 19:13:42.815   set /dev12195/qachannels/0/synchronization/enable 0
2025.05.12 19:13:42.816   set /dev12195/qachannels/0/generator/enable 0
2025.05.12 19:13:42.816   set /dev12195/qachannels/0/readout/result/enable 0
2025.05.12 19:13:42.816   set /dev12195/qachannels/0/spectroscopy/psd/enable 0
2025.05.12 19:13:42.816   set /dev12195/qachannels/0/spectroscopy/result/enable 0
2025.05.12 19:13:42.816   set /dev12195/qachannels/0/output/rflfinterlock 1
2025.05.12 19:13:42.816   set /dev12195/qachannels/0/oscs/0/gain 1
2025.05.12 19:13:42.816   set /dev12195/scopes/0/channels/0/enable 0
2025.05.12 19:13:42.817   set /dev12195/scopes/0/channels/1/enable 0
2025.05.12 19:13:42.817   set /dev12195/scopes/0/channels/2/enable 0
2025.05.12 19:13:42.817   set /dev12195/scopes/0/channels/3/enable 0
2025.05.12 19:13:42.821   get /dev12195/sgchannels/0/output/overrangecount -
2025.05.12 19:13:42.821   get /dev12195/sgchannels/1/output/overrangecount -
2025.05.12 19:13:42.821   get /dev12195/sgchannels/2/output/overrangecount -
2025.05.12 19:13:42.821   get /dev12195/sgchannels/3/output/overrangecount -
2025.05.12 19:13:42.821   get /dev12195/sgchannels/4/output/overrangecount -
2025.05.12 19:13:42.821   get /dev12195/sgchannels/5/output/overrangecount -
2025.05.12 19:13:42.821   get /dev12195/qachannels/0/output/overrangecount -
2025.05.12 19:13:42.822   get /dev12195/qachannels/0/input/overrangecount -
2025.05.12 19:13:42.822   set /dev12195/qachannels/0/output/on 1
2025.05.12 19:13:42.822   set /dev12195/qachannels/0/generator/single 1
2025.05.12 19:13:42.822   set /dev12195/qachannels/0/output/muting/enable 0
2025.05.12 19:13:42.822   set /dev12195/qachannels/0/input/rflfpath 1
2025.05.12 19:13:42.822   set /dev12195/qachannels/0/input/on 1
2025.05.12 19:13:42.822   set /dev12195/qachannels/0/oscs/0/freq 0
2025.05.12 19:13:42.823   set /dev12195/sgchannels/0/awg/auxtriggers/0/slope 1
2025.05.12 19:13:42.823   set /dev12195/sgchannels/0/awg/auxtriggers/0/channel 8
2025.05.12 19:13:42.823   set /dev12195/system/internaltrigger/enable 0
2025.05.12 19:13:42.823   set /dev12195/system/internaltrigger/repetitions 1
2025.05.12 19:13:42.823   set /dev12195/qachannels/0/markers/0/source 32
2025.05.12 19:13:42.823   set /dev12195/qachannels/0/markers/1/source 36
2025.05.12 19:13:42.823   set /dev12195/qachannels/0/generator/auxtriggers/0/channel 8
2025.05.12 19:13:42.824   set /dev12195/qachannels/0/centerfreq 6.2e+09
2025.05.12 19:13:42.824   set /dev12195/qachannels/0/spectroscopy/envelope/delay 0
2025.05.12 19:13:42.824   set /dev12195/qachannels/0/spectroscopy/delay 2.2e-07
2025.05.12 19:13:42.824   set /dev12195/qachannels/0/mode 0
2025.05.12 19:13:42.824   set /dev12195/qachannels/0/spectroscopy/trigger/channel 36
2025.05.12 19:13:42.824   set /dev12195/qachannels/0/spectroscopy/length 4000
2025.05.12 19:13:42.825   set /dev12195/qachannels/0/readout/result/enable 0
2025.05.12 19:13:42.825   set /dev12195/qachannels/0/spectroscopy/result/length 500
2025.05.12 19:13:42.825   set /dev12195/qachannels/0/spectroscopy/result/averages 256
2025.05.12 19:13:42.825   set /dev12195/qachannels/0/spectroscopy/result/mode 0
2025.05.12 19:13:42.825   set /dev12195/qachannels/0/spectroscopy/psd/enable 0
2025.05.12 19:13:42.825   set /dev12195/qachannels/0/spectroscopy/result/enable 0
2025.05.12 19:13:42.825   set /dev12195/qachannels/0/spectroscopy/result/enable 1
2025.05.12 19:13:42.826   set /dev12195/scopes/0/enable 0
2025.05.12 19:13:42.826   set /dev12195/qachannels/0/generator/elf/data vector (4192 B)
2025.05.12 19:13:42.826   set /dev12195/qachannels/0/spectroscopy/envelope/wave vector (32000 B)
2025.05.12 19:13:42.826   set /dev12195/qachannels/0/spectroscopy/envelope/enable 1
2025.05.12 19:13:42.826   set /dev12195/qachannels/0/generator/enable 1
2025.05.12 19:13:42.827   set /dev12195/system/internaltrigger/enable 1
2025.05.12 19:13:42.829   set /dev12195/raw/system/awg/runtimechecks/enable 0
2025.05.12 19:13:42.829   set /dev12195/qachannels/0/readout/result/enable 0
2025.05.12 19:13:42.829   get /dev12195/raw/error/json/errors -
2025.05.12 19:13:42.830   get /dev12195/raw/error/json/errors -
2025.05.12 19:13:42.830   set /dev12195/sgchannels/0/awg/auxtriggers/0/slope 1
2025.05.12 19:13:42.830   set /dev12195/sgchannels/0/awg/auxtriggers/0/channel 8
2025.05.12 19:13:42.830   set /dev12195/system/internaltrigger/enable 0
2025.05.12 19:13:42.831   set /dev12195/system/internaltrigger/repetitions 1
2025.05.12 19:13:42.831   set /dev12195/qachannels/0/markers/0/source 32
2025.05.12 19:13:42.831   set /dev12195/qachannels/0/markers/1/source 36
2025.05.12 19:13:42.831   set /dev12195/qachannels/0/generator/auxtriggers/0/channel 8
2025.05.12 19:13:42.831   set /dev12195/qachannels/0/centerfreq 7.2e+09
2025.05.12 19:13:42.831   set /dev12195/qachannels/0/mode 0
2025.05.12 19:13:42.831   set /dev12195/qachannels/0/spectroscopy/trigger/channel 36
2025.05.12 19:13:42.832   set /dev12195/qachannels/0/spectroscopy/length 4000
2025.05.12 19:13:42.832   set /dev12195/qachannels/0/readout/result/enable 0
2025.05.12 19:13:42.832   set /dev12195/qachannels/0/spectroscopy/result/length 500
2025.05.12 19:13:42.832   set /dev12195/qachannels/0/spectroscopy/result/averages 256
2025.05.12 19:13:42.832   set /dev12195/qachannels/0/spectroscopy/result/mode 0
2025.05.12 19:13:42.832   set /dev12195/qachannels/0/spectroscopy/psd/enable 0
2025.05.12 19:13:42.833   set /dev12195/qachannels/0/spectroscopy/result/enable 0
2025.05.12 19:13:42.833   set /dev12195/qachannels/0/spectroscopy/result/enable 1
2025.05.12 19:13:42.833   set /dev12195/scopes/0/enable 0
2025.05.12 19:13:42.834   set /dev12195/qachannels/0/generator/enable 1
2025.05.12 19:13:42.834   set /dev12195/system/internaltrigger/enable 1
2025.05.12 19:13:42.836   set /dev12195/raw/system/awg/runtimechecks/enable 0
2025.05.12 19:13:42.836   set /dev12195/qachannels/0/readout/result/enable 0
2025.05.12 19:13:42.837   get /dev12195/raw/error/json/errors -
2025.05.12 19:13:42.837   get /dev12195/raw/error/json/errors -
2025.05.12 19:13:42.837   set /dev12195/qachannels/0/spectroscopy/envelope/enable 1
2025.05.12 19:13:47.271 Node log from the data server with id 'zi_server':
2025.05.12 19:13:47.271   get /dev12195/raw/system/awg/runtimechecks/enable -
2025.05.12 19:13:47.271   get /dev12195/raw/system/awg/runtimechecks/enable -
2025.05.12 19:13:47.271   get /dev12195/system/clocks/referenceclock/in/freq -
2025.05.12 19:13:47.271   get /dev12195/system/clocks/referenceclock/in/sourceactual -
2025.05.12 19:13:47.271   get /dev12195/system/clocks/referenceclock/in/source -
2025.05.12 19:13:47.271   get /dev12195/system/clocks/referenceclock/in/status -
2025.05.12 19:13:47.271   get /dev12195/system/clocks/referenceclock/in/freq -
2025.05.12 19:13:47.273   get /dev12195/system/clocks/referenceclock/in/sourceactual -
2025.05.12 19:13:47.273   get /dev12195/system/clocks/referenceclock/in/source -
2025.05.12 19:13:47.273   get /dev12195/system/clocks/referenceclock/in/status -
2025.05.12 19:13:48.513 Node log from the data server with id 'zi_server':
2025.05.12 19:13:48.513   set /dev12195/raw/error/clear 1
2025.05.12 19:13:48.513   set /dev12195/sgchannels/0/pipeliner/mode 0
2025.05.12 19:13:48.513   set /dev12195/sgchannels/1/pipeliner/mode 0
2025.05.12 19:13:48.513   set /dev12195/sgchannels/2/pipeliner/mode 0
2025.05.12 19:13:48.513   set /dev12195/sgchannels/3/pipeliner/mode 0
2025.05.12 19:13:48.515   set /dev12195/sgchannels/4/pipeliner/mode 0
2025.05.12 19:13:48.515   set /dev12195/sgchannels/5/pipeliner/mode 0
2025.05.12 19:13:48.515   set /dev12195/sgchannels/0/synchronization/enable 0
2025.05.12 19:13:48.515   set /dev12195/sgchannels/1/synchronization/enable 0
2025.05.12 19:13:48.515   set /dev12195/sgchannels/2/synchronization/enable 0
2025.05.12 19:13:48.515   set /dev12195/sgchannels/3/synchronization/enable 0
2025.05.12 19:13:48.515   set /dev12195/sgchannels/4/synchronization/enable 0
2025.05.12 19:13:48.515   set /dev12195/sgchannels/5/synchronization/enable 0
2025.05.12 19:13:48.515   set /dev12195/sgchannels/0/awg/enable 0
2025.05.12 19:13:48.515   set /dev12195/sgchannels/1/awg/enable 0
2025.05.12 19:13:48.515   set /dev12195/sgchannels/2/awg/enable 0
2025.05.12 19:13:48.515   set /dev12195/sgchannels/3/awg/enable 0
2025.05.12 19:13:48.515   set /dev12195/sgchannels/4/awg/enable 0
2025.05.12 19:13:48.515   set /dev12195/sgchannels/5/awg/enable 0
2025.05.12 19:13:48.517   set /dev12195/system/synchronization/source 0
2025.05.12 19:13:48.517   set /dev12195/system/internaltrigger/synchronization/enable 0
2025.05.12 19:13:48.517   set /dev12195/scopes/0/enable 0
2025.05.12 19:13:48.517   set /dev12195/qachannels/0/pipeliner/mode 0
2025.05.12 19:13:48.517   set /dev12195/qachannels/0/synchronization/enable 0
2025.05.12 19:13:48.517   set /dev12195/qachannels/0/generator/enable 0
2025.05.12 19:13:48.517   set /dev12195/qachannels/0/readout/result/enable 0
2025.05.12 19:13:48.519   set /dev12195/qachannels/0/spectroscopy/psd/enable 0
2025.05.12 19:13:48.519   set /dev12195/qachannels/0/spectroscopy/result/enable 0
2025.05.12 19:13:48.519   set /dev12195/qachannels/0/output/rflfinterlock 1
2025.05.12 19:13:48.519   set /dev12195/qachannels/0/oscs/0/gain 1
2025.05.12 19:13:48.519   set /dev12195/scopes/0/channels/0/enable 0
2025.05.12 19:13:48.519   set /dev12195/scopes/0/channels/1/enable 0
2025.05.12 19:13:48.519   set /dev12195/scopes/0/channels/2/enable 0
2025.05.12 19:13:48.519   set /dev12195/scopes/0/channels/3/enable 0
2025.05.12 19:13:48.523   get /dev12195/sgchannels/0/output/overrangecount -
2025.05.12 19:13:48.523   get /dev12195/sgchannels/1/output/overrangecount -
2025.05.12 19:13:48.523   get /dev12195/sgchannels/2/output/overrangecount -
2025.05.12 19:13:48.523   get /dev12195/sgchannels/3/output/overrangecount -
2025.05.12 19:13:48.523   get /dev12195/sgchannels/4/output/overrangecount -
2025.05.12 19:13:48.523   get /dev12195/sgchannels/5/output/overrangecount -
2025.05.12 19:13:48.523   get /dev12195/qachannels/0/output/overrangecount -
2025.05.12 19:13:48.523   get /dev12195/qachannels/0/input/overrangecount -
2025.05.12 19:13:48.523   set /dev12195/qachannels/0/output/on 1
2025.05.12 19:13:48.525   set /dev12195/qachannels/0/generator/single 1
2025.05.12 19:13:48.525   set /dev12195/qachannels/0/output/muting/enable 0
2025.05.12 19:13:48.525   set /dev12195/qachannels/0/input/rflfpath 1
2025.05.12 19:13:48.525   set /dev12195/qachannels/0/input/on 1
2025.05.12 19:13:48.525   set /dev12195/qachannels/0/oscs/0/freq 0
2025.05.12 19:13:48.525   set /dev12195/sgchannels/0/awg/auxtriggers/0/slope 1
2025.05.12 19:13:48.525   set /dev12195/sgchannels/0/awg/auxtriggers/0/channel 8
2025.05.12 19:13:48.525   set /dev12195/system/internaltrigger/enable 0
2025.05.12 19:13:48.525   set /dev12195/system/internaltrigger/repetitions 1
2025.05.12 19:13:48.525   set /dev12195/qachannels/0/markers/0/source 32
2025.05.12 19:13:48.525   set /dev12195/qachannels/0/markers/1/source 36
2025.05.12 19:13:48.525   set /dev12195/qachannels/0/generator/auxtriggers/0/channel 8
2025.05.12 19:13:48.525   set /dev12195/qachannels/0/spectroscopy/envelope/delay 0
2025.05.12 19:13:48.525   set /dev12195/qachannels/0/spectroscopy/delay 3.08e-07
2025.05.12 19:13:48.527   set /dev12195/qachannels/0/mode 0
2025.05.12 19:13:48.527   set /dev12195/qachannels/0/spectroscopy/trigger/channel 36
2025.05.12 19:13:48.527   set /dev12195/qachannels/0/spectroscopy/length 6000
2025.05.12 19:13:48.527   set /dev12195/qachannels/0/readout/result/enable 0
2025.05.12 19:13:48.527   set /dev12195/qachannels/0/spectroscopy/result/length 201
2025.05.12 19:13:48.527   set /dev12195/qachannels/0/spectroscopy/result/averages 256
2025.05.12 19:13:48.527   set /dev12195/qachannels/0/spectroscopy/result/mode 0
2025.05.12 19:13:48.528   set /dev12195/qachannels/0/spectroscopy/psd/enable 0
2025.05.12 19:13:48.528   set /dev12195/qachannels/0/spectroscopy/result/enable 0
2025.05.12 19:13:48.528   set /dev12195/qachannels/0/spectroscopy/result/enable 1
2025.05.12 19:13:48.528   set /dev12195/scopes/0/enable 0
2025.05.12 19:13:48.528   set /dev12195/qachannels/0/generator/elf/data vector (4260 B)
2025.05.12 19:13:48.528   set /dev12195/qachannels/0/spectroscopy/envelope/wave vector (32000 B)
2025.05.12 19:13:48.528   set /dev12195/qachannels/0/spectroscopy/envelope/enable 1
2025.05.12 19:13:48.528   set /dev12195/qachannels/0/generator/enable 1
2025.05.12 19:13:48.528   set /dev12195/system/internaltrigger/enable 1
2025.05.12 19:13:48.530   set /dev12195/raw/system/awg/runtimechecks/enable 0
2025.05.12 19:13:48.530   set /dev12195/qachannels/0/readout/result/enable 0
2025.05.12 19:13:48.530   get /dev12195/raw/error/json/errors -
2025.05.12 19:13:48.532   get /dev12195/raw/error/json/errors -
2025.05.12 19:13:48.532   set /dev12195/qachannels/0/spectroscopy/envelope/enable 1
2025.05.12 19:13:49.729 Node log from the data server with id 'zi_server':
2025.05.12 19:13:49.729   set /dev12195/raw/error/clear 1
2025.05.12 19:13:49.729   set /dev12195/sgchannels/0/pipeliner/mode 0
2025.05.12 19:13:49.731   set /dev12195/sgchannels/1/pipeliner/mode 0
2025.05.12 19:13:49.731   set /dev12195/sgchannels/2/pipeliner/mode 0
2025.05.12 19:13:49.731   set /dev12195/sgchannels/3/pipeliner/mode 0
2025.05.12 19:13:49.731   set /dev12195/sgchannels/4/pipeliner/mode 0
2025.05.12 19:13:49.731   set /dev12195/sgchannels/5/pipeliner/mode 0
2025.05.12 19:13:49.731   set /dev12195/sgchannels/0/synchronization/enable 0
2025.05.12 19:13:49.731   set /dev12195/sgchannels/1/synchronization/enable 0
2025.05.12 19:13:49.731   set /dev12195/sgchannels/2/synchronization/enable 0
2025.05.12 19:13:49.731   set /dev12195/sgchannels/3/synchronization/enable 0
2025.05.12 19:13:49.731   set /dev12195/sgchannels/4/synchronization/enable 0
2025.05.12 19:13:49.731   set /dev12195/sgchannels/5/synchronization/enable 0
2025.05.12 19:13:49.731   set /dev12195/sgchannels/0/awg/enable 0
2025.05.12 19:13:49.731   set /dev12195/sgchannels/1/awg/enable 0
2025.05.12 19:13:49.731   set /dev12195/sgchannels/2/awg/enable 0
2025.05.12 19:13:49.733   set /dev12195/sgchannels/3/awg/enable 0
2025.05.12 19:13:49.733   set /dev12195/sgchannels/4/awg/enable 0
2025.05.12 19:13:49.733   set /dev12195/sgchannels/5/awg/enable 0
2025.05.12 19:13:49.735   set /dev12195/system/synchronization/source 0
2025.05.12 19:13:49.735   set /dev12195/system/internaltrigger/synchronization/enable 0
2025.05.12 19:13:49.735   set /dev12195/scopes/0/enable 0
2025.05.12 19:13:49.735   set /dev12195/qachannels/0/pipeliner/mode 0
2025.05.12 19:13:49.735   set /dev12195/qachannels/0/synchronization/enable 0
2025.05.12 19:13:49.735   set /dev12195/qachannels/0/generator/enable 0
2025.05.12 19:13:49.735   set /dev12195/qachannels/0/readout/result/enable 0
2025.05.12 19:13:49.735   set /dev12195/qachannels/0/spectroscopy/psd/enable 0
2025.05.12 19:13:49.735   set /dev12195/qachannels/0/spectroscopy/result/enable 0
2025.05.12 19:13:49.735   set /dev12195/qachannels/0/output/rflfinterlock 1
2025.05.12 19:13:49.735   set /dev12195/qachannels/0/oscs/0/gain 1
2025.05.12 19:13:49.735   set /dev12195/scopes/0/channels/0/enable 0
2025.05.12 19:13:49.737   set /dev12195/scopes/0/channels/1/enable 0
2025.05.12 19:13:49.737   set /dev12195/scopes/0/channels/2/enable 0
2025.05.12 19:13:49.737   set /dev12195/scopes/0/channels/3/enable 0
2025.05.12 19:13:49.741   get /dev12195/sgchannels/0/output/overrangecount -
2025.05.12 19:13:49.741   get /dev12195/sgchannels/1/output/overrangecount -
2025.05.12 19:13:49.741   get /dev12195/sgchannels/2/output/overrangecount -
2025.05.12 19:13:49.741   get /dev12195/sgchannels/3/output/overrangecount -
2025.05.12 19:13:49.741   get /dev12195/sgchannels/4/output/overrangecount -
2025.05.12 19:13:49.741   get /dev12195/sgchannels/5/output/overrangecount -
2025.05.12 19:13:49.741   get /dev12195/qachannels/0/output/overrangecount -
2025.05.12 19:13:49.741   get /dev12195/qachannels/0/input/overrangecount -
2025.05.12 19:13:49.741   set /dev12195/qachannels/0/output/on 1
2025.05.12 19:13:49.741   set /dev12195/qachannels/0/generator/single 1
2025.05.12 19:13:49.741   set /dev12195/qachannels/0/output/muting/enable 0
2025.05.12 19:13:49.743   set /dev12195/qachannels/0/input/rflfpath 1
2025.05.12 19:13:49.743   set /dev12195/qachannels/0/input/on 1
2025.05.12 19:13:49.743   set /dev12195/qachannels/0/oscs/0/freq 0
2025.05.12 19:13:49.743   set /dev12195/sgchannels/0/awg/auxtriggers/0/slope 1
2025.05.12 19:13:49.743   set /dev12195/sgchannels/0/awg/auxtriggers/0/channel 8
2025.05.12 19:13:49.743   set /dev12195/system/internaltrigger/enable 0
2025.05.12 19:13:49.743   set /dev12195/system/internaltrigger/repetitions 1
2025.05.12 19:13:49.743   set /dev12195/qachannels/0/markers/0/source 32
2025.05.12 19:13:49.743   set /dev12195/qachannels/0/markers/1/source 36
2025.05.12 19:13:49.745   set /dev12195/qachannels/0/generator/auxtriggers/0/channel 8
2025.05.12 19:13:49.745   set /dev12195/qachannels/0/spectroscopy/envelope/delay 0
2025.05.12 19:13:49.745   set /dev12195/qachannels/0/spectroscopy/delay 3.08e-07
2025.05.12 19:13:49.745   set /dev12195/qachannels/0/mode 0
2025.05.12 19:13:49.745   set /dev12195/qachannels/0/spectroscopy/trigger/channel 36
2025.05.12 19:13:49.745   set /dev12195/qachannels/0/spectroscopy/length 6000
2025.05.12 19:13:49.745   set /dev12195/qachannels/0/readout/result/enable 0
2025.05.12 19:13:49.745   set /dev12195/qachannels/0/spectroscopy/result/length 201
2025.05.12 19:13:49.745   set /dev12195/qachannels/0/spectroscopy/result/averages 256
2025.05.12 19:13:49.745   set /dev12195/qachannels/0/spectroscopy/result/mode 0
2025.05.12 19:13:49.745   set /dev12195/qachannels/0/spectroscopy/psd/enable 0
2025.05.12 19:13:49.745   set /dev12195/qachannels/0/spectroscopy/result/enable 0
2025.05.12 19:13:49.745   set /dev12195/qachannels/0/spectroscopy/result/enable 1
2025.05.12 19:13:49.745   set /dev12195/scopes/0/enable 0
2025.05.12 19:13:49.745   set /dev12195/qachannels/0/generator/elf/data vector (4260 B)
2025.05.12 19:13:49.745   set /dev12195/qachannels/0/spectroscopy/envelope/wave vector (32000 B)
2025.05.12 19:13:49.745   set /dev12195/qachannels/0/spectroscopy/envelope/enable 1
2025.05.12 19:13:49.747   set /dev12195/qachannels/0/generator/enable 1
2025.05.12 19:13:49.748   set /dev12195/system/internaltrigger/enable 1
2025.05.12 19:13:49.748   set /dev12195/raw/system/awg/runtimechecks/enable 0
2025.05.12 19:13:49.749   set /dev12195/qachannels/0/readout/result/enable 0
2025.05.12 19:13:49.749   get /dev12195/raw/error/json/errors -
2025.05.12 19:13:49.750   get /dev12195/raw/error/json/errors -
2025.05.12 19:13:49.750   set /dev12195/qachannels/0/spectroscopy/envelope/enable 1
2025.05.12 19:14:22.752 Node log from the data server with id 'zi_server':
2025.05.12 19:14:22.752   get /dev12195/raw/system/awg/runtimechecks/enable -
2025.05.12 19:14:22.752   get /dev12195/raw/system/awg/runtimechecks/enable -
2025.05.12 19:14:22.752   get /dev12195/system/clocks/referenceclock/in/freq -
2025.05.12 19:14:22.752   get /dev12195/system/clocks/referenceclock/in/sourceactual -
2025.05.12 19:14:22.752   get /dev12195/system/clocks/referenceclock/in/source -
2025.05.12 19:14:22.752   get /dev12195/system/clocks/referenceclock/in/status -
2025.05.12 19:14:22.754   get /dev12195/system/clocks/referenceclock/in/freq -
2025.05.12 19:14:22.754   get /dev12195/system/clocks/referenceclock/in/sourceactual -
2025.05.12 19:14:22.754   get /dev12195/system/clocks/referenceclock/in/source -
2025.05.12 19:14:22.754   get /dev12195/system/clocks/referenceclock/in/status -
2025.05.12 19:14:23.812 Node log from the data server with id 'zi_server':
2025.05.12 19:14:23.813   set /dev12195/raw/error/clear 1
2025.05.12 19:14:23.813   set /dev12195/sgchannels/0/pipeliner/mode 0
2025.05.12 19:14:23.813   set /dev12195/sgchannels/1/pipeliner/mode 0
2025.05.12 19:14:23.813   set /dev12195/sgchannels/2/pipeliner/mode 0
2025.05.12 19:14:23.813   set /dev12195/sgchannels/3/pipeliner/mode 0
2025.05.12 19:14:23.813   set /dev12195/sgchannels/4/pipeliner/mode 0
2025.05.12 19:14:23.813   set /dev12195/sgchannels/5/pipeliner/mode 0
2025.05.12 19:14:23.813   set /dev12195/sgchannels/0/synchronization/enable 0
2025.05.12 19:14:23.813   set /dev12195/sgchannels/1/synchronization/enable 0
2025.05.12 19:14:23.815   set /dev12195/sgchannels/2/synchronization/enable 0
2025.05.12 19:14:23.815   set /dev12195/sgchannels/3/synchronization/enable 0
2025.05.12 19:14:23.815   set /dev12195/sgchannels/4/synchronization/enable 0
2025.05.12 19:14:23.815   set /dev12195/sgchannels/5/synchronization/enable 0
2025.05.12 19:14:23.815   set /dev12195/sgchannels/0/awg/enable 0
2025.05.12 19:14:23.815   set /dev12195/sgchannels/1/awg/enable 0
2025.05.12 19:14:23.815   set /dev12195/sgchannels/2/awg/enable 0
2025.05.12 19:14:23.815   set /dev12195/sgchannels/3/awg/enable 0
2025.05.12 19:14:23.815   set /dev12195/sgchannels/4/awg/enable 0
2025.05.12 19:14:23.815   set /dev12195/sgchannels/5/awg/enable 0
2025.05.12 19:14:23.817   set /dev12195/system/synchronization/source 0
2025.05.12 19:14:23.817   set /dev12195/system/internaltrigger/synchronization/enable 0
2025.05.12 19:14:23.817   set /dev12195/scopes/0/enable 0
2025.05.12 19:14:23.817   set /dev12195/qachannels/0/pipeliner/mode 0
2025.05.12 19:14:23.817   set /dev12195/qachannels/0/synchronization/enable 0
2025.05.12 19:14:23.817   set /dev12195/qachannels/0/generator/enable 0
2025.05.12 19:14:23.817   set /dev12195/qachannels/0/readout/result/enable 0
2025.05.12 19:14:23.817   set /dev12195/qachannels/0/spectroscopy/psd/enable 0
2025.05.12 19:14:23.817   set /dev12195/qachannels/0/spectroscopy/result/enable 0
2025.05.12 19:14:23.817   set /dev12195/qachannels/0/output/rflfinterlock 1
2025.05.12 19:14:23.817   set /dev12195/qachannels/0/oscs/0/gain 1
2025.05.12 19:14:23.819   set /dev12195/scopes/0/channels/0/enable 0
2025.05.12 19:14:23.819   set /dev12195/scopes/0/channels/1/enable 0
2025.05.12 19:14:23.819   set /dev12195/scopes/0/channels/2/enable 0
2025.05.12 19:14:23.819   set /dev12195/scopes/0/channels/3/enable 0
2025.05.12 19:14:23.823   get /dev12195/sgchannels/0/output/overrangecount -
2025.05.12 19:14:23.823   get /dev12195/sgchannels/1/output/overrangecount -
2025.05.12 19:14:23.823   get /dev12195/sgchannels/2/output/overrangecount -
2025.05.12 19:14:23.823   get /dev12195/sgchannels/3/output/overrangecount -
2025.05.12 19:14:23.823   get /dev12195/sgchannels/4/output/overrangecount -
2025.05.12 19:14:23.823   get /dev12195/sgchannels/5/output/overrangecount -
2025.05.12 19:14:23.823   get /dev12195/qachannels/0/output/overrangecount -
2025.05.12 19:14:23.823   get /dev12195/qachannels/0/input/overrangecount -
2025.05.12 19:14:23.823   set /dev12195/qachannels/0/output/on 1
2025.05.12 19:14:23.823   set /dev12195/qachannels/0/generator/single 1
2025.05.12 19:14:23.823   set /dev12195/qachannels/0/output/muting/enable 0
2025.05.12 19:14:23.823   set /dev12195/qachannels/0/input/rflfpath 1
2025.05.12 19:14:23.823   set /dev12195/qachannels/0/input/on 1
2025.05.12 19:14:23.823   set /dev12195/qachannels/0/oscs/0/freq 0
2025.05.12 19:14:23.825   set /dev12195/sgchannels/0/awg/auxtriggers/0/slope 1
2025.05.12 19:14:23.825   set /dev12195/sgchannels/0/awg/auxtriggers/0/channel 8
2025.05.12 19:14:23.825   set /dev12195/system/internaltrigger/enable 0
2025.05.12 19:14:23.825   set /dev12195/system/internaltrigger/repetitions 1
2025.05.12 19:14:23.825   set /dev12195/qachannels/0/markers/0/source 32
2025.05.12 19:14:23.825   set /dev12195/qachannels/0/markers/1/source 36
2025.05.12 19:14:23.825   set /dev12195/qachannels/0/generator/auxtriggers/0/channel 8
2025.05.12 19:14:23.825   set /dev12195/qachannels/0/spectroscopy/envelope/delay 0
2025.05.12 19:14:23.825   set /dev12195/qachannels/0/spectroscopy/delay 3.08e-07
2025.05.12 19:14:23.825   set /dev12195/qachannels/0/mode 0
2025.05.12 19:14:23.825   set /dev12195/qachannels/0/spectroscopy/trigger/channel 36
2025.05.12 19:14:23.825   set /dev12195/qachannels/0/spectroscopy/length 6000
2025.05.12 19:14:23.825   set /dev12195/qachannels/0/readout/result/enable 0
2025.05.12 19:14:23.825   set /dev12195/qachannels/0/spectroscopy/result/length 201
2025.05.12 19:14:23.827   set /dev12195/qachannels/0/spectroscopy/result/averages 256
2025.05.12 19:14:23.827   set /dev12195/qachannels/0/spectroscopy/result/mode 0
2025.05.12 19:14:23.827   set /dev12195/qachannels/0/spectroscopy/psd/enable 0
2025.05.12 19:14:23.827   set /dev12195/qachannels/0/spectroscopy/result/enable 0
2025.05.12 19:14:23.827   set /dev12195/qachannels/0/spectroscopy/result/enable 1
2025.05.12 19:14:23.827   set /dev12195/scopes/0/enable 0
2025.05.12 19:14:23.827   set /dev12195/qachannels/0/generator/elf/data vector (4260 B)
2025.05.12 19:14:23.827   set /dev12195/qachannels/0/spectroscopy/envelope/wave vector (32000 B)
2025.05.12 19:14:23.827   set /dev12195/qachannels/0/spectroscopy/envelope/enable 1
2025.05.12 19:14:23.827   set /dev12195/qachannels/0/generator/enable 1
2025.05.12 19:14:23.829   set /dev12195/system/internaltrigger/enable 1
2025.05.12 19:14:23.829   set /dev12195/raw/system/awg/runtimechecks/enable 0
2025.05.12 19:14:23.829   set /dev12195/qachannels/0/readout/result/enable 0
2025.05.12 19:14:23.831   get /dev12195/raw/error/json/errors -
2025.05.12 19:14:23.831   get /dev12195/raw/error/json/errors -
2025.05.12 19:14:23.831   set /dev12195/qachannels/0/spectroscopy/envelope/enable 1
2025.05.12 19:24:59.912 Node log from the data server with id 'zi_server':
2025.05.12 19:24:59.912   get /dev12195/raw/system/awg/runtimechecks/enable -
2025.05.12 19:24:59.912   get /dev12195/raw/system/awg/runtimechecks/enable -
2025.05.12 19:24:59.912   get /dev12195/system/clocks/referenceclock/in/freq -
2025.05.12 19:24:59.912   get /dev12195/system/clocks/referenceclock/in/sourceactual -
2025.05.12 19:24:59.912   get /dev12195/system/clocks/referenceclock/in/source -
2025.05.12 19:24:59.912   get /dev12195/system/clocks/referenceclock/in/status -
2025.05.12 19:24:59.912   get /dev12195/system/clocks/referenceclock/in/freq -
2025.05.12 19:24:59.912   get /dev12195/system/clocks/referenceclock/in/sourceactual -
2025.05.12 19:24:59.912   get /dev12195/system/clocks/referenceclock/in/source -
2025.05.12 19:24:59.912   get /dev12195/system/clocks/referenceclock/in/status -
2025.05.12 19:25:01.245 Node log from the data server with id 'zi_server':
2025.05.12 19:25:01.245   set /dev12195/raw/error/clear 1
2025.05.12 19:25:01.245   set /dev12195/sgchannels/0/pipeliner/mode 0
2025.05.12 19:25:01.245   set /dev12195/sgchannels/1/pipeliner/mode 0
2025.05.12 19:25:01.247   set /dev12195/sgchannels/2/pipeliner/mode 0
2025.05.12 19:25:01.247   set /dev12195/sgchannels/3/pipeliner/mode 0
2025.05.12 19:25:01.247   set /dev12195/sgchannels/4/pipeliner/mode 0
2025.05.12 19:25:01.247   set /dev12195/sgchannels/5/pipeliner/mode 0
2025.05.12 19:25:01.247   set /dev12195/sgchannels/0/synchronization/enable 0
2025.05.12 19:25:01.247   set /dev12195/sgchannels/1/synchronization/enable 0
2025.05.12 19:25:01.247   set /dev12195/sgchannels/2/synchronization/enable 0
2025.05.12 19:25:01.247   set /dev12195/sgchannels/3/synchronization/enable 0
2025.05.12 19:25:01.247   set /dev12195/sgchannels/4/synchronization/enable 0
2025.05.12 19:25:01.247   set /dev12195/sgchannels/5/synchronization/enable 0
2025.05.12 19:25:01.247   set /dev12195/sgchannels/0/awg/enable 0
2025.05.12 19:25:01.247   set /dev12195/sgchannels/1/awg/enable 0
2025.05.12 19:25:01.247   set /dev12195/sgchannels/2/awg/enable 0
2025.05.12 19:25:01.247   set /dev12195/sgchannels/3/awg/enable 0
2025.05.12 19:25:01.249   set /dev12195/sgchannels/4/awg/enable 0
2025.05.12 19:25:01.249   set /dev12195/sgchannels/5/awg/enable 0
2025.05.12 19:25:01.249   set /dev12195/system/synchronization/source 0
2025.05.12 19:25:01.249   set /dev12195/system/internaltrigger/synchronization/enable 0
2025.05.12 19:25:01.249   set /dev12195/scopes/0/enable 0
2025.05.12 19:25:01.249   set /dev12195/qachannels/0/pipeliner/mode 0
2025.05.12 19:25:01.249   set /dev12195/qachannels/0/synchronization/enable 0
2025.05.12 19:25:01.251   set /dev12195/qachannels/0/generator/enable 0
2025.05.12 19:25:01.251   set /dev12195/qachannels/0/readout/result/enable 0
2025.05.12 19:25:01.251   set /dev12195/qachannels/0/spectroscopy/psd/enable 0
2025.05.12 19:25:01.251   set /dev12195/qachannels/0/spectroscopy/result/enable 0
2025.05.12 19:25:01.251   set /dev12195/qachannels/0/output/rflfinterlock 1
2025.05.12 19:25:01.251   set /dev12195/qachannels/0/oscs/0/gain 1
2025.05.12 19:25:01.251   set /dev12195/scopes/0/channels/0/enable 0
2025.05.12 19:25:01.251   set /dev12195/scopes/0/channels/1/enable 0
2025.05.12 19:25:01.251   set /dev12195/scopes/0/channels/2/enable 0
2025.05.12 19:25:01.251   set /dev12195/scopes/0/channels/3/enable 0
2025.05.12 19:25:01.255   get /dev12195/sgchannels/0/output/overrangecount -
2025.05.12 19:25:01.255   get /dev12195/sgchannels/1/output/overrangecount -
2025.05.12 19:25:01.255   get /dev12195/sgchannels/2/output/overrangecount -
2025.05.12 19:25:01.255   get /dev12195/sgchannels/3/output/overrangecount -
2025.05.12 19:25:01.255   get /dev12195/sgchannels/4/output/overrangecount -
2025.05.12 19:25:01.255   get /dev12195/sgchannels/5/output/overrangecount -
2025.05.12 19:25:01.255   get /dev12195/qachannels/0/output/overrangecount -
2025.05.12 19:25:01.257   get /dev12195/qachannels/0/input/overrangecount -
2025.05.12 19:25:01.257   set /dev12195/qachannels/0/output/on 1
2025.05.12 19:25:01.257   set /dev12195/qachannels/0/generator/single 1
2025.05.12 19:25:01.257   set /dev12195/qachannels/0/output/muting/enable 0
2025.05.12 19:25:01.257   set /dev12195/qachannels/0/input/rflfpath 1
2025.05.12 19:25:01.257   set /dev12195/qachannels/0/input/on 1
2025.05.12 19:25:01.257   set /dev12195/qachannels/0/oscs/0/freq 0
2025.05.12 19:25:01.258   set /dev12195/sgchannels/0/awg/auxtriggers/0/slope 1
2025.05.12 19:25:01.258   set /dev12195/sgchannels/0/awg/auxtriggers/0/channel 8
2025.05.12 19:25:01.258   set /dev12195/system/internaltrigger/enable 0
2025.05.12 19:25:01.258   set /dev12195/system/internaltrigger/repetitions 1
2025.05.12 19:25:01.258   set /dev12195/qachannels/0/markers/0/source 32
2025.05.12 19:25:01.258   set /dev12195/qachannels/0/markers/1/source 36
2025.05.12 19:25:01.258   set /dev12195/qachannels/0/generator/auxtriggers/0/channel 8
2025.05.12 19:25:01.258   set /dev12195/qachannels/0/spectroscopy/envelope/delay 0
2025.05.12 19:25:01.258   set /dev12195/qachannels/0/spectroscopy/delay 3.08e-07
2025.05.12 19:25:01.258   set /dev12195/qachannels/0/mode 0
2025.05.12 19:25:01.258   set /dev12195/qachannels/0/spectroscopy/trigger/channel 36
2025.05.12 19:25:01.258   set /dev12195/qachannels/0/spectroscopy/length 6000
2025.05.12 19:25:01.258   set /dev12195/qachannels/0/readout/result/enable 0
2025.05.12 19:25:01.258   set /dev12195/qachannels/0/spectroscopy/result/length 201
2025.05.12 19:25:01.258   set /dev12195/qachannels/0/spectroscopy/result/averages 256
2025.05.12 19:25:01.258   set /dev12195/qachannels/0/spectroscopy/result/mode 0
2025.05.12 19:25:01.258   set /dev12195/qachannels/0/spectroscopy/psd/enable 0
2025.05.12 19:25:01.258   set /dev12195/qachannels/0/spectroscopy/result/enable 0
2025.05.12 19:25:01.258   set /dev12195/qachannels/0/spectroscopy/result/enable 1
2025.05.12 19:25:01.261   set /dev12195/scopes/0/enable 0
2025.05.12 19:25:01.261   set /dev12195/qachannels/0/generator/elf/data vector (4260 B)
2025.05.12 19:25:01.261   set /dev12195/qachannels/0/spectroscopy/envelope/wave vector (32000 B)
2025.05.12 19:25:01.261   set /dev12195/qachannels/0/spectroscopy/envelope/enable 1
2025.05.12 19:25:01.261   set /dev12195/qachannels/0/generator/enable 1
2025.05.12 19:25:01.261   set /dev12195/system/internaltrigger/enable 1
2025.05.12 19:25:01.263   set /dev12195/raw/system/awg/runtimechecks/enable 0
2025.05.12 19:25:01.263   set /dev12195/qachannels/0/readout/result/enable 0
2025.05.12 19:25:01.263   get /dev12195/raw/error/json/errors -
2025.05.12 19:25:01.263   get /dev12195/raw/error/json/errors -
2025.05.12 19:25:01.263   set /dev12195/qachannels/0/spectroscopy/envelope/enable 1
2025.05.12 19:25:03.214 Node log from the data server with id 'zi_server':
2025.05.12 19:25:03.214   set /dev12195/raw/error/clear 1
2025.05.12 19:25:03.214   set /dev12195/sgchannels/0/pipeliner/mode 0
2025.05.12 19:25:03.214   set /dev12195/sgchannels/1/pipeliner/mode 0
2025.05.12 19:25:03.214   set /dev12195/sgchannels/2/pipeliner/mode 0
2025.05.12 19:25:03.214   set /dev12195/sgchannels/3/pipeliner/mode 0
2025.05.12 19:25:03.216   set /dev12195/sgchannels/4/pipeliner/mode 0
2025.05.12 19:25:03.216   set /dev12195/sgchannels/5/pipeliner/mode 0
2025.05.12 19:25:03.216   set /dev12195/sgchannels/0/synchronization/enable 0
2025.05.12 19:25:03.216   set /dev12195/sgchannels/1/synchronization/enable 0
2025.05.12 19:25:03.216   set /dev12195/sgchannels/2/synchronization/enable 0
2025.05.12 19:25:03.216   set /dev12195/sgchannels/3/synchronization/enable 0
2025.05.12 19:25:03.216   set /dev12195/sgchannels/4/synchronization/enable 0
2025.05.12 19:25:03.216   set /dev12195/sgchannels/5/synchronization/enable 0
2025.05.12 19:25:03.216   set /dev12195/sgchannels/0/awg/enable 0
2025.05.12 19:25:03.216   set /dev12195/sgchannels/1/awg/enable 0
2025.05.12 19:25:03.216   set /dev12195/sgchannels/2/awg/enable 0
2025.05.12 19:25:03.216   set /dev12195/sgchannels/3/awg/enable 0
2025.05.12 19:25:03.216   set /dev12195/sgchannels/4/awg/enable 0
2025.05.12 19:25:03.218   set /dev12195/sgchannels/5/awg/enable 0
2025.05.12 19:25:03.218   set /dev12195/system/synchronization/source 0
2025.05.12 19:25:03.218   set /dev12195/system/internaltrigger/synchronization/enable 0
2025.05.12 19:25:03.218   set /dev12195/scopes/0/enable 0
2025.05.12 19:25:03.218   set /dev12195/qachannels/0/pipeliner/mode 0
2025.05.12 19:25:03.218   set /dev12195/qachannels/0/synchronization/enable 0
2025.05.12 19:25:03.218   set /dev12195/qachannels/0/generator/enable 0
2025.05.12 19:25:03.218   set /dev12195/qachannels/0/readout/result/enable 0
2025.05.12 19:25:03.220   set /dev12195/qachannels/0/spectroscopy/psd/enable 0
2025.05.12 19:25:03.220   set /dev12195/qachannels/0/spectroscopy/result/enable 0
2025.05.12 19:25:03.220   set /dev12195/qachannels/0/output/rflfinterlock 1
2025.05.12 19:25:03.220   set /dev12195/qachannels/0/oscs/0/gain 1
2025.05.12 19:25:03.220   set /dev12195/scopes/0/channels/0/enable 0
2025.05.12 19:25:03.220   set /dev12195/scopes/0/channels/1/enable 0
2025.05.12 19:25:03.220   set /dev12195/scopes/0/channels/2/enable 0
2025.05.12 19:25:03.220   set /dev12195/scopes/0/channels/3/enable 0
2025.05.12 19:25:03.224   get /dev12195/sgchannels/0/output/overrangecount -
2025.05.12 19:25:03.224   get /dev12195/sgchannels/1/output/overrangecount -
2025.05.12 19:25:03.224   get /dev12195/sgchannels/2/output/overrangecount -
2025.05.12 19:25:03.224   get /dev12195/sgchannels/3/output/overrangecount -
2025.05.12 19:25:03.224   get /dev12195/sgchannels/4/output/overrangecount -
2025.05.12 19:25:03.224   get /dev12195/sgchannels/5/output/overrangecount -
2025.05.12 19:25:03.224   get /dev12195/qachannels/0/output/overrangecount -
2025.05.12 19:25:03.224   get /dev12195/qachannels/0/input/overrangecount -
2025.05.12 19:25:03.226   set /dev12195/qachannels/0/output/on 1
2025.05.12 19:25:03.226   set /dev12195/qachannels/0/generator/single 1
2025.05.12 19:25:03.226   set /dev12195/qachannels/0/output/muting/enable 0
2025.05.12 19:25:03.226   set /dev12195/qachannels/0/input/rflfpath 1
2025.05.12 19:25:03.226   set /dev12195/qachannels/0/input/on 1
2025.05.12 19:25:03.226   set /dev12195/qachannels/0/oscs/0/freq 0
2025.05.12 19:25:03.226   set /dev12195/sgchannels/0/awg/auxtriggers/0/slope 1
2025.05.12 19:25:03.226   set /dev12195/sgchannels/0/awg/auxtriggers/0/channel 8
2025.05.12 19:25:03.226   set /dev12195/system/internaltrigger/enable 0
2025.05.12 19:25:03.226   set /dev12195/system/internaltrigger/repetitions 1
2025.05.12 19:25:03.226   set /dev12195/qachannels/0/markers/0/source 32
2025.05.12 19:25:03.226   set /dev12195/qachannels/0/markers/1/source 36
2025.05.12 19:25:03.228   set /dev12195/qachannels/0/generator/auxtriggers/0/channel 8
2025.05.12 19:25:03.228   set /dev12195/qachannels/0/spectroscopy/envelope/delay 0
2025.05.12 19:25:03.228   set /dev12195/qachannels/0/spectroscopy/delay 3.08e-07
2025.05.12 19:25:03.228   set /dev12195/qachannels/0/mode 0
2025.05.12 19:25:03.228   set /dev12195/qachannels/0/spectroscopy/trigger/channel 36
2025.05.12 19:25:03.228   set /dev12195/qachannels/0/spectroscopy/length 6000
2025.05.12 19:25:03.228   set /dev12195/qachannels/0/readout/result/enable 0
2025.05.12 19:25:03.228   set /dev12195/qachannels/0/spectroscopy/result/length 201
2025.05.12 19:25:03.228   set /dev12195/qachannels/0/spectroscopy/result/averages 256
2025.05.12 19:25:03.228   set /dev12195/qachannels/0/spectroscopy/result/mode 0
2025.05.12 19:25:03.228   set /dev12195/qachannels/0/spectroscopy/psd/enable 0
2025.05.12 19:25:03.228   set /dev12195/qachannels/0/spectroscopy/result/enable 0
2025.05.12 19:25:03.229   set /dev12195/qachannels/0/spectroscopy/result/enable 1
2025.05.12 19:25:03.229   set /dev12195/scopes/0/enable 0
2025.05.12 19:25:03.229   set /dev12195/qachannels/0/generator/elf/data vector (4260 B)
2025.05.12 19:25:03.229   set /dev12195/qachannels/0/spectroscopy/envelope/wave vector (32000 B)
2025.05.12 19:25:03.229   set /dev12195/qachannels/0/spectroscopy/envelope/enable 1
2025.05.12 19:25:03.229   set /dev12195/qachannels/0/generator/enable 1
2025.05.12 19:25:03.229   set /dev12195/system/internaltrigger/enable 1
2025.05.12 19:25:03.231   set /dev12195/raw/system/awg/runtimechecks/enable 0
2025.05.12 19:25:03.231   set /dev12195/qachannels/0/readout/result/enable 0
2025.05.12 19:25:03.231   get /dev12195/raw/error/json/errors -
2025.05.12 19:25:03.233   get /dev12195/raw/error/json/errors -
2025.05.12 19:25:03.233   set /dev12195/qachannels/0/spectroscopy/envelope/enable 1
2025.05.12 20:00:01.150 Node log from the data server with id 'zi_server':
2025.05.12 20:00:01.151   get /dev12195/raw/system/awg/runtimechecks/enable -
2025.05.12 20:00:01.151   get /dev12195/raw/system/awg/runtimechecks/enable -
2025.05.12 20:00:01.151   get /dev12195/system/clocks/referenceclock/in/freq -
2025.05.12 20:00:01.151   get /dev12195/system/clocks/referenceclock/in/sourceactual -
2025.05.12 20:00:01.151   get /dev12195/system/clocks/referenceclock/in/source -
2025.05.12 20:00:01.151   get /dev12195/system/clocks/referenceclock/in/status -
2025.05.12 20:00:01.152   get /dev12195/system/clocks/referenceclock/in/freq -
2025.05.12 20:00:01.152   get /dev12195/system/clocks/referenceclock/in/sourceactual -
2025.05.12 20:00:01.152   get /dev12195/system/clocks/referenceclock/in/source -
2025.05.12 20:00:01.152   get /dev12195/system/clocks/referenceclock/in/status -
2025.05.12 20:00:03.810 Node log from the data server with id 'zi_server':
2025.05.12 20:00:03.811   set /dev12195/raw/error/clear 1
2025.05.12 20:00:03.811   set /dev12195/sgchannels/0/pipeliner/mode 0
2025.05.12 20:00:03.812   set /dev12195/sgchannels/1/pipeliner/mode 0
2025.05.12 20:00:03.812   set /dev12195/sgchannels/2/pipeliner/mode 0
2025.05.12 20:00:03.812   set /dev12195/sgchannels/3/pipeliner/mode 0
2025.05.12 20:00:03.812   set /dev12195/sgchannels/4/pipeliner/mode 0
2025.05.12 20:00:03.812   set /dev12195/sgchannels/5/pipeliner/mode 0
2025.05.12 20:00:03.812   set /dev12195/sgchannels/0/synchronization/enable 0
2025.05.12 20:00:03.812   set /dev12195/sgchannels/1/synchronization/enable 0
2025.05.12 20:00:03.813   set /dev12195/sgchannels/2/synchronization/enable 0
2025.05.12 20:00:03.813   set /dev12195/sgchannels/3/synchronization/enable 0
2025.05.12 20:00:03.813   set /dev12195/sgchannels/4/synchronization/enable 0
2025.05.12 20:00:03.813   set /dev12195/sgchannels/5/synchronization/enable 0
2025.05.12 20:00:03.813   set /dev12195/sgchannels/0/awg/enable 0
2025.05.12 20:00:03.813   set /dev12195/sgchannels/1/awg/enable 0
2025.05.12 20:00:03.813   set /dev12195/sgchannels/2/awg/enable 0
2025.05.12 20:00:03.814   set /dev12195/sgchannels/3/awg/enable 0
2025.05.12 20:00:03.814   set /dev12195/sgchannels/4/awg/enable 0
2025.05.12 20:00:03.814   set /dev12195/sgchannels/5/awg/enable 0
2025.05.12 20:00:03.815   set /dev12195/system/synchronization/source 0
2025.05.12 20:00:03.815   set /dev12195/system/internaltrigger/synchronization/enable 0
2025.05.12 20:00:03.815   set /dev12195/scopes/0/enable 0
2025.05.12 20:00:03.815   set /dev12195/qachannels/0/pipeliner/mode 0
2025.05.12 20:00:03.815   set /dev12195/qachannels/0/synchronization/enable 0
2025.05.12 20:00:03.816   set /dev12195/qachannels/0/generator/enable 0
2025.05.12 20:00:03.816   set /dev12195/qachannels/0/readout/result/enable 0
2025.05.12 20:00:03.816   set /dev12195/qachannels/0/spectroscopy/psd/enable 0
2025.05.12 20:00:03.816   set /dev12195/qachannels/0/spectroscopy/result/enable 0
2025.05.12 20:00:03.816   set /dev12195/qachannels/0/output/rflfinterlock 1
2025.05.12 20:00:03.816   set /dev12195/qachannels/0/oscs/0/gain 1
2025.05.12 20:00:03.817   set /dev12195/scopes/0/channels/0/enable 0
2025.05.12 20:00:03.817   set /dev12195/scopes/0/channels/1/enable 0
2025.05.12 20:00:03.817   set /dev12195/scopes/0/channels/2/enable 0
2025.05.12 20:00:03.817   set /dev12195/scopes/0/channels/3/enable 0
2025.05.12 20:00:03.821   get /dev12195/sgchannels/0/output/overrangecount -
2025.05.12 20:00:03.821   get /dev12195/sgchannels/1/output/overrangecount -
2025.05.12 20:00:03.821   get /dev12195/sgchannels/2/output/overrangecount -
2025.05.12 20:00:03.821   get /dev12195/sgchannels/3/output/overrangecount -
2025.05.12 20:00:03.821   get /dev12195/sgchannels/4/output/overrangecount -
2025.05.12 20:00:03.821   get /dev12195/sgchannels/5/output/overrangecount -
2025.05.12 20:00:03.821   get /dev12195/qachannels/0/output/overrangecount -
2025.05.12 20:00:03.822   get /dev12195/qachannels/0/input/overrangecount -
2025.05.12 20:00:03.822   set /dev12195/qachannels/0/output/on 1
2025.05.12 20:00:03.822   set /dev12195/qachannels/0/generator/single 1
2025.05.12 20:00:03.822   set /dev12195/qachannels/0/output/muting/enable 0
2025.05.12 20:00:03.822   set /dev12195/qachannels/0/input/rflfpath 1
2025.05.12 20:00:03.822   set /dev12195/qachannels/0/input/on 1
2025.05.12 20:00:03.822   set /dev12195/qachannels/0/oscs/0/freq 0
2025.05.12 20:00:03.823   set /dev12195/sgchannels/0/awg/auxtriggers/0/slope 1
2025.05.12 20:00:03.823   set /dev12195/sgchannels/0/awg/auxtriggers/0/channel 8
2025.05.12 20:00:03.823   set /dev12195/system/internaltrigger/enable 0
2025.05.12 20:00:03.823   set /dev12195/system/internaltrigger/repetitions 1
2025.05.12 20:00:03.823   set /dev12195/qachannels/0/markers/0/source 32
2025.05.12 20:00:03.823   set /dev12195/qachannels/0/markers/1/source 36
2025.05.12 20:00:03.823   set /dev12195/qachannels/0/generator/auxtriggers/0/channel 8
2025.05.12 20:00:03.824   set /dev12195/qachannels/0/centerfreq 6.2e+09
2025.05.12 20:00:03.824   set /dev12195/qachannels/0/spectroscopy/envelope/delay 0
2025.05.12 20:00:03.824   set /dev12195/qachannels/0/spectroscopy/delay 2.2e-07
2025.05.12 20:00:03.824   set /dev12195/qachannels/0/mode 0
2025.05.12 20:00:03.824   set /dev12195/qachannels/0/spectroscopy/trigger/channel 36
2025.05.12 20:00:03.824   set /dev12195/qachannels/0/spectroscopy/length 4000
2025.05.12 20:00:03.824   set /dev12195/qachannels/0/readout/result/enable 0
2025.05.12 20:00:03.825   set /dev12195/qachannels/0/spectroscopy/result/length 500
2025.05.12 20:00:03.825   set /dev12195/qachannels/0/spectroscopy/result/averages 256
2025.05.12 20:00:03.825   set /dev12195/qachannels/0/spectroscopy/result/mode 0
2025.05.12 20:00:03.825   set /dev12195/qachannels/0/spectroscopy/psd/enable 0
2025.05.12 20:00:03.825   set /dev12195/qachannels/0/spectroscopy/result/enable 0
2025.05.12 20:00:03.825   set /dev12195/qachannels/0/spectroscopy/result/enable 1
2025.05.12 20:00:03.825   set /dev12195/scopes/0/enable 0
2025.05.12 20:00:03.826   set /dev12195/qachannels/0/generator/elf/data vector (4192 B)
2025.05.12 20:00:03.826   set /dev12195/qachannels/0/spectroscopy/envelope/wave vector (32000 B)
2025.05.12 20:00:03.826   set /dev12195/qachannels/0/spectroscopy/envelope/enable 1
2025.05.12 20:00:03.827   set /dev12195/qachannels/0/generator/enable 1
2025.05.12 20:00:03.827   set /dev12195/system/internaltrigger/enable 1
2025.05.12 20:00:03.829   set /dev12195/raw/system/awg/runtimechecks/enable 0
2025.05.12 20:00:03.829   set /dev12195/qachannels/0/readout/result/enable 0
2025.05.12 20:00:03.829   get /dev12195/raw/error/json/errors -
2025.05.12 20:00:03.830   get /dev12195/raw/error/json/errors -
2025.05.12 20:00:03.830   set /dev12195/sgchannels/0/awg/auxtriggers/0/slope 1
2025.05.12 20:00:03.830   set /dev12195/sgchannels/0/awg/auxtriggers/0/channel 8
2025.05.12 20:00:03.830   set /dev12195/system/internaltrigger/enable 0
2025.05.12 20:00:03.830   set /dev12195/system/internaltrigger/repetitions 1
2025.05.12 20:00:03.831   set /dev12195/qachannels/0/markers/0/source 32
2025.05.12 20:00:03.831   set /dev12195/qachannels/0/markers/1/source 36
2025.05.12 20:00:03.831   set /dev12195/qachannels/0/generator/auxtriggers/0/channel 8
2025.05.12 20:00:03.831   set /dev12195/qachannels/0/centerfreq 7.2e+09
2025.05.12 20:00:03.831   set /dev12195/qachannels/0/mode 0
2025.05.12 20:00:03.831   set /dev12195/qachannels/0/spectroscopy/trigger/channel 36
2025.05.12 20:00:03.831   set /dev12195/qachannels/0/spectroscopy/length 4000
2025.05.12 20:00:03.832   set /dev12195/qachannels/0/readout/result/enable 0
2025.05.12 20:00:03.832   set /dev12195/qachannels/0/spectroscopy/result/length 500
2025.05.12 20:00:03.832   set /dev12195/qachannels/0/spectroscopy/result/averages 256
2025.05.12 20:00:03.833   set /dev12195/qachannels/0/spectroscopy/result/mode 0
2025.05.12 20:00:03.833   set /dev12195/qachannels/0/spectroscopy/psd/enable 0
2025.05.12 20:00:03.833   set /dev12195/qachannels/0/spectroscopy/result/enable 0
2025.05.12 20:00:03.833   set /dev12195/qachannels/0/spectroscopy/result/enable 1
2025.05.12 20:00:03.833   set /dev12195/scopes/0/enable 0
2025.05.12 20:00:03.833   set /dev12195/qachannels/0/generator/enable 1
2025.05.12 20:00:03.834   set /dev12195/system/internaltrigger/enable 1
2025.05.12 20:00:03.835   set /dev12195/raw/system/awg/runtimechecks/enable 0
2025.05.12 20:00:03.836   set /dev12195/qachannels/0/readout/result/enable 0
2025.05.12 20:00:03.836   get /dev12195/raw/error/json/errors -
2025.05.12 20:00:03.836   get /dev12195/raw/error/json/errors -
2025.05.12 20:00:03.837   set /dev12195/qachannels/0/spectroscopy/envelope/enable 1
2025.05.12 20:00:04.420 Node log from the data server with id 'zi_server':
2025.05.12 20:00:04.421   get /dev12195/raw/system/awg/runtimechecks/enable -
2025.05.12 20:00:04.421   get /dev12195/raw/system/awg/runtimechecks/enable -
2025.05.12 20:00:04.421   get /dev12195/system/clocks/referenceclock/in/freq -
2025.05.12 20:00:04.421   get /dev12195/system/clocks/referenceclock/in/sourceactual -
2025.05.12 20:00:04.421   get /dev12195/system/clocks/referenceclock/in/source -
2025.05.12 20:00:04.421   get /dev12195/system/clocks/referenceclock/in/status -
2025.05.12 20:00:04.421   get /dev12195/system/clocks/referenceclock/in/freq -
2025.05.12 20:00:04.421   get /dev12195/system/clocks/referenceclock/in/sourceactual -
2025.05.12 20:00:04.421   get /dev12195/system/clocks/referenceclock/in/source -
2025.05.12 20:00:04.421   get /dev12195/system/clocks/referenceclock/in/status -
2025.05.12 20:00:07.000 Node log from the data server with id 'zi_server':
2025.05.12 20:00:07.002   set /dev12195/raw/error/clear 1
2025.05.12 20:00:07.002   set /dev12195/sgchannels/0/pipeliner/mode 0
2025.05.12 20:00:07.002   set /dev12195/sgchannels/1/pipeliner/mode 0
2025.05.12 20:00:07.002   set /dev12195/sgchannels/2/pipeliner/mode 0
2025.05.12 20:00:07.002   set /dev12195/sgchannels/3/pipeliner/mode 0
2025.05.12 20:00:07.002   set /dev12195/sgchannels/4/pipeliner/mode 0
2025.05.12 20:00:07.002   set /dev12195/sgchannels/5/pipeliner/mode 0
2025.05.12 20:00:07.002   set /dev12195/sgchannels/0/synchronization/enable 0
2025.05.12 20:00:07.002   set /dev12195/sgchannels/1/synchronization/enable 0
2025.05.12 20:00:07.002   set /dev12195/sgchannels/2/synchronization/enable 0
2025.05.12 20:00:07.002   set /dev12195/sgchannels/3/synchronization/enable 0
2025.05.12 20:00:07.002   set /dev12195/sgchannels/4/synchronization/enable 0
2025.05.12 20:00:07.002   set /dev12195/sgchannels/5/synchronization/enable 0
2025.05.12 20:00:07.004   set /dev12195/sgchannels/0/awg/enable 0
2025.05.12 20:00:07.004   set /dev12195/sgchannels/1/awg/enable 0
2025.05.12 20:00:07.004   set /dev12195/sgchannels/2/awg/enable 0
2025.05.12 20:00:07.004   set /dev12195/sgchannels/3/awg/enable 0
2025.05.12 20:00:07.004   set /dev12195/sgchannels/4/awg/enable 0
2025.05.12 20:00:07.004   set /dev12195/sgchannels/5/awg/enable 0
2025.05.12 20:00:07.004   set /dev12195/system/synchronization/source 0
2025.05.12 20:00:07.004   set /dev12195/system/internaltrigger/synchronization/enable 0
2025.05.12 20:00:07.006   set /dev12195/scopes/0/enable 0
2025.05.12 20:00:07.006   set /dev12195/qachannels/0/pipeliner/mode 0
2025.05.12 20:00:07.006   set /dev12195/qachannels/0/synchronization/enable 0
2025.05.12 20:00:07.006   set /dev12195/qachannels/0/generator/enable 0
2025.05.12 20:00:07.006   set /dev12195/qachannels/0/readout/result/enable 0
2025.05.12 20:00:07.006   set /dev12195/qachannels/0/spectroscopy/psd/enable 0
2025.05.12 20:00:07.006   set /dev12195/qachannels/0/spectroscopy/result/enable 0
2025.05.12 20:00:07.006   set /dev12195/qachannels/0/output/rflfinterlock 1
2025.05.12 20:00:07.006   set /dev12195/qachannels/0/oscs/0/gain 1
2025.05.12 20:00:07.006   set /dev12195/scopes/0/channels/0/enable 0
2025.05.12 20:00:07.006   set /dev12195/scopes/0/channels/1/enable 0
2025.05.12 20:00:07.006   set /dev12195/scopes/0/channels/2/enable 0
2025.05.12 20:00:07.006   set /dev12195/scopes/0/channels/3/enable 0
2025.05.12 20:00:07.010   get /dev12195/sgchannels/0/output/overrangecount -
2025.05.12 20:00:07.010   get /dev12195/sgchannels/1/output/overrangecount -
2025.05.12 20:00:07.010   get /dev12195/sgchannels/2/output/overrangecount -
2025.05.12 20:00:07.010   get /dev12195/sgchannels/3/output/overrangecount -
2025.05.12 20:00:07.010   get /dev12195/sgchannels/4/output/overrangecount -
2025.05.12 20:00:07.012   get /dev12195/sgchannels/5/output/overrangecount -
2025.05.12 20:00:07.012   get /dev12195/qachannels/0/output/overrangecount -
2025.05.12 20:00:07.012   get /dev12195/qachannels/0/input/overrangecount -
2025.05.12 20:00:07.012   set /dev12195/qachannels/0/output/on 1
2025.05.12 20:00:07.012   set /dev12195/qachannels/0/generator/single 1
2025.05.12 20:00:07.012   set /dev12195/qachannels/0/output/muting/enable 0
2025.05.12 20:00:07.012   set /dev12195/qachannels/0/input/rflfpath 1
2025.05.12 20:00:07.013   set /dev12195/qachannels/0/input/on 1
2025.05.12 20:00:07.013   set /dev12195/qachannels/0/oscs/0/freq 0
2025.05.12 20:00:07.013   set /dev12195/sgchannels/0/awg/auxtriggers/0/slope 1
2025.05.12 20:00:07.013   set /dev12195/sgchannels/0/awg/auxtriggers/0/channel 8
2025.05.12 20:00:07.013   set /dev12195/system/internaltrigger/enable 0
2025.05.12 20:00:07.013   set /dev12195/system/internaltrigger/repetitions 1
2025.05.12 20:00:07.013   set /dev12195/qachannels/0/markers/0/source 32
2025.05.12 20:00:07.014   set /dev12195/qachannels/0/markers/1/source 36
2025.05.12 20:00:07.014   set /dev12195/qachannels/0/generator/auxtriggers/0/channel 8
2025.05.12 20:00:07.014   set /dev12195/qachannels/0/spectroscopy/envelope/delay 0
2025.05.12 20:00:07.014   set /dev12195/qachannels/0/spectroscopy/delay 3.08e-07
2025.05.12 20:00:07.014   set /dev12195/qachannels/0/mode 0
2025.05.12 20:00:07.014   set /dev12195/qachannels/0/spectroscopy/trigger/channel 36
2025.05.12 20:00:07.014   set /dev12195/qachannels/0/spectroscopy/length 6000
2025.05.12 20:00:07.014   set /dev12195/qachannels/0/readout/result/enable 0
2025.05.12 20:00:07.014   set /dev12195/qachannels/0/spectroscopy/result/length 201
2025.05.12 20:00:07.014   set /dev12195/qachannels/0/spectroscopy/result/averages 256
2025.05.12 20:00:07.016   set /dev12195/qachannels/0/spectroscopy/result/mode 0
2025.05.12 20:00:07.016   set /dev12195/qachannels/0/spectroscopy/psd/enable 0
2025.05.12 20:00:07.016   set /dev12195/qachannels/0/spectroscopy/result/enable 0
2025.05.12 20:00:07.016   set /dev12195/qachannels/0/spectroscopy/result/enable 1
2025.05.12 20:00:07.016   set /dev12195/scopes/0/enable 0
2025.05.12 20:00:07.016   set /dev12195/qachannels/0/generator/elf/data vector (4260 B)
2025.05.12 20:00:07.016   set /dev12195/qachannels/0/spectroscopy/envelope/wave vector (32000 B)
2025.05.12 20:00:07.016   set /dev12195/qachannels/0/spectroscopy/envelope/enable 1
2025.05.12 20:00:07.016   set /dev12195/qachannels/0/generator/enable 1
2025.05.12 20:00:07.016   set /dev12195/system/internaltrigger/enable 1
2025.05.12 20:00:07.018   set /dev12195/raw/system/awg/runtimechecks/enable 0
2025.05.12 20:00:07.018   set /dev12195/qachannels/0/readout/result/enable 0
2025.05.12 20:00:07.018   get /dev12195/raw/error/json/errors -
2025.05.12 20:00:07.020   get /dev12195/raw/error/json/errors -
2025.05.12 20:00:07.020   set /dev12195/qachannels/0/spectroscopy/envelope/enable 1
2025.05.12 20:00:08.733 Node log from the data server with id 'zi_server':
2025.05.12 20:00:08.733   set /dev12195/raw/error/clear 1
2025.05.12 20:00:08.733   set /dev12195/sgchannels/0/pipeliner/mode 0
2025.05.12 20:00:08.733   set /dev12195/sgchannels/1/pipeliner/mode 0
2025.05.12 20:00:08.733   set /dev12195/sgchannels/2/pipeliner/mode 0
2025.05.12 20:00:08.735   set /dev12195/sgchannels/3/pipeliner/mode 0
2025.05.12 20:00:08.735   set /dev12195/sgchannels/4/pipeliner/mode 0
2025.05.12 20:00:08.735   set /dev12195/sgchannels/5/pipeliner/mode 0
2025.05.12 20:00:08.735   set /dev12195/sgchannels/0/synchronization/enable 0
2025.05.12 20:00:08.735   set /dev12195/sgchannels/1/synchronization/enable 0
2025.05.12 20:00:08.735   set /dev12195/sgchannels/2/synchronization/enable 0
2025.05.12 20:00:08.735   set /dev12195/sgchannels/3/synchronization/enable 0
2025.05.12 20:00:08.735   set /dev12195/sgchannels/4/synchronization/enable 0
2025.05.12 20:00:08.735   set /dev12195/sgchannels/5/synchronization/enable 0
2025.05.12 20:00:08.735   set /dev12195/sgchannels/0/awg/enable 0
2025.05.12 20:00:08.735   set /dev12195/sgchannels/1/awg/enable 0
2025.05.12 20:00:08.735   set /dev12195/sgchannels/2/awg/enable 0
2025.05.12 20:00:08.735   set /dev12195/sgchannels/3/awg/enable 0
2025.05.12 20:00:08.735   set /dev12195/sgchannels/4/awg/enable 0
2025.05.12 20:00:08.737   set /dev12195/sgchannels/5/awg/enable 0
2025.05.12 20:00:08.737   set /dev12195/system/synchronization/source 0
2025.05.12 20:00:08.737   set /dev12195/system/internaltrigger/synchronization/enable 0
2025.05.12 20:00:08.737   set /dev12195/scopes/0/enable 0
2025.05.12 20:00:08.737   set /dev12195/qachannels/0/pipeliner/mode 0
2025.05.12 20:00:08.737   set /dev12195/qachannels/0/synchronization/enable 0
2025.05.12 20:00:08.737   set /dev12195/qachannels/0/generator/enable 0
2025.05.12 20:00:08.739   set /dev12195/qachannels/0/readout/result/enable 0
2025.05.12 20:00:08.739   set /dev12195/qachannels/0/spectroscopy/psd/enable 0
2025.05.12 20:00:08.739   set /dev12195/qachannels/0/spectroscopy/result/enable 0
2025.05.12 20:00:08.739   set /dev12195/qachannels/0/output/rflfinterlock 1
2025.05.12 20:00:08.739   set /dev12195/qachannels/0/oscs/0/gain 1
2025.05.12 20:00:08.739   set /dev12195/scopes/0/channels/0/enable 0
2025.05.12 20:00:08.739   set /dev12195/scopes/0/channels/1/enable 0
2025.05.12 20:00:08.739   set /dev12195/scopes/0/channels/2/enable 0
2025.05.12 20:00:08.739   set /dev12195/scopes/0/channels/3/enable 0
2025.05.12 20:00:08.743   get /dev12195/sgchannels/0/output/overrangecount -
2025.05.12 20:00:08.743   get /dev12195/sgchannels/1/output/overrangecount -
2025.05.12 20:00:08.743   get /dev12195/sgchannels/2/output/overrangecount -
2025.05.12 20:00:08.743   get /dev12195/sgchannels/3/output/overrangecount -
2025.05.12 20:00:08.743   get /dev12195/sgchannels/4/output/overrangecount -
2025.05.12 20:00:08.743   get /dev12195/sgchannels/5/output/overrangecount -
2025.05.12 20:00:08.743   get /dev12195/qachannels/0/output/overrangecount -
2025.05.12 20:00:08.743   get /dev12195/qachannels/0/input/overrangecount -
2025.05.12 20:00:08.743   set /dev12195/qachannels/0/output/on 1
2025.05.12 20:00:08.745   set /dev12195/qachannels/0/generator/single 1
2025.05.12 20:00:08.745   set /dev12195/qachannels/0/output/muting/enable 0
2025.05.12 20:00:08.745   set /dev12195/qachannels/0/input/rflfpath 1
2025.05.12 20:00:08.745   set /dev12195/qachannels/0/input/on 1
2025.05.12 20:00:08.745   set /dev12195/qachannels/0/oscs/0/freq 0
2025.05.12 20:00:08.745   set /dev12195/sgchannels/0/awg/auxtriggers/0/slope 1
2025.05.12 20:00:08.745   set /dev12195/sgchannels/0/awg/auxtriggers/0/channel 8
2025.05.12 20:00:08.745   set /dev12195/system/internaltrigger/enable 0
2025.05.12 20:00:08.745   set /dev12195/system/internaltrigger/repetitions 1
2025.05.12 20:00:08.745   set /dev12195/qachannels/0/markers/0/source 32
2025.05.12 20:00:08.745   set /dev12195/qachannels/0/markers/1/source 36
2025.05.12 20:00:08.745   set /dev12195/qachannels/0/generator/auxtriggers/0/channel 8
2025.05.12 20:00:08.747   set /dev12195/qachannels/0/spectroscopy/envelope/delay 0
2025.05.12 20:00:08.747   set /dev12195/qachannels/0/spectroscopy/delay 3.08e-07
2025.05.12 20:00:08.747   set /dev12195/qachannels/0/mode 0
2025.05.12 20:00:08.747   set /dev12195/qachannels/0/spectroscopy/trigger/channel 36
2025.05.12 20:00:08.747   set /dev12195/qachannels/0/spectroscopy/length 6000
2025.05.12 20:00:08.747   set /dev12195/qachannels/0/readout/result/enable 0
2025.05.12 20:00:08.747   set /dev12195/qachannels/0/spectroscopy/result/length 201
2025.05.12 20:00:08.747   set /dev12195/qachannels/0/spectroscopy/result/averages 256
2025.05.12 20:00:08.747   set /dev12195/qachannels/0/spectroscopy/result/mode 0
2025.05.12 20:00:08.747   set /dev12195/qachannels/0/spectroscopy/psd/enable 0
2025.05.12 20:00:08.749   set /dev12195/qachannels/0/spectroscopy/result/enable 0
2025.05.12 20:00:08.749   set /dev12195/qachannels/0/spectroscopy/result/enable 1
2025.05.12 20:00:08.749   set /dev12195/scopes/0/enable 0
2025.05.12 20:00:08.749   set /dev12195/qachannels/0/generator/elf/data vector (4260 B)
2025.05.12 20:00:08.749   set /dev12195/qachannels/0/spectroscopy/envelope/wave vector (32000 B)
2025.05.12 20:00:08.749   set /dev12195/qachannels/0/spectroscopy/envelope/enable 1
2025.05.12 20:00:08.749   set /dev12195/qachannels/0/generator/enable 1
2025.05.12 20:00:08.749   set /dev12195/system/internaltrigger/enable 1
2025.05.12 20:00:08.751   set /dev12195/raw/system/awg/runtimechecks/enable 0
2025.05.12 20:00:08.751   set /dev12195/qachannels/0/readout/result/enable 0
2025.05.12 20:00:08.751   get /dev12195/raw/error/json/errors -
2025.05.12 20:00:08.751   get /dev12195/raw/error/json/errors -
2025.05.12 20:00:08.753   set /dev12195/qachannels/0/spectroscopy/envelope/enable 1
2025.05.12 20:27:44.019 Node log from the data server with id 'zi_server':
2025.05.12 20:27:44.019   get /dev12195/raw/system/awg/runtimechecks/enable -
2025.05.12 20:27:44.019   get /dev12195/raw/system/awg/runtimechecks/enable -
2025.05.12 20:27:44.019   get /dev12195/system/clocks/referenceclock/in/freq -
2025.05.12 20:27:44.019   get /dev12195/system/clocks/referenceclock/in/sourceactual -
2025.05.12 20:27:44.019   get /dev12195/system/clocks/referenceclock/in/source -
2025.05.12 20:27:44.019   get /dev12195/system/clocks/referenceclock/in/status -
2025.05.12 20:27:44.019   get /dev12195/system/clocks/referenceclock/in/freq -
2025.05.12 20:27:44.021   get /dev12195/system/clocks/referenceclock/in/sourceactual -
2025.05.12 20:27:44.021   get /dev12195/system/clocks/referenceclock/in/source -
2025.05.12 20:27:44.021   get /dev12195/system/clocks/referenceclock/in/status -
2025.05.12 20:27:57.680 Node log from the data server with id 'zi_server':
2025.05.12 20:27:57.680   get /dev12195/raw/system/awg/runtimechecks/enable -
2025.05.12 20:27:57.680   get /dev12195/raw/system/awg/runtimechecks/enable -
2025.05.12 20:27:57.681   get /dev12195/system/clocks/referenceclock/in/freq -
2025.05.12 20:27:57.681   get /dev12195/system/clocks/referenceclock/in/sourceactual -
2025.05.12 20:27:57.681   get /dev12195/system/clocks/referenceclock/in/source -
2025.05.12 20:27:57.681   get /dev12195/system/clocks/referenceclock/in/status -
2025.05.12 20:27:57.681   get /dev12195/system/clocks/referenceclock/in/freq -
2025.05.12 20:27:57.681   get /dev12195/system/clocks/referenceclock/in/sourceactual -
2025.05.12 20:27:57.681   get /dev12195/system/clocks/referenceclock/in/source -
2025.05.12 20:27:57.682   get /dev12195/system/clocks/referenceclock/in/status -
2025.05.12 20:28:04.518 Node log from the data server with id 'zi_server':
2025.05.12 20:28:04.520   get /dev12195/raw/system/awg/runtimechecks/enable -
2025.05.12 20:28:04.520   get /dev12195/raw/system/awg/runtimechecks/enable -
2025.05.12 20:28:04.520   get /dev12195/system/clocks/referenceclock/in/freq -
2025.05.12 20:28:04.520   get /dev12195/system/clocks/referenceclock/in/sourceactual -
2025.05.12 20:28:04.520   get /dev12195/system/clocks/referenceclock/in/source -
2025.05.12 20:28:04.520   get /dev12195/system/clocks/referenceclock/in/status -
2025.05.12 20:28:04.520   get /dev12195/system/clocks/referenceclock/in/freq -
2025.05.12 20:28:04.520   get /dev12195/system/clocks/referenceclock/in/sourceactual -
2025.05.12 20:28:04.520   get /dev12195/system/clocks/referenceclock/in/source -
2025.05.12 20:28:04.520   get /dev12195/system/clocks/referenceclock/in/status -
2025.05.12 20:28:48.609 Node log from the data server with id 'zi_server':
2025.05.12 20:28:48.610   get /dev12195/raw/system/awg/runtimechecks/enable -
2025.05.12 20:28:48.610   get /dev12195/raw/system/awg/runtimechecks/enable -
2025.05.12 20:28:48.610   get /dev12195/system/clocks/referenceclock/in/freq -
2025.05.12 20:28:48.610   get /dev12195/system/clocks/referenceclock/in/sourceactual -
2025.05.12 20:28:48.610   get /dev12195/system/clocks/referenceclock/in/source -
2025.05.12 20:28:48.610   get /dev12195/system/clocks/referenceclock/in/status -
2025.05.12 20:28:48.611   get /dev12195/system/clocks/referenceclock/in/freq -
2025.05.12 20:28:48.611   get /dev12195/system/clocks/referenceclock/in/sourceactual -
2025.05.12 20:28:48.611   get /dev12195/system/clocks/referenceclock/in/source -
2025.05.12 20:28:48.611   get /dev12195/system/clocks/referenceclock/in/status -
2025.05.12 20:29:36.879 Node log from the data server with id 'zi_server':
2025.05.12 20:29:36.879   get /dev12195/raw/system/awg/runtimechecks/enable -
2025.05.12 20:29:36.879   get /dev12195/raw/system/awg/runtimechecks/enable -
2025.05.12 20:29:36.880   get /dev12195/system/clocks/referenceclock/in/freq -
2025.05.12 20:29:36.880   get /dev12195/system/clocks/referenceclock/in/sourceactual -
2025.05.12 20:29:36.880   get /dev12195/system/clocks/referenceclock/in/source -
2025.05.12 20:29:36.880   get /dev12195/system/clocks/referenceclock/in/status -
2025.05.12 20:29:36.880   get /dev12195/system/clocks/referenceclock/in/freq -
2025.05.12 20:29:36.880   get /dev12195/system/clocks/referenceclock/in/sourceactual -
2025.05.12 20:29:36.880   get /dev12195/system/clocks/referenceclock/in/source -
2025.05.12 20:29:36.881   get /dev12195/system/clocks/referenceclock/in/status -
2025.05.12 20:31:42.219 Node log from the data server with id 'zi_server':
2025.05.12 20:31:42.219   get /dev12195/raw/system/awg/runtimechecks/enable -
2025.05.12 20:31:42.219   get /dev12195/raw/system/awg/runtimechecks/enable -
2025.05.12 20:31:42.219   get /dev12195/system/clocks/referenceclock/in/freq -
2025.05.12 20:31:42.219   get /dev12195/system/clocks/referenceclock/in/sourceactual -
2025.05.12 20:31:42.219   get /dev12195/system/clocks/referenceclock/in/source -
2025.05.12 20:31:42.219   get /dev12195/system/clocks/referenceclock/in/status -
2025.05.12 20:31:42.219   get /dev12195/system/clocks/referenceclock/in/freq -
2025.05.12 20:31:42.219   get /dev12195/system/clocks/referenceclock/in/sourceactual -
2025.05.12 20:31:42.219   get /dev12195/system/clocks/referenceclock/in/source -
2025.05.12 20:31:42.219   get /dev12195/system/clocks/referenceclock/in/status -
2025.05.12 20:31:49.908 Node log from the data server with id 'zi_server':
2025.05.12 20:31:49.908   get /dev12195/raw/system/awg/runtimechecks/enable -
2025.05.12 20:31:49.908   get /dev12195/raw/system/awg/runtimechecks/enable -
2025.05.12 20:31:49.910   get /dev12195/system/clocks/referenceclock/in/freq -
2025.05.12 20:31:49.910   get /dev12195/system/clocks/referenceclock/in/sourceactual -
2025.05.12 20:31:49.910   get /dev12195/system/clocks/referenceclock/in/source -
2025.05.12 20:31:49.910   get /dev12195/system/clocks/referenceclock/in/status -
2025.05.12 20:31:49.910   get /dev12195/system/clocks/referenceclock/in/freq -
2025.05.12 20:31:49.910   get /dev12195/system/clocks/referenceclock/in/sourceactual -
2025.05.12 20:31:49.910   get /dev12195/system/clocks/referenceclock/in/source -
2025.05.12 20:31:49.910   get /dev12195/system/clocks/referenceclock/in/status -
2025.05.12 20:34:50.838 Node log from the data server with id 'zi_server':
2025.05.12 20:34:50.838   get /dev12195/raw/system/awg/runtimechecks/enable -
2025.05.12 20:34:50.838   get /dev12195/raw/system/awg/runtimechecks/enable -
2025.05.12 20:34:50.838   get /dev12195/system/clocks/referenceclock/in/freq -
2025.05.12 20:34:50.838   get /dev12195/system/clocks/referenceclock/in/sourceactual -
2025.05.12 20:34:50.840   get /dev12195/system/clocks/referenceclock/in/source -
2025.05.12 20:34:50.840   get /dev12195/system/clocks/referenceclock/in/status -
2025.05.12 20:34:50.840   get /dev12195/system/clocks/referenceclock/in/freq -
2025.05.12 20:34:50.840   get /dev12195/system/clocks/referenceclock/in/sourceactual -
2025.05.12 20:34:50.840   get /dev12195/system/clocks/referenceclock/in/source -
2025.05.12 20:34:50.840   get /dev12195/system/clocks/referenceclock/in/status -
2025.05.12 20:36:39.219 Node log from the data server with id 'zi_server':
2025.05.12 20:36:39.221   get /dev12195/raw/system/awg/runtimechecks/enable -
2025.05.12 20:36:39.221   get /dev12195/raw/system/awg/runtimechecks/enable -
2025.05.12 20:36:39.221   get /dev12195/system/clocks/referenceclock/in/freq -
2025.05.12 20:36:39.221   get /dev12195/system/clocks/referenceclock/in/sourceactual -
2025.05.12 20:36:39.221   get /dev12195/system/clocks/referenceclock/in/source -
2025.05.12 20:36:39.221   get /dev12195/system/clocks/referenceclock/in/status -
2025.05.12 20:36:39.221   get /dev12195/system/clocks/referenceclock/in/freq -
2025.05.12 20:36:39.221   get /dev12195/system/clocks/referenceclock/in/sourceactual -
2025.05.12 20:36:39.221   get /dev12195/system/clocks/referenceclock/in/source -
2025.05.12 20:36:39.221   get /dev12195/system/clocks/referenceclock/in/status -
2025.05.12 20:37:08.718 Node log from the data server with id 'zi_server':
2025.05.12 20:37:08.718   get /dev12195/raw/system/awg/runtimechecks/enable -
2025.05.12 20:37:08.718   get /dev12195/raw/system/awg/runtimechecks/enable -
2025.05.12 20:37:08.718   get /dev12195/system/clocks/referenceclock/in/freq -
2025.05.12 20:37:08.718   get /dev12195/system/clocks/referenceclock/in/sourceactual -
2025.05.12 20:37:08.718   get /dev12195/system/clocks/referenceclock/in/source -
2025.05.12 20:37:08.718   get /dev12195/system/clocks/referenceclock/in/status -
2025.05.12 20:37:08.720   get /dev12195/system/clocks/referenceclock/in/freq -
2025.05.12 20:37:08.720   get /dev12195/system/clocks/referenceclock/in/sourceactual -
2025.05.12 20:37:08.720   get /dev12195/system/clocks/referenceclock/in/source -
2025.05.12 20:37:08.720   get /dev12195/system/clocks/referenceclock/in/status -
2025.05.12 20:37:46.499 Node log from the data server with id 'zi_server':
2025.05.12 20:37:46.499   get /dev12195/raw/system/awg/runtimechecks/enable -
2025.05.12 20:37:46.499   get /dev12195/raw/system/awg/runtimechecks/enable -
2025.05.12 20:37:46.499   get /dev12195/system/clocks/referenceclock/in/freq -
2025.05.12 20:37:46.499   get /dev12195/system/clocks/referenceclock/in/sourceactual -
2025.05.12 20:37:46.499   get /dev12195/system/clocks/referenceclock/in/source -
2025.05.12 20:37:46.499   get /dev12195/system/clocks/referenceclock/in/status -
2025.05.12 20:37:46.499   get /dev12195/system/clocks/referenceclock/in/freq -
2025.05.12 20:37:46.499   get /dev12195/system/clocks/referenceclock/in/sourceactual -
2025.05.12 20:37:46.499   get /dev12195/system/clocks/referenceclock/in/source -
2025.05.12 20:37:46.499   get /dev12195/system/clocks/referenceclock/in/status -
2025.05.12 20:46:12.727 Node log from the data server with id 'zi_server':
2025.05.12 20:46:12.729   get /dev12195/raw/system/awg/runtimechecks/enable -
2025.05.12 20:46:12.729   get /dev12195/raw/system/awg/runtimechecks/enable -
2025.05.12 20:46:12.729   get /dev12195/system/clocks/referenceclock/in/freq -
2025.05.12 20:46:12.729   get /dev12195/system/clocks/referenceclock/in/sourceactual -
2025.05.12 20:46:12.729   get /dev12195/system/clocks/referenceclock/in/source -
2025.05.12 20:46:12.729   get /dev12195/system/clocks/referenceclock/in/status -
2025.05.12 20:46:12.729   get /dev12195/system/clocks/referenceclock/in/freq -
2025.05.12 20:46:12.729   get /dev12195/system/clocks/referenceclock/in/sourceactual -
2025.05.12 20:46:12.729   get /dev12195/system/clocks/referenceclock/in/source -
2025.05.12 20:46:12.729   get /dev12195/system/clocks/referenceclock/in/status -
2025.05.12 20:46:36.129 Node log from the data server with id 'zi_server':
2025.05.12 20:46:36.129   get /dev12195/raw/system/awg/runtimechecks/enable -
2025.05.12 20:46:36.129   get /dev12195/raw/system/awg/runtimechecks/enable -
2025.05.12 20:46:36.129   get /dev12195/system/clocks/referenceclock/in/freq -
2025.05.12 20:46:36.129   get /dev12195/system/clocks/referenceclock/in/sourceactual -
2025.05.12 20:46:36.129   get /dev12195/system/clocks/referenceclock/in/source -
2025.05.12 20:46:36.129   get /dev12195/system/clocks/referenceclock/in/status -
2025.05.12 20:46:36.129   get /dev12195/system/clocks/referenceclock/in/freq -
2025.05.12 20:46:36.129   get /dev12195/system/clocks/referenceclock/in/sourceactual -
2025.05.12 20:46:36.129   get /dev12195/system/clocks/referenceclock/in/source -
2025.05.12 20:46:36.129   get /dev12195/system/clocks/referenceclock/in/status -
2025.05.12 20:48:13.759 Node log from the data server with id 'zi_server':
2025.05.12 20:48:13.759   get /dev12195/raw/system/awg/runtimechecks/enable -
2025.05.12 20:48:13.759   get /dev12195/raw/system/awg/runtimechecks/enable -
2025.05.12 20:48:13.759   get /dev12195/system/clocks/referenceclock/in/freq -
2025.05.12 20:48:13.759   get /dev12195/system/clocks/referenceclock/in/sourceactual -
2025.05.12 20:48:13.759   get /dev12195/system/clocks/referenceclock/in/source -
2025.05.12 20:48:13.759   get /dev12195/system/clocks/referenceclock/in/status -
2025.05.12 20:48:13.759   get /dev12195/system/clocks/referenceclock/in/freq -
2025.05.12 20:48:13.759   get /dev12195/system/clocks/referenceclock/in/sourceactual -
2025.05.12 20:48:13.759   get /dev12195/system/clocks/referenceclock/in/source -
2025.05.12 20:48:13.759   get /dev12195/system/clocks/referenceclock/in/status -
2025.05.12 20:48:50.111 Node log from the data server with id 'zi_server':
2025.05.12 20:48:50.111   get /dev12195/raw/system/awg/runtimechecks/enable -
2025.05.12 20:48:50.111   get /dev12195/raw/system/awg/runtimechecks/enable -
2025.05.12 20:48:50.111   get /dev12195/system/clocks/referenceclock/in/freq -
2025.05.12 20:48:50.111   get /dev12195/system/clocks/referenceclock/in/sourceactual -
2025.05.12 20:48:50.113   get /dev12195/system/clocks/referenceclock/in/source -
2025.05.12 20:48:50.113   get /dev12195/system/clocks/referenceclock/in/status -
2025.05.12 20:48:50.113   get /dev12195/system/clocks/referenceclock/in/freq -
2025.05.12 20:48:50.113   get /dev12195/system/clocks/referenceclock/in/sourceactual -
2025.05.12 20:48:50.113   get /dev12195/system/clocks/referenceclock/in/source -
2025.05.12 20:48:50.113   get /dev12195/system/clocks/referenceclock/in/status -
2025.05.12 20:50:11.728 Node log from the data server with id 'zi_server':
2025.05.12 20:50:11.728   get /dev12195/raw/system/awg/runtimechecks/enable -
2025.05.12 20:50:11.728   get /dev12195/raw/system/awg/runtimechecks/enable -
2025.05.12 20:50:11.728   get /dev12195/system/clocks/referenceclock/in/freq -
2025.05.12 20:50:11.730   get /dev12195/system/clocks/referenceclock/in/sourceactual -
2025.05.12 20:50:11.730   get /dev12195/system/clocks/referenceclock/in/source -
2025.05.12 20:50:11.730   get /dev12195/system/clocks/referenceclock/in/status -
2025.05.12 20:50:11.730   get /dev12195/system/clocks/referenceclock/in/freq -
2025.05.12 20:50:11.730   get /dev12195/system/clocks/referenceclock/in/sourceactual -
2025.05.12 20:50:11.730   get /dev12195/system/clocks/referenceclock/in/source -
2025.05.12 20:50:11.730   get /dev12195/system/clocks/referenceclock/in/status -
2025.05.12 20:50:14.449 Node log from the data server with id 'zi_server':
2025.05.12 20:50:14.449   set /dev12195/raw/error/clear 1
2025.05.12 20:50:14.449   set /dev12195/sgchannels/0/pipeliner/mode 0
2025.05.12 20:50:14.449   set /dev12195/sgchannels/1/pipeliner/mode 0
2025.05.12 20:50:14.449   set /dev12195/sgchannels/2/pipeliner/mode 0
2025.05.12 20:50:14.449   set /dev12195/sgchannels/3/pipeliner/mode 0
2025.05.12 20:50:14.449   set /dev12195/sgchannels/4/pipeliner/mode 0
2025.05.12 20:50:14.449   set /dev12195/sgchannels/5/pipeliner/mode 0
2025.05.12 20:50:14.451   set /dev12195/sgchannels/0/synchronization/enable 0
2025.05.12 20:50:14.451   set /dev12195/sgchannels/1/synchronization/enable 0
2025.05.12 20:50:14.451   set /dev12195/sgchannels/2/synchronization/enable 0
2025.05.12 20:50:14.451   set /dev12195/sgchannels/3/synchronization/enable 0
2025.05.12 20:50:14.451   set /dev12195/sgchannels/4/synchronization/enable 0
2025.05.12 20:50:14.451   set /dev12195/sgchannels/5/synchronization/enable 0
2025.05.12 20:50:14.451   set /dev12195/sgchannels/0/awg/enable 0
2025.05.12 20:50:14.451   set /dev12195/sgchannels/1/awg/enable 0
2025.05.12 20:50:14.451   set /dev12195/sgchannels/2/awg/enable 0
2025.05.12 20:50:14.451   set /dev12195/sgchannels/3/awg/enable 0
2025.05.12 20:50:14.451   set /dev12195/sgchannels/4/awg/enable 0
2025.05.12 20:50:14.451   set /dev12195/sgchannels/5/awg/enable 0
2025.05.12 20:50:14.453   set /dev12195/system/synchronization/source 0
2025.05.12 20:50:14.453   set /dev12195/system/internaltrigger/synchronization/enable 0
2025.05.12 20:50:14.453   set /dev12195/scopes/0/enable 0
2025.05.12 20:50:14.453   set /dev12195/qachannels/0/pipeliner/mode 0
2025.05.12 20:50:14.453   set /dev12195/qachannels/0/synchronization/enable 0
2025.05.12 20:50:14.453   set /dev12195/qachannels/0/generator/enable 0
2025.05.12 20:50:14.453   set /dev12195/qachannels/0/readout/result/enable 0
2025.05.12 20:50:14.453   set /dev12195/qachannels/0/spectroscopy/psd/enable 0
2025.05.12 20:50:14.453   set /dev12195/qachannels/0/spectroscopy/result/enable 0
2025.05.12 20:50:14.453   set /dev12195/qachannels/0/output/rflfinterlock 1
2025.05.12 20:50:14.455   set /dev12195/qachannels/0/oscs/0/gain 1
2025.05.12 20:50:14.455   set /dev12195/scopes/0/channels/0/enable 0
2025.05.12 20:50:14.455   set /dev12195/scopes/0/channels/1/enable 0
2025.05.12 20:50:14.455   set /dev12195/scopes/0/channels/2/enable 0
2025.05.12 20:50:14.455   set /dev12195/scopes/0/channels/3/enable 0
2025.05.12 20:50:14.458   get /dev12195/sgchannels/0/output/overrangecount -
2025.05.12 20:50:14.458   get /dev12195/sgchannels/1/output/overrangecount -
2025.05.12 20:50:14.458   get /dev12195/sgchannels/2/output/overrangecount -
2025.05.12 20:50:14.458   get /dev12195/sgchannels/3/output/overrangecount -
2025.05.12 20:50:14.458   get /dev12195/sgchannels/4/output/overrangecount -
2025.05.12 20:50:14.458   get /dev12195/sgchannels/5/output/overrangecount -
2025.05.12 20:50:14.458   get /dev12195/qachannels/0/output/overrangecount -
2025.05.12 20:50:14.458   get /dev12195/qachannels/0/input/overrangecount -
2025.05.12 20:50:14.458   set /dev12195/sgchannels/4/output/on 1
2025.05.12 20:50:14.458   set /dev12195/sgchannels/4/awg/single 1
2025.05.12 20:50:14.458   set /dev12195/sgchannels/4/awg/modulation/enable 1
2025.05.12 20:50:14.460   set /dev12195/sgchannels/4/sines/0/oscselect 0
2025.05.12 20:50:14.460   set /dev12195/sgchannels/4/sines/0/harmonic 1
2025.05.12 20:50:14.460   set /dev12195/sgchannels/4/sines/0/phaseshift 0
2025.05.12 20:50:14.460   set /dev12195/sgchannels/4/oscs/0/freq 0
2025.05.12 20:50:14.460   set /dev12195/sgchannels/4/marker/source 0
2025.05.12 20:50:14.460   set /dev12195/sgchannels/4/trigger/delay 0
2025.05.12 20:50:14.460   set /dev12195/sgchannels/4/output/rflfpath 0
2025.05.12 20:50:14.460   set /dev12195/sgchannels/4/output/muting/enable 0
2025.05.12 20:50:14.460   set /dev12195/qachannels/0/output/on 1
2025.05.12 20:50:14.460   set /dev12195/qachannels/0/generator/single 1
2025.05.12 20:50:14.460   set /dev12195/qachannels/0/output/muting/enable 0
2025.05.12 20:50:14.460   set /dev12195/qachannels/0/input/rflfpath 1
2025.05.12 20:50:14.460   set /dev12195/qachannels/0/input/on 1
2025.05.12 20:50:14.462   set /dev12195/qachannels/0/oscs/0/freq 0
2025.05.12 20:50:14.462   set /dev12195/sgchannels/4/awg/auxtriggers/0/slope 1
2025.05.12 20:50:14.462   set /dev12195/sgchannels/4/awg/auxtriggers/0/channel 8
2025.05.12 20:50:14.462   set /dev12195/system/internaltrigger/enable 0
2025.05.12 20:50:14.462   set /dev12195/system/internaltrigger/repetitions 1
2025.05.12 20:50:14.462   set /dev12195/qachannels/0/markers/0/source 32
2025.05.12 20:50:14.462   set /dev12195/qachannels/0/markers/1/source 36
2025.05.12 20:50:14.462   set /dev12195/qachannels/0/generator/auxtriggers/0/channel 8
2025.05.12 20:50:14.462   set /dev12195/sgchannels/4/digitalmixer/centerfreq 0
2025.05.12 20:50:14.462   set /dev12195/sgchannels/4/output/delay 0
2025.05.12 20:50:14.462   set /dev12195/qachannels/0/spectroscopy/envelope/delay 0
2025.05.12 20:50:14.462   set /dev12195/qachannels/0/spectroscopy/delay 3.08e-07
2025.05.12 20:50:14.462   set /dev12195/qachannels/0/mode 0
2025.05.12 20:50:14.464   set /dev12195/qachannels/0/spectroscopy/trigger/channel 36
2025.05.12 20:50:14.464   set /dev12195/qachannels/0/spectroscopy/length 4000
2025.05.12 20:50:14.464   set /dev12195/sgchannels/4/awg/elf/data vector (1528 B)
2025.05.12 20:50:14.464   set /dev12195/sgchannels/4/awg/commandtable/data vector (152 B)
2025.05.12 20:50:14.464   set /dev12195/qachannels/0/readout/result/enable 0
2025.05.12 20:50:14.464   set /dev12195/qachannels/0/spectroscopy/result/length 201
2025.05.12 20:50:14.464   set /dev12195/qachannels/0/spectroscopy/result/averages 256
2025.05.12 20:50:14.464   set /dev12195/qachannels/0/spectroscopy/result/mode 0
2025.05.12 20:50:14.464   set /dev12195/qachannels/0/spectroscopy/psd/enable 0
2025.05.12 20:50:14.464   set /dev12195/qachannels/0/spectroscopy/result/enable 0
2025.05.12 20:50:14.466   set /dev12195/qachannels/0/spectroscopy/result/enable 1
2025.05.12 20:50:14.466   set /dev12195/scopes/0/enable 0
2025.05.12 20:50:14.466   set /dev12195/qachannels/0/generator/elf/data vector (4256 B)
2025.05.12 20:50:14.466   set /dev12195/qachannels/0/spectroscopy/envelope/wave vector (32128 B)
2025.05.12 20:50:14.466   set /dev12195/qachannels/0/spectroscopy/envelope/enable 1
2025.05.12 20:50:14.466   set /dev12195/qachannels/0/readout/multistate/qudits/0/weights/0/wave vector (64000 B)
2025.05.12 20:50:14.466   set /dev12195/qachannels/0/readout/integration/length 4000
2025.05.12 20:50:14.466   set /dev12195/sgchannels/4/awg/enable 1
2025.05.12 20:50:14.466   set /dev12195/qachannels/0/generator/enable 1
2025.05.12 20:50:14.468   set /dev12195/system/internaltrigger/enable 1
2025.05.12 20:50:14.468   set /dev12195/raw/system/awg/runtimechecks/enable 0
2025.05.12 20:50:14.468   set /dev12195/qachannels/0/readout/result/enable 0
2025.05.12 20:50:14.468   get /dev12195/raw/error/json/errors -
2025.05.12 20:50:14.468   get /dev12195/raw/error/json/errors -
2025.05.12 20:50:14.470   set /dev12195/qachannels/0/spectroscopy/envelope/enable 1
2025.05.12 20:50:17.956 Node log from the data server with id 'zi_server':
2025.05.12 20:50:17.957   set /dev12195/raw/error/clear 1
2025.05.12 20:50:17.957   set /dev12195/sgchannels/0/pipeliner/mode 0
2025.05.12 20:50:17.957   set /dev12195/sgchannels/1/pipeliner/mode 0
2025.05.12 20:50:17.957   set /dev12195/sgchannels/2/pipeliner/mode 0
2025.05.12 20:50:17.957   set /dev12195/sgchannels/3/pipeliner/mode 0
2025.05.12 20:50:17.957   set /dev12195/sgchannels/4/pipeliner/mode 0
2025.05.12 20:50:17.958   set /dev12195/sgchannels/5/pipeliner/mode 0
2025.05.12 20:50:17.958   set /dev12195/sgchannels/0/synchronization/enable 0
2025.05.12 20:50:17.958   set /dev12195/sgchannels/1/synchronization/enable 0
2025.05.12 20:50:17.958   set /dev12195/sgchannels/2/synchronization/enable 0
2025.05.12 20:50:17.958   set /dev12195/sgchannels/3/synchronization/enable 0
2025.05.12 20:50:17.958   set /dev12195/sgchannels/4/synchronization/enable 0
2025.05.12 20:50:17.958   set /dev12195/sgchannels/5/synchronization/enable 0
2025.05.12 20:50:17.959   set /dev12195/sgchannels/0/awg/enable 0
2025.05.12 20:50:17.959   set /dev12195/sgchannels/1/awg/enable 0
2025.05.12 20:50:17.959   set /dev12195/sgchannels/2/awg/enable 0
2025.05.12 20:50:17.959   set /dev12195/sgchannels/3/awg/enable 0
2025.05.12 20:50:17.959   set /dev12195/sgchannels/4/awg/enable 0
2025.05.12 20:50:17.959   set /dev12195/sgchannels/5/awg/enable 0
2025.05.12 20:50:17.960   set /dev12195/system/synchronization/source 0
2025.05.12 20:50:17.960   set /dev12195/system/internaltrigger/synchronization/enable 0
2025.05.12 20:50:17.961   set /dev12195/scopes/0/enable 0
2025.05.12 20:50:17.961   set /dev12195/qachannels/0/pipeliner/mode 0
2025.05.12 20:50:17.961   set /dev12195/qachannels/0/synchronization/enable 0
2025.05.12 20:50:17.961   set /dev12195/qachannels/0/generator/enable 0
2025.05.12 20:50:17.961   set /dev12195/qachannels/0/readout/result/enable 0
2025.05.12 20:50:17.961   set /dev12195/qachannels/0/spectroscopy/psd/enable 0
2025.05.12 20:50:17.961   set /dev12195/qachannels/0/spectroscopy/result/enable 0
2025.05.12 20:50:17.962   set /dev12195/qachannels/0/output/rflfinterlock 1
2025.05.12 20:50:17.962   set /dev12195/qachannels/0/oscs/0/gain 1
2025.05.12 20:50:17.962   set /dev12195/scopes/0/channels/0/enable 0
2025.05.12 20:50:17.962   set /dev12195/scopes/0/channels/1/enable 0
2025.05.12 20:50:17.962   set /dev12195/scopes/0/channels/2/enable 0
2025.05.12 20:50:17.962   set /dev12195/scopes/0/channels/3/enable 0
2025.05.12 20:50:17.966   get /dev12195/sgchannels/0/output/overrangecount -
2025.05.12 20:50:17.966   get /dev12195/sgchannels/1/output/overrangecount -
2025.05.12 20:50:17.966   get /dev12195/sgchannels/2/output/overrangecount -
2025.05.12 20:50:17.966   get /dev12195/sgchannels/3/output/overrangecount -
2025.05.12 20:50:17.966   get /dev12195/sgchannels/4/output/overrangecount -
2025.05.12 20:50:17.967   get /dev12195/sgchannels/5/output/overrangecount -
2025.05.12 20:50:17.967   get /dev12195/qachannels/0/output/overrangecount -
2025.05.12 20:50:17.967   get /dev12195/qachannels/0/input/overrangecount -
2025.05.12 20:50:17.967   set /dev12195/sgchannels/4/output/on 1
2025.05.12 20:50:17.967   set /dev12195/sgchannels/4/awg/single 1
2025.05.12 20:50:17.967   set /dev12195/sgchannels/4/awg/modulation/enable 1
2025.05.12 20:50:17.968   set /dev12195/sgchannels/4/sines/0/oscselect 0
2025.05.12 20:50:17.968   set /dev12195/sgchannels/4/sines/0/harmonic 1
2025.05.12 20:50:17.968   set /dev12195/sgchannels/4/sines/0/phaseshift 0
2025.05.12 20:50:17.968   set /dev12195/sgchannels/4/oscs/0/freq 0
2025.05.12 20:50:17.968   set /dev12195/sgchannels/4/marker/source 0
2025.05.12 20:50:17.968   set /dev12195/sgchannels/4/trigger/delay 0
2025.05.12 20:50:17.968   set /dev12195/sgchannels/4/output/rflfpath 0
2025.05.12 20:50:17.968   set /dev12195/sgchannels/4/output/muting/enable 0
2025.05.12 20:50:17.969   set /dev12195/qachannels/0/output/on 1
2025.05.12 20:50:17.969   set /dev12195/qachannels/0/generator/single 1
2025.05.12 20:50:17.969   set /dev12195/qachannels/0/output/muting/enable 0
2025.05.12 20:50:17.969   set /dev12195/qachannels/0/input/rflfpath 1
2025.05.12 20:50:17.969   set /dev12195/qachannels/0/input/on 1
2025.05.12 20:50:17.969   set /dev12195/qachannels/0/oscs/0/freq 0
2025.05.12 20:50:17.969   set /dev12195/sgchannels/4/awg/auxtriggers/0/slope 1
2025.05.12 20:50:17.970   set /dev12195/sgchannels/4/awg/auxtriggers/0/channel 8
2025.05.12 20:50:17.970   set /dev12195/system/internaltrigger/enable 0
2025.05.12 20:50:17.970   set /dev12195/system/internaltrigger/repetitions 1
2025.05.12 20:50:17.970   set /dev12195/qachannels/0/markers/0/source 32
2025.05.12 20:50:17.970   set /dev12195/qachannels/0/markers/1/source 36
2025.05.12 20:50:17.970   set /dev12195/qachannels/0/generator/auxtriggers/0/channel 8
2025.05.12 20:50:17.970   set /dev12195/sgchannels/4/digitalmixer/centerfreq 0
2025.05.12 20:50:17.970   set /dev12195/sgchannels/4/output/delay 0
2025.05.12 20:50:17.970   set /dev12195/qachannels/0/spectroscopy/envelope/delay 0
2025.05.12 20:50:17.970   set /dev12195/qachannels/0/spectroscopy/delay 3.08e-07
2025.05.12 20:50:17.971   set /dev12195/qachannels/0/mode 0
2025.05.12 20:50:17.971   set /dev12195/qachannels/0/spectroscopy/trigger/channel 36
2025.05.12 20:50:17.971   set /dev12195/qachannels/0/spectroscopy/length 4000
2025.05.12 20:50:17.971   set /dev12195/sgchannels/4/awg/elf/data vector (1528 B)
2025.05.12 20:50:17.973   set /dev12195/sgchannels/4/awg/commandtable/data vector (152 B)
2025.05.12 20:50:17.973   set /dev12195/qachannels/0/readout/result/enable 0
2025.05.12 20:50:17.973   set /dev12195/qachannels/0/spectroscopy/result/length 201
2025.05.12 20:50:17.973   set /dev12195/qachannels/0/spectroscopy/result/averages 256
2025.05.12 20:50:17.973   set /dev12195/qachannels/0/spectroscopy/result/mode 0
2025.05.12 20:50:17.973   set /dev12195/qachannels/0/spectroscopy/psd/enable 0
2025.05.12 20:50:17.973   set /dev12195/qachannels/0/spectroscopy/result/enable 0
2025.05.12 20:50:17.973   set /dev12195/qachannels/0/spectroscopy/result/enable 1
2025.05.12 20:50:17.973   set /dev12195/scopes/0/enable 0
2025.05.12 20:50:17.973   set /dev12195/qachannels/0/generator/elf/data vector (4256 B)
2025.05.12 20:50:17.973   set /dev12195/qachannels/0/spectroscopy/envelope/wave vector (32128 B)
2025.05.12 20:50:17.973   set /dev12195/qachannels/0/spectroscopy/envelope/enable 1
2025.05.12 20:50:17.973   set /dev12195/qachannels/0/readout/multistate/qudits/0/weights/0/wave vector (64000 B)
2025.05.12 20:50:17.973   set /dev12195/qachannels/0/readout/integration/length 4000
2025.05.12 20:50:17.973   set /dev12195/sgchannels/4/awg/enable 1
2025.05.12 20:50:17.975   set /dev12195/qachannels/0/generator/enable 1
2025.05.12 20:50:17.975   set /dev12195/system/internaltrigger/enable 1
2025.05.12 20:50:17.977   set /dev12195/raw/system/awg/runtimechecks/enable 0
2025.05.12 20:50:17.977   set /dev12195/qachannels/0/readout/result/enable 0
2025.05.12 20:50:17.977   get /dev12195/raw/error/json/errors -
2025.05.12 20:50:17.977   get /dev12195/raw/error/json/errors -
2025.05.12 20:50:17.977   set /dev12195/qachannels/0/spectroscopy/envelope/enable 1
2025.05.13 12:32:05.525 Node log from the data server with id 'zi_server':
2025.05.13 12:32:05.527   get /dev12195/raw/system/awg/runtimechecks/enable -
2025.05.13 12:32:05.527   get /dev12195/raw/system/awg/runtimechecks/enable -
2025.05.13 12:32:05.527   get /dev12195/system/clocks/referenceclock/in/freq -
2025.05.13 12:32:05.527   get /dev12195/system/clocks/referenceclock/in/sourceactual -
2025.05.13 12:32:05.527   get /dev12195/system/clocks/referenceclock/in/source -
2025.05.13 12:32:05.527   get /dev12195/system/clocks/referenceclock/in/status -
2025.05.13 12:32:05.527   get /dev12195/system/clocks/referenceclock/in/freq -
2025.05.13 12:32:05.527   get /dev12195/system/clocks/referenceclock/in/sourceactual -
2025.05.13 12:32:05.527   get /dev12195/system/clocks/referenceclock/in/source -
2025.05.13 12:32:05.527   get /dev12195/system/clocks/referenceclock/in/status -
2025.05.13 12:32:41.225 Node log from the data server with id 'zi_server':
2025.05.13 12:32:41.225   get /dev12195/raw/system/awg/runtimechecks/enable -
2025.05.13 12:32:41.227   get /dev12195/raw/system/awg/runtimechecks/enable -
2025.05.13 12:32:41.227   get /dev12195/system/clocks/referenceclock/in/freq -
2025.05.13 12:32:41.227   get /dev12195/system/clocks/referenceclock/in/sourceactual -
2025.05.13 12:32:41.227   get /dev12195/system/clocks/referenceclock/in/source -
2025.05.13 12:32:41.227   get /dev12195/system/clocks/referenceclock/in/status -
2025.05.13 12:32:41.227   get /dev12195/system/clocks/referenceclock/in/freq -
2025.05.13 12:32:41.227   get /dev12195/system/clocks/referenceclock/in/sourceactual -
2025.05.13 12:32:41.227   get /dev12195/system/clocks/referenceclock/in/source -
2025.05.13 12:32:41.227   get /dev12195/system/clocks/referenceclock/in/status -
2025.05.13 12:36:53.946 Node log from the data server with id 'zi_server':
2025.05.13 12:36:53.946   get /dev12195/raw/system/awg/runtimechecks/enable -
2025.05.13 12:36:53.947   get /dev12195/raw/system/awg/runtimechecks/enable -
2025.05.13 12:36:53.947   get /dev12195/system/clocks/referenceclock/in/freq -
2025.05.13 12:36:53.947   get /dev12195/system/clocks/referenceclock/in/sourceactual -
2025.05.13 12:36:53.947   get /dev12195/system/clocks/referenceclock/in/source -
2025.05.13 12:36:53.947   get /dev12195/system/clocks/referenceclock/in/status -
2025.05.13 12:36:53.948   get /dev12195/system/clocks/referenceclock/in/freq -
2025.05.13 12:36:53.948   get /dev12195/system/clocks/referenceclock/in/sourceactual -
2025.05.13 12:36:53.948   get /dev12195/system/clocks/referenceclock/in/source -
2025.05.13 12:36:53.948   get /dev12195/system/clocks/referenceclock/in/status -
2025.05.13 12:36:57.755 Node log from the data server with id 'zi_server':
2025.05.13 12:36:57.757   get /dev12195/raw/system/awg/runtimechecks/enable -
2025.05.13 12:36:57.757   get /dev12195/raw/system/awg/runtimechecks/enable -
2025.05.13 12:36:57.757   get /dev12195/system/clocks/referenceclock/in/freq -
2025.05.13 12:36:57.757   get /dev12195/system/clocks/referenceclock/in/sourceactual -
2025.05.13 12:36:57.757   get /dev12195/system/clocks/referenceclock/in/source -
2025.05.13 12:36:57.757   get /dev12195/system/clocks/referenceclock/in/status -
2025.05.13 12:36:57.757   get /dev12195/system/clocks/referenceclock/in/freq -
2025.05.13 12:36:57.757   get /dev12195/system/clocks/referenceclock/in/sourceactual -
2025.05.13 12:36:57.757   get /dev12195/system/clocks/referenceclock/in/source -
2025.05.13 12:36:57.757   get /dev12195/system/clocks/referenceclock/in/status -
2025.05.13 12:37:20.095 Node log from the data server with id 'zi_server':
2025.05.13 12:37:20.095   get /dev12195/raw/system/awg/runtimechecks/enable -
2025.05.13 12:37:20.095   get /dev12195/raw/system/awg/runtimechecks/enable -
2025.05.13 12:37:20.095   get /dev12195/system/clocks/referenceclock/in/freq -
2025.05.13 12:37:20.095   get /dev12195/system/clocks/referenceclock/in/sourceactual -
2025.05.13 12:37:20.095   get /dev12195/system/clocks/referenceclock/in/source -
2025.05.13 12:37:20.095   get /dev12195/system/clocks/referenceclock/in/status -
2025.05.13 12:37:20.095   get /dev12195/system/clocks/referenceclock/in/freq -
2025.05.13 12:37:20.097   get /dev12195/system/clocks/referenceclock/in/sourceactual -
2025.05.13 12:37:20.097   get /dev12195/system/clocks/referenceclock/in/source -
2025.05.13 12:37:20.097   get /dev12195/system/clocks/referenceclock/in/status -
2025.05.13 12:38:09.535 Node log from the data server with id 'zi_server':
2025.05.13 12:38:09.535   get /dev12195/raw/system/awg/runtimechecks/enable -
2025.05.13 12:38:09.535   get /dev12195/raw/system/awg/runtimechecks/enable -
2025.05.13 12:38:09.535   get /dev12195/system/clocks/referenceclock/in/freq -
2025.05.13 12:38:09.535   get /dev12195/system/clocks/referenceclock/in/sourceactual -
2025.05.13 12:38:09.535   get /dev12195/system/clocks/referenceclock/in/source -
2025.05.13 12:38:09.535   get /dev12195/system/clocks/referenceclock/in/status -
2025.05.13 12:38:09.537   get /dev12195/system/clocks/referenceclock/in/freq -
2025.05.13 12:38:09.537   get /dev12195/system/clocks/referenceclock/in/sourceactual -
2025.05.13 12:38:09.537   get /dev12195/system/clocks/referenceclock/in/source -
2025.05.13 12:38:09.537   get /dev12195/system/clocks/referenceclock/in/status -
2025.05.13 12:38:57.555 Node log from the data server with id 'zi_server':
2025.05.13 12:38:57.557   get /dev12195/raw/system/awg/runtimechecks/enable -
2025.05.13 12:38:57.557   get /dev12195/raw/system/awg/runtimechecks/enable -
2025.05.13 12:38:57.557   get /dev12195/system/clocks/referenceclock/in/freq -
2025.05.13 12:38:57.557   get /dev12195/system/clocks/referenceclock/in/sourceactual -
2025.05.13 12:38:57.557   get /dev12195/system/clocks/referenceclock/in/source -
2025.05.13 12:38:57.557   get /dev12195/system/clocks/referenceclock/in/status -
2025.05.13 12:38:57.557   get /dev12195/system/clocks/referenceclock/in/freq -
2025.05.13 12:38:57.557   get /dev12195/system/clocks/referenceclock/in/sourceactual -
2025.05.13 12:38:57.557   get /dev12195/system/clocks/referenceclock/in/source -
2025.05.13 12:38:57.557   get /dev12195/system/clocks/referenceclock/in/status -
2025.05.13 12:43:18.415 Node log from the data server with id 'zi_server':
2025.05.13 12:43:18.416   get /dev12195/raw/system/awg/runtimechecks/enable -
2025.05.13 12:43:18.416   get /dev12195/raw/system/awg/runtimechecks/enable -
2025.05.13 12:43:18.417   get /dev12195/system/clocks/referenceclock/in/freq -
2025.05.13 12:43:18.417   get /dev12195/system/clocks/referenceclock/in/sourceactual -
2025.05.13 12:43:18.417   get /dev12195/system/clocks/referenceclock/in/source -
2025.05.13 12:43:18.417   get /dev12195/system/clocks/referenceclock/in/status -
2025.05.13 12:43:18.417   get /dev12195/system/clocks/referenceclock/in/freq -
2025.05.13 12:43:18.417   get /dev12195/system/clocks/referenceclock/in/sourceactual -
2025.05.13 12:43:18.417   get /dev12195/system/clocks/referenceclock/in/source -
2025.05.13 12:43:18.417   get /dev12195/system/clocks/referenceclock/in/status -
2025.05.13 12:49:40.616 Node log from the data server with id 'zi_server':
2025.05.13 12:49:40.616   get /dev12195/raw/system/awg/runtimechecks/enable -
2025.05.13 12:49:40.616   get /dev12195/raw/system/awg/runtimechecks/enable -
2025.05.13 12:49:40.617   get /dev12195/system/clocks/referenceclock/in/freq -
2025.05.13 12:49:40.617   get /dev12195/system/clocks/referenceclock/in/sourceactual -
2025.05.13 12:49:40.617   get /dev12195/system/clocks/referenceclock/in/source -
2025.05.13 12:49:40.617   get /dev12195/system/clocks/referenceclock/in/status -
2025.05.13 12:49:40.617   get /dev12195/system/clocks/referenceclock/in/freq -
2025.05.13 12:49:40.617   get /dev12195/system/clocks/referenceclock/in/sourceactual -
2025.05.13 12:49:40.618   get /dev12195/system/clocks/referenceclock/in/source -
2025.05.13 12:49:40.618   get /dev12195/system/clocks/referenceclock/in/status -
2025.05.13 12:51:31.274 Node log from the data server with id 'zi_server':
2025.05.13 12:51:31.276   get /dev12195/raw/system/awg/runtimechecks/enable -
2025.05.13 12:51:31.276   get /dev12195/raw/system/awg/runtimechecks/enable -
2025.05.13 12:51:31.276   get /dev12195/system/clocks/referenceclock/in/freq -
2025.05.13 12:51:31.276   get /dev12195/system/clocks/referenceclock/in/sourceactual -
2025.05.13 12:51:31.276   get /dev12195/system/clocks/referenceclock/in/source -
2025.05.13 12:51:31.276   get /dev12195/system/clocks/referenceclock/in/status -
2025.05.13 12:51:31.276   get /dev12195/system/clocks/referenceclock/in/freq -
2025.05.13 12:51:31.276   get /dev12195/system/clocks/referenceclock/in/sourceactual -
2025.05.13 12:51:31.276   get /dev12195/system/clocks/referenceclock/in/source -
2025.05.13 12:51:31.276   get /dev12195/system/clocks/referenceclock/in/status -
2025.05.13 12:53:05.275 Node log from the data server with id 'zi_server':
2025.05.13 12:53:05.275   get /dev12195/raw/system/awg/runtimechecks/enable -
2025.05.13 12:53:05.275   get /dev12195/raw/system/awg/runtimechecks/enable -
2025.05.13 12:53:05.275   get /dev12195/system/clocks/referenceclock/in/freq -
2025.05.13 12:53:05.275   get /dev12195/system/clocks/referenceclock/in/sourceactual -
2025.05.13 12:53:05.275   get /dev12195/system/clocks/referenceclock/in/source -
2025.05.13 12:53:05.275   get /dev12195/system/clocks/referenceclock/in/status -
2025.05.13 12:53:05.275   get /dev12195/system/clocks/referenceclock/in/freq -
2025.05.13 12:53:05.277   get /dev12195/system/clocks/referenceclock/in/sourceactual -
2025.05.13 12:53:05.277   get /dev12195/system/clocks/referenceclock/in/source -
2025.05.13 12:53:05.277   get /dev12195/system/clocks/referenceclock/in/status -
2025.05.13 12:53:51.896 Node log from the data server with id 'zi_server':
2025.05.13 12:53:51.896   get /dev12195/raw/system/awg/runtimechecks/enable -
2025.05.13 12:53:51.898   get /dev12195/raw/system/awg/runtimechecks/enable -
2025.05.13 12:53:51.898   get /dev12195/system/clocks/referenceclock/in/freq -
2025.05.13 12:53:51.898   get /dev12195/system/clocks/referenceclock/in/sourceactual -
2025.05.13 12:53:51.898   get /dev12195/system/clocks/referenceclock/in/source -
2025.05.13 12:53:51.898   get /dev12195/system/clocks/referenceclock/in/status -
2025.05.13 12:53:51.898   get /dev12195/system/clocks/referenceclock/in/freq -
2025.05.13 12:53:51.898   get /dev12195/system/clocks/referenceclock/in/sourceactual -
2025.05.13 12:53:51.898   get /dev12195/system/clocks/referenceclock/in/source -
2025.05.13 12:53:51.898   get /dev12195/system/clocks/referenceclock/in/status -
2025.05.13 12:55:19.825 Node log from the data server with id 'zi_server':
2025.05.13 12:55:19.825   get /dev12195/raw/system/awg/runtimechecks/enable -
2025.05.13 12:55:19.825   get /dev12195/raw/system/awg/runtimechecks/enable -
2025.05.13 12:55:19.825   get /dev12195/system/clocks/referenceclock/in/freq -
2025.05.13 12:55:19.825   get /dev12195/system/clocks/referenceclock/in/sourceactual -
2025.05.13 12:55:19.825   get /dev12195/system/clocks/referenceclock/in/source -
2025.05.13 12:55:19.825   get /dev12195/system/clocks/referenceclock/in/status -
2025.05.13 12:55:19.825   get /dev12195/system/clocks/referenceclock/in/freq -
2025.05.13 12:55:19.825   get /dev12195/system/clocks/referenceclock/in/sourceactual -
2025.05.13 12:55:19.825   get /dev12195/system/clocks/referenceclock/in/source -
2025.05.13 12:55:19.828   get /dev12195/system/clocks/referenceclock/in/status -
2025.05.13 12:59:58.395 Node log from the data server with id 'zi_server':
2025.05.13 12:59:58.395   get /dev12195/raw/system/awg/runtimechecks/enable -
2025.05.13 12:59:58.395   get /dev12195/raw/system/awg/runtimechecks/enable -
2025.05.13 12:59:58.396   get /dev12195/system/clocks/referenceclock/in/freq -
2025.05.13 12:59:58.396   get /dev12195/system/clocks/referenceclock/in/sourceactual -
2025.05.13 12:59:58.396   get /dev12195/system/clocks/referenceclock/in/source -
2025.05.13 12:59:58.396   get /dev12195/system/clocks/referenceclock/in/status -
2025.05.13 12:59:58.396   get /dev12195/system/clocks/referenceclock/in/freq -
2025.05.13 12:59:58.396   get /dev12195/system/clocks/referenceclock/in/sourceactual -
2025.05.13 12:59:58.396   get /dev12195/system/clocks/referenceclock/in/source -
2025.05.13 12:59:58.396   get /dev12195/system/clocks/referenceclock/in/status -
2025.05.14 18:32:39.611 Node log from the data server with id 'zi_server':
2025.05.14 18:32:39.612   get /dev12195/raw/system/awg/runtimechecks/enable -
2025.05.14 18:32:39.612   get /dev12195/raw/system/awg/runtimechecks/enable -
2025.05.14 18:32:39.612   get /dev12195/system/clocks/referenceclock/in/freq -
2025.05.14 18:32:39.612   get /dev12195/system/clocks/referenceclock/in/sourceactual -
2025.05.14 18:32:39.612   get /dev12195/system/clocks/referenceclock/in/source -
2025.05.14 18:32:39.613   get /dev12195/system/clocks/referenceclock/in/status -
2025.05.14 18:32:39.613   get /dev12195/system/clocks/referenceclock/in/freq -
2025.05.14 18:32:39.613   get /dev12195/system/clocks/referenceclock/in/sourceactual -
2025.05.14 18:32:39.613   get /dev12195/system/clocks/referenceclock/in/source -
2025.05.14 18:32:39.613   get /dev12195/system/clocks/referenceclock/in/status -
2025.05.14 18:32:42.404 Node log from the data server with id 'zi_server':
2025.05.14 18:32:42.406   set /dev12195/raw/error/clear 1
2025.05.14 18:32:42.406   set /dev12195/sgchannels/0/pipeliner/mode 0
2025.05.14 18:32:42.406   set /dev12195/sgchannels/1/pipeliner/mode 0
2025.05.14 18:32:42.406   set /dev12195/sgchannels/2/pipeliner/mode 0
2025.05.14 18:32:42.406   set /dev12195/sgchannels/3/pipeliner/mode 0
2025.05.14 18:32:42.406   set /dev12195/sgchannels/4/pipeliner/mode 0
2025.05.14 18:32:42.406   set /dev12195/sgchannels/5/pipeliner/mode 0
2025.05.14 18:32:42.406   set /dev12195/sgchannels/0/synchronization/enable 0
2025.05.14 18:32:42.406   set /dev12195/sgchannels/1/synchronization/enable 0
2025.05.14 18:32:42.406   set /dev12195/sgchannels/2/synchronization/enable 0
2025.05.14 18:32:42.406   set /dev12195/sgchannels/3/synchronization/enable 0
2025.05.14 18:32:42.406   set /dev12195/sgchannels/4/synchronization/enable 0
2025.05.14 18:32:42.408   set /dev12195/sgchannels/5/synchronization/enable 0
2025.05.14 18:32:42.408   set /dev12195/sgchannels/0/awg/enable 0
2025.05.14 18:32:42.408   set /dev12195/sgchannels/1/awg/enable 0
2025.05.14 18:32:42.408   set /dev12195/sgchannels/2/awg/enable 0
2025.05.14 18:32:42.408   set /dev12195/sgchannels/3/awg/enable 0
2025.05.14 18:32:42.408   set /dev12195/sgchannels/4/awg/enable 0
2025.05.14 18:32:42.408   set /dev12195/sgchannels/5/awg/enable 0
2025.05.14 18:32:42.408   set /dev12195/system/synchronization/source 0
2025.05.14 18:32:42.410   set /dev12195/system/internaltrigger/synchronization/enable 0
2025.05.14 18:32:42.410   set /dev12195/scopes/0/enable 0
2025.05.14 18:32:42.410   set /dev12195/qachannels/0/pipeliner/mode 0
2025.05.14 18:32:42.410   set /dev12195/qachannels/0/synchronization/enable 0
2025.05.14 18:32:42.410   set /dev12195/qachannels/0/generator/enable 0
2025.05.14 18:32:42.410   set /dev12195/qachannels/0/readout/result/enable 0
2025.05.14 18:32:42.410   set /dev12195/qachannels/0/spectroscopy/psd/enable 0
2025.05.14 18:32:42.410   set /dev12195/qachannels/0/spectroscopy/result/enable 0
2025.05.14 18:32:42.410   set /dev12195/qachannels/0/output/rflfinterlock 1
2025.05.14 18:32:42.410   set /dev12195/qachannels/0/oscs/0/gain 1
2025.05.14 18:32:42.410   set /dev12195/scopes/0/channels/0/enable 0
2025.05.14 18:32:42.410   set /dev12195/scopes/0/channels/1/enable 0
2025.05.14 18:32:42.410   set /dev12195/scopes/0/channels/2/enable 0
2025.05.14 18:32:42.410   set /dev12195/scopes/0/channels/3/enable 0
2025.05.14 18:32:42.414   get /dev12195/sgchannels/0/output/overrangecount -
2025.05.14 18:32:42.414   get /dev12195/sgchannels/1/output/overrangecount -
2025.05.14 18:32:42.414   get /dev12195/sgchannels/2/output/overrangecount -
2025.05.14 18:32:42.414   get /dev12195/sgchannels/3/output/overrangecount -
2025.05.14 18:32:42.416   get /dev12195/sgchannels/4/output/overrangecount -
2025.05.14 18:32:42.416   get /dev12195/sgchannels/5/output/overrangecount -
2025.05.14 18:32:42.416   get /dev12195/qachannels/0/output/overrangecount -
2025.05.14 18:32:42.416   get /dev12195/qachannels/0/input/overrangecount -
2025.05.14 18:32:42.416   set /dev12195/qachannels/0/output/on 1
2025.05.14 18:32:42.416   set /dev12195/qachannels/0/generator/single 1
2025.05.14 18:32:42.416   set /dev12195/qachannels/0/output/muting/enable 0
2025.05.14 18:32:42.416   set /dev12195/qachannels/0/input/rflfpath 1
2025.05.14 18:32:42.416   set /dev12195/qachannels/0/input/on 1
2025.05.14 18:32:42.416   set /dev12195/qachannels/0/oscs/0/freq 0
2025.05.14 18:32:42.416   set /dev12195/sgchannels/0/awg/auxtriggers/0/slope 1
2025.05.14 18:32:42.416   set /dev12195/sgchannels/0/awg/auxtriggers/0/channel 8
2025.05.14 18:32:42.416   set /dev12195/system/internaltrigger/enable 0
2025.05.14 18:32:42.416   set /dev12195/system/internaltrigger/repetitions 1
2025.05.14 18:32:42.416   set /dev12195/qachannels/0/markers/0/source 32
2025.05.14 18:32:42.418   set /dev12195/qachannels/0/markers/1/source 36
2025.05.14 18:32:42.418   set /dev12195/qachannels/0/generator/auxtriggers/0/channel 8
2025.05.14 18:32:42.418   set /dev12195/qachannels/0/centerfreq 6.2e+09
2025.05.14 18:32:42.418   set /dev12195/qachannels/0/spectroscopy/envelope/delay 0
2025.05.14 18:32:42.418   set /dev12195/qachannels/0/spectroscopy/delay 2.2e-07
2025.05.14 18:32:42.418   set /dev12195/qachannels/0/mode 0
2025.05.14 18:32:42.419   set /dev12195/qachannels/0/spectroscopy/trigger/channel 36
2025.05.14 18:32:42.419   set /dev12195/qachannels/0/spectroscopy/length 4000
2025.05.14 18:32:42.419   set /dev12195/qachannels/0/readout/result/enable 0
2025.05.14 18:32:42.419   set /dev12195/qachannels/0/spectroscopy/result/length 500
2025.05.14 18:32:42.419   set /dev12195/qachannels/0/spectroscopy/result/averages 256
2025.05.14 18:32:42.419   set /dev12195/qachannels/0/spectroscopy/result/mode 0
2025.05.14 18:32:42.419   set /dev12195/qachannels/0/spectroscopy/psd/enable 0
2025.05.14 18:32:42.419   set /dev12195/qachannels/0/spectroscopy/result/enable 0
2025.05.14 18:32:42.419   set /dev12195/qachannels/0/spectroscopy/result/enable 1
2025.05.14 18:32:42.419   set /dev12195/scopes/0/enable 0
2025.05.14 18:32:42.421   set /dev12195/qachannels/0/generator/elf/data vector (4192 B)
2025.05.14 18:32:42.421   set /dev12195/qachannels/0/spectroscopy/envelope/wave vector (32000 B)
2025.05.14 18:32:42.421   get /dev12195/qachannels/0/spectroscopy/envelope/wave -
2025.05.14 18:32:42.421   set /dev12195/qachannels/0/spectroscopy/envelope/enable 1
2025.05.14 18:32:42.421   set /dev12195/qachannels/0/generator/enable 1
2025.05.14 18:32:42.421   set /dev12195/system/internaltrigger/enable 1
2025.05.14 18:32:42.423   set /dev12195/raw/system/awg/runtimechecks/enable 0
2025.05.14 18:32:42.423   set /dev12195/qachannels/0/readout/result/enable 0
2025.05.14 18:32:42.423   get /dev12195/raw/error/json/errors -
2025.05.14 18:32:42.425   get /dev12195/raw/error/json/errors -
2025.05.14 18:32:42.425   set /dev12195/sgchannels/0/awg/auxtriggers/0/slope 1
2025.05.14 18:32:42.425   set /dev12195/sgchannels/0/awg/auxtriggers/0/channel 8
2025.05.14 18:32:42.425   set /dev12195/system/internaltrigger/enable 0
2025.05.14 18:32:42.425   set /dev12195/system/internaltrigger/repetitions 1
2025.05.14 18:32:42.425   set /dev12195/qachannels/0/markers/0/source 32
2025.05.14 18:32:42.425   set /dev12195/qachannels/0/markers/1/source 36
2025.05.14 18:32:42.425   set /dev12195/qachannels/0/generator/auxtriggers/0/channel 8
2025.05.14 18:32:42.425   set /dev12195/qachannels/0/centerfreq 7.2e+09
2025.05.14 18:32:42.427   set /dev12195/qachannels/0/mode 0
2025.05.14 18:32:42.427   set /dev12195/qachannels/0/spectroscopy/trigger/channel 36
2025.05.14 18:32:42.427   set /dev12195/qachannels/0/spectroscopy/length 4000
2025.05.14 18:32:42.427   set /dev12195/qachannels/0/readout/result/enable 0
2025.05.14 18:32:42.427   set /dev12195/qachannels/0/spectroscopy/result/length 500
2025.05.14 18:32:42.427   set /dev12195/qachannels/0/spectroscopy/result/averages 256
2025.05.14 18:32:42.427   set /dev12195/qachannels/0/spectroscopy/result/mode 0
2025.05.14 18:32:42.427   set /dev12195/qachannels/0/spectroscopy/psd/enable 0
2025.05.14 18:32:42.427   set /dev12195/qachannels/0/spectroscopy/result/enable 0
2025.05.14 18:32:42.427   set /dev12195/qachannels/0/spectroscopy/result/enable 1
2025.05.14 18:32:42.427   set /dev12195/scopes/0/enable 0
2025.05.14 18:32:42.429   set /dev12195/qachannels/0/generator/enable 1
2025.05.14 18:32:42.429   set /dev12195/system/internaltrigger/enable 1
2025.05.14 18:32:42.431   set /dev12195/raw/system/awg/runtimechecks/enable 0
2025.05.14 18:32:42.431   set /dev12195/qachannels/0/readout/result/enable 0
2025.05.14 18:32:42.431   get /dev12195/raw/error/json/errors -
2025.05.14 18:32:42.431   get /dev12195/raw/error/json/errors -
2025.05.14 18:32:42.431   set /dev12195/qachannels/0/spectroscopy/envelope/enable 1
2025.05.14 18:37:46.855 Node log from the data server with id 'zi_server':
2025.05.14 18:37:46.855   get /dev12195/raw/system/awg/runtimechecks/enable -
2025.05.14 18:37:46.855   get /dev12195/raw/system/awg/runtimechecks/enable -
2025.05.14 18:37:46.857   get /dev12195/system/clocks/referenceclock/in/freq -
2025.05.14 18:37:46.857   get /dev12195/system/clocks/referenceclock/in/sourceactual -
2025.05.14 18:37:46.857   get /dev12195/system/clocks/referenceclock/in/source -
2025.05.14 18:37:46.857   get /dev12195/system/clocks/referenceclock/in/status -
2025.05.14 18:37:46.857   get /dev12195/system/clocks/referenceclock/in/freq -
2025.05.14 18:37:46.857   get /dev12195/system/clocks/referenceclock/in/sourceactual -
2025.05.14 18:37:46.857   get /dev12195/system/clocks/referenceclock/in/source -
2025.05.14 18:37:46.857   get /dev12195/system/clocks/referenceclock/in/status -
2025.05.14 18:40:53.921 Node log from the data server with id 'zi_server':
2025.05.14 18:40:53.921   get /dev12195/raw/system/awg/runtimechecks/enable -
2025.05.14 18:40:53.921   get /dev12195/raw/system/awg/runtimechecks/enable -
2025.05.14 18:40:53.921   get /dev12195/system/clocks/referenceclock/in/freq -
2025.05.14 18:40:53.923   get /dev12195/system/clocks/referenceclock/in/sourceactual -
2025.05.14 18:40:53.923   get /dev12195/system/clocks/referenceclock/in/source -
2025.05.14 18:40:53.923   get /dev12195/system/clocks/referenceclock/in/status -
2025.05.14 18:40:53.923   get /dev12195/system/clocks/referenceclock/in/freq -
2025.05.14 18:40:53.923   get /dev12195/system/clocks/referenceclock/in/sourceactual -
2025.05.14 18:40:53.923   get /dev12195/system/clocks/referenceclock/in/source -
2025.05.14 18:40:53.923   get /dev12195/system/clocks/referenceclock/in/status -
2025.05.14 19:01:31.938 Node log from the data server with id 'zi_server':
2025.05.14 19:01:31.938   get /dev12195/raw/system/awg/runtimechecks/enable -
2025.05.14 19:01:31.938   get /dev12195/raw/system/awg/runtimechecks/enable -
2025.05.14 19:01:31.938   get /dev12195/system/clocks/referenceclock/in/freq -
2025.05.14 19:01:31.938   get /dev12195/system/clocks/referenceclock/in/sourceactual -
2025.05.14 19:01:31.938   get /dev12195/system/clocks/referenceclock/in/source -
2025.05.14 19:01:31.938   get /dev12195/system/clocks/referenceclock/in/status -
2025.05.14 19:01:31.938   get /dev12195/system/clocks/referenceclock/in/freq -
2025.05.14 19:01:31.940   get /dev12195/system/clocks/referenceclock/in/sourceactual -
2025.05.14 19:01:31.940   get /dev12195/system/clocks/referenceclock/in/source -
2025.05.14 19:01:31.940   get /dev12195/system/clocks/referenceclock/in/status -
2025.05.14 19:02:39.096 Node log from the data server with id 'zi_server':
2025.05.14 19:02:39.096   get /dev12195/raw/system/awg/runtimechecks/enable -
2025.05.14 19:02:39.096   get /dev12195/raw/system/awg/runtimechecks/enable -
2025.05.14 19:02:39.096   get /dev12195/system/clocks/referenceclock/in/freq -
2025.05.14 19:02:39.096   get /dev12195/system/clocks/referenceclock/in/sourceactual -
2025.05.14 19:02:39.096   get /dev12195/system/clocks/referenceclock/in/source -
2025.05.14 19:02:39.096   get /dev12195/system/clocks/referenceclock/in/status -
2025.05.14 19:02:39.096   get /dev12195/system/clocks/referenceclock/in/freq -
2025.05.14 19:02:39.098   get /dev12195/system/clocks/referenceclock/in/sourceactual -
2025.05.14 19:02:39.098   get /dev12195/system/clocks/referenceclock/in/source -
2025.05.14 19:02:39.098   get /dev12195/system/clocks/referenceclock/in/status -
2025.05.14 22:08:28.421 Node log from the data server with id 'zi_server':
2025.05.14 22:08:28.421   get /dev12195/raw/system/awg/runtimechecks/enable -
2025.05.14 22:08:28.421   get /dev12195/raw/system/awg/runtimechecks/enable -
2025.05.14 22:08:28.421   get /dev12195/system/clocks/referenceclock/in/freq -
2025.05.14 22:08:28.421   get /dev12195/system/clocks/referenceclock/in/sourceactual -
2025.05.14 22:08:28.421   get /dev12195/system/clocks/referenceclock/in/source -
2025.05.14 22:08:28.421   get /dev12195/system/clocks/referenceclock/in/status -
2025.05.14 22:08:28.421   get /dev12195/system/clocks/referenceclock/in/freq -
2025.05.14 22:08:28.421   get /dev12195/system/clocks/referenceclock/in/sourceactual -
2025.05.14 22:08:28.421   get /dev12195/system/clocks/referenceclock/in/source -
2025.05.14 22:08:28.423   get /dev12195/system/clocks/referenceclock/in/status -
2025.05.15 06:40:55.491 Node log from the data server with id 'zi_server':
2025.05.15 06:40:55.491   get /dev12195/raw/system/awg/runtimechecks/enable -
2025.05.15 06:40:55.491   get /dev12195/raw/system/awg/runtimechecks/enable -
2025.05.15 06:40:55.491   get /dev12195/system/clocks/referenceclock/in/freq -
2025.05.15 06:40:55.493   get /dev12195/system/clocks/referenceclock/in/sourceactual -
2025.05.15 06:40:55.493   get /dev12195/system/clocks/referenceclock/in/source -
2025.05.15 06:40:55.493   get /dev12195/system/clocks/referenceclock/in/status -
2025.05.15 06:40:55.493   get /dev12195/system/clocks/referenceclock/in/freq -
2025.05.15 06:40:55.493   get /dev12195/system/clocks/referenceclock/in/sourceactual -
2025.05.15 06:40:55.493   get /dev12195/system/clocks/referenceclock/in/source -
2025.05.15 06:40:55.493   get /dev12195/system/clocks/referenceclock/in/status -
2025.05.15 06:44:15.166 Node log from the data server with id 'zi_server':
2025.05.15 06:44:15.168   get /dev12195/raw/system/awg/runtimechecks/enable -
2025.05.15 06:44:15.168   get /dev12195/raw/system/awg/runtimechecks/enable -
2025.05.15 06:44:15.168   get /dev12195/system/clocks/referenceclock/in/freq -
2025.05.15 06:44:15.168   get /dev12195/system/clocks/referenceclock/in/sourceactual -
2025.05.15 06:44:15.168   get /dev12195/system/clocks/referenceclock/in/source -
2025.05.15 06:44:15.168   get /dev12195/system/clocks/referenceclock/in/status -
2025.05.15 06:44:15.168   get /dev12195/system/clocks/referenceclock/in/freq -
2025.05.15 06:44:15.168   get /dev12195/system/clocks/referenceclock/in/sourceactual -
2025.05.15 06:44:15.168   get /dev12195/system/clocks/referenceclock/in/source -
2025.05.15 06:44:15.168   get /dev12195/system/clocks/referenceclock/in/status -
2025.05.15 06:44:24.210 Node log from the data server with id 'zi_server':
2025.05.15 06:44:24.212   set /dev12195/raw/error/clear 1
2025.05.15 06:44:24.212   set /dev12195/sgchannels/0/pipeliner/mode 0
2025.05.15 06:44:24.212   set /dev12195/sgchannels/1/pipeliner/mode 0
2025.05.15 06:44:24.212   set /dev12195/sgchannels/2/pipeliner/mode 0
2025.05.15 06:44:24.212   set /dev12195/sgchannels/3/pipeliner/mode 0
2025.05.15 06:44:24.212   set /dev12195/sgchannels/4/pipeliner/mode 0
2025.05.15 06:44:24.212   set /dev12195/sgchannels/5/pipeliner/mode 0
2025.05.15 06:44:24.212   set /dev12195/sgchannels/0/synchronization/enable 0
2025.05.15 06:44:24.212   set /dev12195/sgchannels/1/synchronization/enable 0
2025.05.15 06:44:24.212   set /dev12195/sgchannels/2/synchronization/enable 0
2025.05.15 06:44:24.212   set /dev12195/sgchannels/3/synchronization/enable 0
2025.05.15 06:44:24.214   set /dev12195/sgchannels/4/synchronization/enable 0
2025.05.15 06:44:24.214   set /dev12195/sgchannels/5/synchronization/enable 0
2025.05.15 06:44:24.214   set /dev12195/sgchannels/0/awg/enable 0
2025.05.15 06:44:24.214   set /dev12195/sgchannels/1/awg/enable 0
2025.05.15 06:44:24.214   set /dev12195/sgchannels/2/awg/enable 0
2025.05.15 06:44:24.214   set /dev12195/sgchannels/3/awg/enable 0
2025.05.15 06:44:24.214   set /dev12195/sgchannels/4/awg/enable 0
2025.05.15 06:44:24.214   set /dev12195/sgchannels/5/awg/enable 0
2025.05.15 06:44:24.216   set /dev12195/system/synchronization/source 0
2025.05.15 06:44:24.216   set /dev12195/system/internaltrigger/synchronization/enable 0
2025.05.15 06:44:24.216   set /dev12195/scopes/0/enable 0
2025.05.15 06:44:24.216   set /dev12195/qachannels/0/pipeliner/mode 0
2025.05.15 06:44:24.216   set /dev12195/qachannels/0/synchronization/enable 0
2025.05.15 06:44:24.216   set /dev12195/qachannels/0/generator/enable 0
2025.05.15 06:44:24.216   set /dev12195/qachannels/0/readout/result/enable 0
2025.05.15 06:44:24.216   set /dev12195/qachannels/0/spectroscopy/psd/enable 0
2025.05.15 06:44:24.216   set /dev12195/qachannels/0/spectroscopy/result/enable 0
2025.05.15 06:44:24.216   set /dev12195/qachannels/0/output/rflfinterlock 1
2025.05.15 06:44:24.216   set /dev12195/qachannels/0/oscs/0/gain 1
2025.05.15 06:44:24.216   set /dev12195/scopes/0/channels/0/enable 0
2025.05.15 06:44:24.216   set /dev12195/scopes/0/channels/1/enable 0
2025.05.15 06:44:24.218   set /dev12195/scopes/0/channels/2/enable 0
2025.05.15 06:44:24.218   set /dev12195/scopes/0/channels/3/enable 0
2025.05.15 06:44:24.220   get /dev12195/sgchannels/0/output/overrangecount -
2025.05.15 06:44:24.222   get /dev12195/sgchannels/1/output/overrangecount -
2025.05.15 06:44:24.222   get /dev12195/sgchannels/2/output/overrangecount -
2025.05.15 06:44:24.222   get /dev12195/sgchannels/3/output/overrangecount -
2025.05.15 06:44:24.222   get /dev12195/sgchannels/4/output/overrangecount -
2025.05.15 06:44:24.222   get /dev12195/sgchannels/5/output/overrangecount -
2025.05.15 06:44:24.222   get /dev12195/qachannels/0/output/overrangecount -
2025.05.15 06:44:24.222   get /dev12195/qachannels/0/input/overrangecount -
2025.05.15 06:44:24.222   set /dev12195/sgchannels/4/output/on 1
2025.05.15 06:44:24.222   set /dev12195/sgchannels/4/awg/single 1
2025.05.15 06:44:24.222   set /dev12195/sgchannels/4/awg/modulation/enable 1
2025.05.15 06:44:24.222   set /dev12195/sgchannels/4/marker/source 0
2025.05.15 06:44:24.222   set /dev12195/sgchannels/4/trigger/delay 0
2025.05.15 06:44:24.222   set /dev12195/sgchannels/4/output/rflfpath 1
2025.05.15 06:44:24.222   set /dev12195/sgchannels/4/output/muting/enable 0
2025.05.15 06:44:24.224   set /dev12195/sgchannels/4/sines/0/oscselect 0
2025.05.15 06:44:24.224   set /dev12195/sgchannels/4/sines/0/harmonic 1
2025.05.15 06:44:24.224   set /dev12195/sgchannels/4/sines/0/phaseshift 0
2025.05.15 06:44:24.224   set /dev12195/qachannels/0/output/on 1
2025.05.15 06:44:24.224   set /dev12195/qachannels/0/generator/single 1
2025.05.15 06:44:24.224   set /dev12195/qachannels/0/output/muting/enable 0
2025.05.15 06:44:24.224   set /dev12195/qachannels/0/input/rflfpath 1
2025.05.15 06:44:24.224   set /dev12195/qachannels/0/input/on 1
2025.05.15 06:44:24.225   set /dev12195/sgchannels/4/oscs/0/freq -3.214e+09
2025.05.15 06:44:24.225   set /dev12195/sgchannels/4/awg/auxtriggers/0/slope 1
2025.05.15 06:44:24.225   set /dev12195/sgchannels/4/awg/auxtriggers/0/channel 8
2025.05.15 06:44:24.225   set /dev12195/system/internaltrigger/enable 0
2025.05.15 06:44:24.225   set /dev12195/system/internaltrigger/repetitions 1
2025.05.15 06:44:24.225   set /dev12195/qachannels/0/markers/0/source 32
2025.05.15 06:44:24.225   set /dev12195/qachannels/0/markers/1/source 36
2025.05.15 06:44:24.226   set /dev12195/qachannels/0/generator/auxtriggers/0/channel 8
2025.05.15 06:44:24.226   set /dev12195/sgchannels/4/oscs/0/freq -3.214e+09
2025.05.15 06:44:24.226   set /dev12195/synthesizers/3/centerfreq 3.6e+09
2025.05.15 06:44:24.226   set /dev12195/sgchannels/4/output/delay 0
2025.05.15 06:44:24.226   set /dev12195/qachannels/0/generator/delay 0
2025.05.15 06:44:24.226   set /dev12195/qachannels/0/readout/integration/delay 2.12e-07
2025.05.15 06:44:24.226   set /dev12195/qachannels/0/mode 1
2025.05.15 06:44:24.226   set /dev12195/qachannels/0/readout/multistate/qudits/0/enable 0
2025.05.15 06:44:24.226   set /dev12195/qachannels/0/readout/multistate/qudits/1/enable 0
2025.05.15 06:44:24.226   set /dev12195/qachannels/0/readout/multistate/qudits/2/enable 0
2025.05.15 06:44:24.226   set /dev12195/qachannels/0/readout/multistate/qudits/3/enable 0
2025.05.15 06:44:24.226   set /dev12195/qachannels/0/readout/multistate/qudits/4/enable 0
2025.05.15 06:44:24.226   set /dev12195/qachannels/0/readout/multistate/qudits/5/enable 0
2025.05.15 06:44:24.226   set /dev12195/qachannels/0/readout/multistate/qudits/6/enable 0
2025.05.15 06:44:24.226   set /dev12195/qachannels/0/readout/multistate/qudits/7/enable 0
2025.05.15 06:44:24.226   set /dev12195/qachannels/0/readout/multistate/enable 1
2025.05.15 06:44:24.226   set /dev12195/qachannels/0/readout/multistate/zsync/packed 1
2025.05.15 06:44:24.226   set /dev12195/qachannels/0/readout/multistate/qudits/0/numstates 2
2025.05.15 06:44:24.228   set /dev12195/qachannels/0/readout/multistate/qudits/0/enable 1
2025.05.15 06:44:24.228   set /dev12195/qachannels/0/readout/multistate/qudits/0/assignmentvec vector (8 B)
2025.05.15 06:44:24.228   set /dev12195/qachannels/0/readout/result/enable 0
2025.05.15 06:44:24.228   set /dev12195/qachannels/0/readout/result/source 1
2025.05.15 06:44:24.228   set /dev12195/qachannels/0/readout/result/length 2
2025.05.15 06:44:24.228   set /dev12195/qachannels/0/readout/result/averages 100
2025.05.15 06:44:24.228   set /dev12195/qachannels/0/readout/result/mode 0
2025.05.15 06:44:24.228   set /dev12195/qachannels/0/readout/multistate/qudits/0/thresholds/0/value 0
2025.05.15 06:44:24.228   set /dev12195/sgchannels/4/awg/elf/data vector (1528 B)
2025.05.15 06:44:24.228   set /dev12195/sgchannels/4/awg/commandtable/data vector (152 B)
2025.05.15 06:44:24.228   set /dev12195/qachannels/0/readout/result/enable 1
2025.05.15 06:44:24.228   set /dev12195/qachannels/0/spectroscopy/result/enable 0
2025.05.15 06:44:24.228   set /dev12195/scopes/0/enable 0
2025.05.15 06:44:24.230   set /dev12195/qachannels/0/generator/elf/data vector (2148 B)
2025.05.15 06:44:24.230   set /dev12195/qachannels/0/generator/clearwave 1
2025.05.15 06:44:24.230   set /dev12195/qachannels/0/generator/waveforms/0/wave vector (32000 B)
2025.05.15 06:44:24.230   get /dev12195/qachannels/0/generator/waveforms/0/wave -
2025.05.15 06:44:24.230   set /dev12195/qachannels/0/spectroscopy/envelope/enable 0
2025.05.15 06:44:24.230   set /dev12195/qachannels/0/readout/multistate/qudits/0/weights/0/wave vector (64000 B)
2025.05.15 06:44:24.230   set /dev12195/qachannels/0/readout/integration/length 4000
2025.05.15 06:44:24.230   set /dev12195/sgchannels/4/awg/enable 1
2025.05.15 06:44:24.230   set /dev12195/qachannels/0/generator/enable 1
2025.05.15 06:44:24.232   set /dev12195/system/internaltrigger/enable 1
2025.05.15 06:44:24.232   set /dev12195/raw/system/awg/runtimechecks/enable 0
2025.05.15 06:44:24.232   set /dev12195/qachannels/0/readout/result/enable 0
2025.05.15 06:44:24.238   get /dev12195/raw/error/json/errors -
2025.05.15 06:44:24.238   get /dev12195/raw/error/json/errors -
2025.05.15 06:44:24.238   get /dev12195/raw/error/json/errors -
2025.05.15 06:44:24.238   get /dev12195/raw/error/json/errors -
2025.05.15 06:44:24.238   set /dev12195/qachannels/0/spectroscopy/envelope/enable 1
2025.05.15 06:49:24.061 Node log from the data server with id 'zi_server':
2025.05.15 06:49:24.061   get /dev12195/raw/system/awg/runtimechecks/enable -
2025.05.15 06:49:24.061   get /dev12195/raw/system/awg/runtimechecks/enable -
2025.05.15 06:49:24.061   get /dev12195/system/clocks/referenceclock/in/freq -
2025.05.15 06:49:24.063   get /dev12195/system/clocks/referenceclock/in/sourceactual -
2025.05.15 06:49:24.063   get /dev12195/system/clocks/referenceclock/in/source -
2025.05.15 06:49:24.063   get /dev12195/system/clocks/referenceclock/in/status -
2025.05.15 06:49:24.063   get /dev12195/system/clocks/referenceclock/in/freq -
2025.05.15 06:49:24.063   get /dev12195/system/clocks/referenceclock/in/sourceactual -
2025.05.15 06:49:24.063   get /dev12195/system/clocks/referenceclock/in/source -
2025.05.15 06:49:24.063   get /dev12195/system/clocks/referenceclock/in/status -
2025.05.15 06:49:30.863 Node log from the data server with id 'zi_server':
2025.05.15 06:49:30.864   set /dev12195/raw/error/clear 1
2025.05.15 06:49:30.864   set /dev12195/sgchannels/0/pipeliner/mode 0
2025.05.15 06:49:30.864   set /dev12195/sgchannels/1/pipeliner/mode 0
2025.05.15 06:49:30.864   set /dev12195/sgchannels/2/pipeliner/mode 0
2025.05.15 06:49:30.865   set /dev12195/sgchannels/3/pipeliner/mode 0
2025.05.15 06:49:30.865   set /dev12195/sgchannels/4/pipeliner/mode 0
2025.05.15 06:49:30.865   set /dev12195/sgchannels/5/pipeliner/mode 0
2025.05.15 06:49:30.865   set /dev12195/sgchannels/0/synchronization/enable 0
2025.05.15 06:49:30.865   set /dev12195/sgchannels/1/synchronization/enable 0
2025.05.15 06:49:30.866   set /dev12195/sgchannels/2/synchronization/enable 0
2025.05.15 06:49:30.866   set /dev12195/sgchannels/3/synchronization/enable 0
2025.05.15 06:49:30.866   set /dev12195/sgchannels/4/synchronization/enable 0
2025.05.15 06:49:30.866   set /dev12195/sgchannels/5/synchronization/enable 0
2025.05.15 06:49:30.866   set /dev12195/sgchannels/0/awg/enable 0
2025.05.15 06:49:30.866   set /dev12195/sgchannels/1/awg/enable 0
2025.05.15 06:49:30.866   set /dev12195/sgchannels/2/awg/enable 0
2025.05.15 06:49:30.867   set /dev12195/sgchannels/3/awg/enable 0
2025.05.15 06:49:30.867   set /dev12195/sgchannels/4/awg/enable 0
2025.05.15 06:49:30.867   set /dev12195/sgchannels/5/awg/enable 0
2025.05.15 06:49:30.868   set /dev12195/system/synchronization/source 0
2025.05.15 06:49:30.868   set /dev12195/system/internaltrigger/synchronization/enable 0
2025.05.15 06:49:30.868   set /dev12195/scopes/0/enable 0
2025.05.15 06:49:30.868   set /dev12195/qachannels/0/pipeliner/mode 0
2025.05.15 06:49:30.868   set /dev12195/qachannels/0/synchronization/enable 0
2025.05.15 06:49:30.869   set /dev12195/qachannels/0/generator/enable 0
2025.05.15 06:49:30.869   set /dev12195/qachannels/0/readout/result/enable 0
2025.05.15 06:49:30.869   set /dev12195/qachannels/0/spectroscopy/psd/enable 0
2025.05.15 06:49:30.869   set /dev12195/qachannels/0/spectroscopy/result/enable 0
2025.05.15 06:49:30.869   set /dev12195/qachannels/0/output/rflfinterlock 1
2025.05.15 06:49:30.869   set /dev12195/qachannels/0/oscs/0/gain 1
2025.05.15 06:49:30.869   set /dev12195/scopes/0/channels/0/enable 0
2025.05.15 06:49:30.870   set /dev12195/scopes/0/channels/1/enable 0
2025.05.15 06:49:30.870   set /dev12195/scopes/0/channels/2/enable 0
2025.05.15 06:49:30.870   set /dev12195/scopes/0/channels/3/enable 0
2025.05.15 06:49:30.873   get /dev12195/sgchannels/0/output/overrangecount -
2025.05.15 06:49:30.874   get /dev12195/sgchannels/1/output/overrangecount -
2025.05.15 06:49:30.874   get /dev12195/sgchannels/2/output/overrangecount -
2025.05.15 06:49:30.874   get /dev12195/sgchannels/3/output/overrangecount -
2025.05.15 06:49:30.874   get /dev12195/sgchannels/4/output/overrangecount -
2025.05.15 06:49:30.874   get /dev12195/sgchannels/5/output/overrangecount -
2025.05.15 06:49:30.874   get /dev12195/qachannels/0/output/overrangecount -
2025.05.15 06:49:30.874   get /dev12195/qachannels/0/input/overrangecount -
2025.05.15 06:49:30.875   set /dev12195/sgchannels/4/output/on 1
2025.05.15 06:49:30.875   set /dev12195/sgchannels/4/awg/single 1
2025.05.15 06:49:30.875   set /dev12195/sgchannels/4/awg/modulation/enable 1
2025.05.15 06:49:30.875   set /dev12195/sgchannels/4/marker/source 0
2025.05.15 06:49:30.875   set /dev12195/sgchannels/4/trigger/delay 0
2025.05.15 06:49:30.875   set /dev12195/sgchannels/4/output/rflfpath 1
2025.05.15 06:49:30.875   set /dev12195/sgchannels/4/output/muting/enable 0
2025.05.15 06:49:30.876   set /dev12195/sgchannels/4/sines/0/oscselect 0
2025.05.15 06:49:30.876   set /dev12195/sgchannels/4/sines/0/harmonic 1
2025.05.15 06:49:30.876   set /dev12195/sgchannels/4/sines/0/phaseshift 0
2025.05.15 06:49:30.876   set /dev12195/qachannels/0/output/on 1
2025.05.15 06:49:30.876   set /dev12195/qachannels/0/generator/single 1
2025.05.15 06:49:30.876   set /dev12195/qachannels/0/output/muting/enable 0
2025.05.15 06:49:30.876   set /dev12195/qachannels/0/input/rflfpath 1
2025.05.15 06:49:30.877   set /dev12195/qachannels/0/input/on 1
2025.05.15 06:49:30.877   set /dev12195/sgchannels/4/oscs/0/freq -3.214e+09
2025.05.15 06:49:30.877   set /dev12195/sgchannels/4/awg/auxtriggers/0/slope 1
2025.05.15 06:49:30.877   set /dev12195/sgchannels/4/awg/auxtriggers/0/channel 8
2025.05.15 06:49:30.877   set /dev12195/system/internaltrigger/enable 0
2025.05.15 06:49:30.877   set /dev12195/system/internaltrigger/repetitions 1
2025.05.15 06:49:30.877   set /dev12195/qachannels/0/markers/0/source 32
2025.05.15 06:49:30.878   set /dev12195/qachannels/0/markers/1/source 36
2025.05.15 06:49:30.878   set /dev12195/qachannels/0/generator/auxtriggers/0/channel 8
2025.05.15 06:49:30.878   set /dev12195/sgchannels/4/oscs/0/freq -3.214e+09
2025.05.15 06:49:30.878   set /dev12195/synthesizers/3/centerfreq 3.6e+09
2025.05.15 06:49:30.878   set /dev12195/sgchannels/4/output/delay 0
2025.05.15 06:49:30.878   set /dev12195/qachannels/0/centerfreq 6.8e+09
2025.05.15 06:49:30.878   set /dev12195/qachannels/0/generator/delay 0
2025.05.15 06:49:30.879   set /dev12195/qachannels/0/readout/integration/delay 2.12e-07
2025.05.15 06:49:30.879   set /dev12195/qachannels/0/mode 1
2025.05.15 06:49:30.879   set /dev12195/qachannels/0/readout/multistate/qudits/0/enable 0
2025.05.15 06:49:30.879   set /dev12195/qachannels/0/readout/multistate/qudits/1/enable 0
2025.05.15 06:49:30.879   set /dev12195/qachannels/0/readout/multistate/qudits/2/enable 0
2025.05.15 06:49:30.880   set /dev12195/qachannels/0/readout/multistate/qudits/3/enable 0
2025.05.15 06:49:30.880   set /dev12195/qachannels/0/readout/multistate/qudits/4/enable 0
2025.05.15 06:49:30.880   set /dev12195/qachannels/0/readout/multistate/qudits/5/enable 0
2025.05.15 06:49:30.880   set /dev12195/qachannels/0/readout/multistate/qudits/6/enable 0
2025.05.15 06:49:30.880   set /dev12195/qachannels/0/readout/multistate/qudits/7/enable 0
2025.05.15 06:49:30.880   set /dev12195/qachannels/0/readout/multistate/enable 1
2025.05.15 06:49:30.880   set /dev12195/qachannels/0/readout/multistate/zsync/packed 1
2025.05.15 06:49:30.880   set /dev12195/qachannels/0/readout/multistate/qudits/0/numstates 2
2025.05.15 06:49:30.880   set /dev12195/qachannels/0/readout/multistate/qudits/0/enable 1
2025.05.15 06:49:30.880   set /dev12195/qachannels/0/readout/multistate/qudits/0/assignmentvec vector (8 B)
2025.05.15 06:49:30.882   set /dev12195/qachannels/0/readout/result/enable 0
2025.05.15 06:49:30.882   set /dev12195/qachannels/0/readout/result/source 1
2025.05.15 06:49:30.882   set /dev12195/qachannels/0/readout/result/length 2
2025.05.15 06:49:30.882   set /dev12195/qachannels/0/readout/result/averages 100
2025.05.15 06:49:30.882   set /dev12195/qachannels/0/readout/result/mode 0
2025.05.15 06:49:30.882   set /dev12195/qachannels/0/readout/multistate/qudits/0/thresholds/0/value 0
2025.05.15 06:49:30.882   set /dev12195/sgchannels/4/awg/elf/data vector (1528 B)
2025.05.15 06:49:30.882   set /dev12195/sgchannels/4/awg/commandtable/data vector (152 B)
2025.05.15 06:49:30.882   set /dev12195/qachannels/0/readout/result/enable 1
2025.05.15 06:49:30.882   set /dev12195/qachannels/0/spectroscopy/result/enable 0
2025.05.15 06:49:30.882   set /dev12195/scopes/0/enable 0
2025.05.15 06:49:30.882   set /dev12195/qachannels/0/generator/elf/data vector (2148 B)
2025.05.15 06:49:30.882   set /dev12195/qachannels/0/generator/clearwave 1
2025.05.15 06:49:30.882   set /dev12195/qachannels/0/generator/waveforms/0/wave vector (32000 B)
2025.05.15 06:49:30.884   get /dev12195/qachannels/0/generator/waveforms/0/wave -
2025.05.15 06:49:30.884   set /dev12195/qachannels/0/spectroscopy/envelope/enable 0
2025.05.15 06:49:30.884   set /dev12195/qachannels/0/readout/multistate/qudits/0/weights/0/wave vector (64000 B)
2025.05.15 06:49:30.884   set /dev12195/qachannels/0/readout/integration/length 4000
2025.05.15 06:49:30.884   set /dev12195/sgchannels/4/awg/enable 1
2025.05.15 06:49:30.884   set /dev12195/qachannels/0/generator/enable 1
2025.05.15 06:49:30.884   set /dev12195/system/internaltrigger/enable 1
2025.05.15 06:49:30.886   set /dev12195/raw/system/awg/runtimechecks/enable 0
2025.05.15 06:49:30.886   set /dev12195/qachannels/0/readout/result/enable 0
2025.05.15 06:49:30.890   get /dev12195/raw/error/json/errors -
2025.05.15 06:49:30.890   get /dev12195/raw/error/json/errors -
2025.05.15 06:49:30.890   get /dev12195/raw/error/json/errors -
2025.05.15 06:49:30.890   get /dev12195/raw/error/json/errors -
2025.05.15 06:49:30.890   set /dev12195/qachannels/0/spectroscopy/envelope/enable 1
2025.05.15 09:15:42.769 Node log from the data server with id 'zi_server':
2025.05.15 09:15:42.769   get /dev12195/raw/system/awg/runtimechecks/enable -
2025.05.15 09:15:42.769   get /dev12195/raw/system/awg/runtimechecks/enable -
2025.05.15 09:15:42.769   get /dev12195/system/clocks/referenceclock/in/freq -
2025.05.15 09:15:42.769   get /dev12195/system/clocks/referenceclock/in/sourceactual -
2025.05.15 09:15:42.769   get /dev12195/system/clocks/referenceclock/in/source -
2025.05.15 09:15:42.769   get /dev12195/system/clocks/referenceclock/in/status -
2025.05.15 09:15:42.771   get /dev12195/system/clocks/referenceclock/in/freq -
2025.05.15 09:15:42.771   get /dev12195/system/clocks/referenceclock/in/sourceactual -
2025.05.15 09:15:42.771   get /dev12195/system/clocks/referenceclock/in/source -
2025.05.15 09:15:42.771   get /dev12195/system/clocks/referenceclock/in/status -
2025.05.15 09:24:30.114 Node log from the data server with id 'zi_server':
2025.05.15 09:24:30.114   get /dev12195/raw/system/awg/runtimechecks/enable -
2025.05.15 09:24:30.116   get /dev12195/raw/system/awg/runtimechecks/enable -
2025.05.15 09:24:30.116   get /dev12195/system/clocks/referenceclock/in/freq -
2025.05.15 09:24:30.116   get /dev12195/system/clocks/referenceclock/in/sourceactual -
2025.05.15 09:24:30.116   get /dev12195/system/clocks/referenceclock/in/source -
2025.05.15 09:24:30.116   get /dev12195/system/clocks/referenceclock/in/status -
2025.05.15 09:24:30.116   get /dev12195/system/clocks/referenceclock/in/freq -
2025.05.15 09:24:30.116   get /dev12195/system/clocks/referenceclock/in/sourceactual -
2025.05.15 09:24:30.116   get /dev12195/system/clocks/referenceclock/in/source -
2025.05.15 09:24:30.116   get /dev12195/system/clocks/referenceclock/in/status -
2025.05.15 09:24:32.231 Node log from the data server with id 'zi_server':
2025.05.15 09:24:32.232   set /dev12195/raw/error/clear 1
2025.05.15 09:24:32.232   set /dev12195/sgchannels/0/pipeliner/mode 0
2025.05.15 09:24:32.232   set /dev12195/sgchannels/1/pipeliner/mode 0
2025.05.15 09:24:32.232   set /dev12195/sgchannels/2/pipeliner/mode 0
2025.05.15 09:24:32.233   set /dev12195/sgchannels/3/pipeliner/mode 0
2025.05.15 09:24:32.233   set /dev12195/sgchannels/4/pipeliner/mode 0
2025.05.15 09:24:32.233   set /dev12195/sgchannels/5/pipeliner/mode 0
2025.05.15 09:24:32.233   set /dev12195/sgchannels/0/synchronization/enable 0
2025.05.15 09:24:32.233   set /dev12195/sgchannels/1/synchronization/enable 0
2025.05.15 09:24:32.233   set /dev12195/sgchannels/2/synchronization/enable 0
2025.05.15 09:24:32.233   set /dev12195/sgchannels/3/synchronization/enable 0
2025.05.15 09:24:32.234   set /dev12195/sgchannels/4/synchronization/enable 0
2025.05.15 09:24:32.234   set /dev12195/sgchannels/5/synchronization/enable 0
2025.05.15 09:24:32.234   set /dev12195/sgchannels/0/awg/enable 0
2025.05.15 09:24:32.234   set /dev12195/sgchannels/1/awg/enable 0
2025.05.15 09:24:32.234   set /dev12195/sgchannels/2/awg/enable 0
2025.05.15 09:24:32.234   set /dev12195/sgchannels/3/awg/enable 0
2025.05.15 09:24:32.234   set /dev12195/sgchannels/4/awg/enable 0
2025.05.15 09:24:32.235   set /dev12195/sgchannels/5/awg/enable 0
2025.05.15 09:24:32.236   set /dev12195/system/synchronization/source 0
2025.05.15 09:24:32.236   set /dev12195/system/internaltrigger/synchronization/enable 0
2025.05.15 09:24:32.236   set /dev12195/scopes/0/enable 0
2025.05.15 09:24:32.236   set /dev12195/qachannels/0/pipeliner/mode 0
2025.05.15 09:24:32.236   set /dev12195/qachannels/0/synchronization/enable 0
2025.05.15 09:24:32.236   set /dev12195/qachannels/0/generator/enable 0
2025.05.15 09:24:32.236   set /dev12195/qachannels/0/readout/result/enable 0
2025.05.15 09:24:32.237   set /dev12195/qachannels/0/spectroscopy/psd/enable 0
2025.05.15 09:24:32.237   set /dev12195/qachannels/0/spectroscopy/result/enable 0
2025.05.15 09:24:32.237   set /dev12195/qachannels/0/output/rflfinterlock 1
2025.05.15 09:24:32.237   set /dev12195/qachannels/0/oscs/0/gain 1
2025.05.15 09:24:32.237   set /dev12195/scopes/0/channels/0/enable 0
2025.05.15 09:24:32.237   set /dev12195/scopes/0/channels/1/enable 0
2025.05.15 09:24:32.237   set /dev12195/scopes/0/channels/2/enable 0
2025.05.15 09:24:32.238   set /dev12195/scopes/0/channels/3/enable 0
2025.05.15 09:24:32.241   get /dev12195/sgchannels/0/output/overrangecount -
2025.05.15 09:24:32.241   get /dev12195/sgchannels/1/output/overrangecount -
2025.05.15 09:24:32.242   get /dev12195/sgchannels/2/output/overrangecount -
2025.05.15 09:24:32.242   get /dev12195/sgchannels/3/output/overrangecount -
2025.05.15 09:24:32.242   get /dev12195/sgchannels/4/output/overrangecount -
2025.05.15 09:24:32.242   get /dev12195/sgchannels/5/output/overrangecount -
2025.05.15 09:24:32.242   get /dev12195/qachannels/0/output/overrangecount -
2025.05.15 09:24:32.242   get /dev12195/qachannels/0/input/overrangecount -
2025.05.15 09:24:32.242   set /dev12195/sgchannels/4/output/on 1
2025.05.15 09:24:32.243   set /dev12195/sgchannels/4/awg/single 1
2025.05.15 09:24:32.243   set /dev12195/sgchannels/4/awg/modulation/enable 1
2025.05.15 09:24:32.243   set /dev12195/sgchannels/4/marker/source 0
2025.05.15 09:24:32.243   set /dev12195/sgchannels/4/trigger/delay 0
2025.05.15 09:24:32.243   set /dev12195/sgchannels/4/output/rflfpath 1
2025.05.15 09:24:32.243   set /dev12195/sgchannels/4/output/muting/enable 0
2025.05.15 09:24:32.243   set /dev12195/sgchannels/4/sines/0/oscselect 0
2025.05.15 09:24:32.244   set /dev12195/sgchannels/4/sines/0/harmonic 1
2025.05.15 09:24:32.244   set /dev12195/sgchannels/4/sines/0/phaseshift 0
2025.05.15 09:24:32.244   set /dev12195/qachannels/0/output/on 1
2025.05.15 09:24:32.244   set /dev12195/qachannels/0/generator/single 1
2025.05.15 09:24:32.244   set /dev12195/qachannels/0/output/muting/enable 0
2025.05.15 09:24:32.244   set /dev12195/qachannels/0/input/rflfpath 1
2025.05.15 09:24:32.244   set /dev12195/qachannels/0/input/on 1
2025.05.15 09:24:32.245   set /dev12195/sgchannels/4/oscs/0/freq -3.214e+09
2025.05.15 09:24:32.245   set /dev12195/sgchannels/4/awg/auxtriggers/0/slope 1
2025.05.15 09:24:32.245   set /dev12195/sgchannels/4/awg/auxtriggers/0/channel 8
2025.05.15 09:24:32.245   set /dev12195/system/internaltrigger/enable 0
2025.05.15 09:24:32.245   set /dev12195/system/internaltrigger/repetitions 1
2025.05.15 09:24:32.245   set /dev12195/qachannels/0/markers/0/source 32
2025.05.15 09:24:32.245   set /dev12195/qachannels/0/markers/1/source 36
2025.05.15 09:24:32.246   set /dev12195/qachannels/0/generator/auxtriggers/0/channel 8
2025.05.15 09:24:32.246   set /dev12195/sgchannels/4/oscs/0/freq -3.214e+09
2025.05.15 09:24:32.246   set /dev12195/synthesizers/3/centerfreq 3.6e+09
2025.05.15 09:24:32.246   set /dev12195/sgchannels/4/output/delay 0
2025.05.15 09:24:32.246   set /dev12195/qachannels/0/centerfreq 6.8e+09
2025.05.15 09:24:32.246   set /dev12195/qachannels/0/generator/delay 0
2025.05.15 09:24:32.246   set /dev12195/qachannels/0/readout/integration/delay 2.12e-07
2025.05.15 09:24:32.247   set /dev12195/qachannels/0/mode 1
2025.05.15 09:24:32.247   set /dev12195/qachannels/0/readout/multistate/qudits/0/enable 0
2025.05.15 09:24:32.247   set /dev12195/qachannels/0/readout/multistate/qudits/1/enable 0
2025.05.15 09:24:32.247   set /dev12195/qachannels/0/readout/multistate/qudits/2/enable 0
2025.05.15 09:24:32.247   set /dev12195/qachannels/0/readout/multistate/qudits/3/enable 0
2025.05.15 09:24:32.247   set /dev12195/qachannels/0/readout/multistate/qudits/4/enable 0
2025.05.15 09:24:32.248   set /dev12195/qachannels/0/readout/multistate/qudits/5/enable 0
2025.05.15 09:24:32.248   set /dev12195/qachannels/0/readout/multistate/qudits/6/enable 0
2025.05.15 09:24:32.248   set /dev12195/qachannels/0/readout/multistate/qudits/7/enable 0
2025.05.15 09:24:32.248   set /dev12195/qachannels/0/readout/multistate/enable 1
2025.05.15 09:24:32.248   set /dev12195/qachannels/0/readout/multistate/zsync/packed 1
2025.05.15 09:24:32.248   set /dev12195/qachannels/0/readout/multistate/qudits/0/numstates 2
2025.05.15 09:24:32.248   set /dev12195/qachannels/0/readout/multistate/qudits/0/enable 1
2025.05.15 09:24:32.249   set /dev12195/qachannels/0/readout/multistate/qudits/0/assignmentvec vector (8 B)
2025.05.15 09:24:32.249   set /dev12195/qachannels/0/readout/result/enable 0
2025.05.15 09:24:32.249   set /dev12195/qachannels/0/readout/result/source 1
2025.05.15 09:24:32.249   set /dev12195/qachannels/0/readout/result/length 2
2025.05.15 09:24:32.249   set /dev12195/qachannels/0/readout/result/averages 100
2025.05.15 09:24:32.249   set /dev12195/qachannels/0/readout/result/mode 0
2025.05.15 09:24:32.249   set /dev12195/qachannels/0/readout/multistate/qudits/0/thresholds/0/value 0
2025.05.15 09:24:32.250   set /dev12195/sgchannels/4/awg/elf/data vector (1528 B)
2025.05.15 09:24:32.250   set /dev12195/sgchannels/4/awg/commandtable/data vector (152 B)
2025.05.15 09:24:32.250   set /dev12195/qachannels/0/readout/result/enable 1
2025.05.15 09:24:32.250   set /dev12195/qachannels/0/spectroscopy/result/enable 0
2025.05.15 09:24:32.250   set /dev12195/scopes/0/enable 0
2025.05.15 09:24:32.250   set /dev12195/qachannels/0/generator/elf/data vector (2148 B)
2025.05.15 09:24:32.250   set /dev12195/qachannels/0/generator/clearwave 1
2025.05.15 09:24:32.251   set /dev12195/qachannels/0/generator/waveforms/0/wave vector (32000 B)
2025.05.15 09:24:32.251   get /dev12195/qachannels/0/generator/waveforms/0/wave -
2025.05.15 09:24:32.251   set /dev12195/qachannels/0/spectroscopy/envelope/enable 0
2025.05.15 09:24:32.251   set /dev12195/qachannels/0/readout/multistate/qudits/0/weights/0/wave vector (64000 B)
2025.05.15 09:24:32.251   set /dev12195/qachannels/0/readout/integration/length 4000
2025.05.15 09:24:32.252   set /dev12195/sgchannels/4/awg/enable 1
2025.05.15 09:24:32.252   set /dev12195/qachannels/0/generator/enable 1
2025.05.15 09:24:32.253   set /dev12195/system/internaltrigger/enable 1
2025.05.15 09:24:32.253   set /dev12195/raw/system/awg/runtimechecks/enable 0
2025.05.15 09:24:32.253   set /dev12195/qachannels/0/readout/result/enable 0
2025.05.15 09:24:32.253   get /dev12195/raw/error/json/errors -
2025.05.15 09:24:32.254   get /dev12195/raw/error/json/errors -
2025.05.15 09:24:32.255   set /dev12195/qachannels/0/spectroscopy/envelope/enable 1
2025.05.15 09:24:54.834 Node log from the data server with id 'zi_server':
2025.05.15 09:24:54.834   get /dev12195/raw/system/awg/runtimechecks/enable -
2025.05.15 09:24:54.834   get /dev12195/raw/system/awg/runtimechecks/enable -
2025.05.15 09:24:54.834   get /dev12195/system/clocks/referenceclock/in/freq -
2025.05.15 09:24:54.834   get /dev12195/system/clocks/referenceclock/in/sourceactual -
2025.05.15 09:24:54.834   get /dev12195/system/clocks/referenceclock/in/source -
2025.05.15 09:24:54.836   get /dev12195/system/clocks/referenceclock/in/status -
2025.05.15 09:24:54.836   get /dev12195/system/clocks/referenceclock/in/freq -
2025.05.15 09:24:54.836   get /dev12195/system/clocks/referenceclock/in/sourceactual -
2025.05.15 09:24:54.836   get /dev12195/system/clocks/referenceclock/in/source -
2025.05.15 09:24:54.836   get /dev12195/system/clocks/referenceclock/in/status -
2025.05.15 09:24:55.881 Node log from the data server with id 'zi_server':
2025.05.15 09:24:55.882   set /dev12195/raw/error/clear 1
2025.05.15 09:24:55.882   set /dev12195/sgchannels/0/pipeliner/mode 0
2025.05.15 09:24:55.883   set /dev12195/sgchannels/1/pipeliner/mode 0
2025.05.15 09:24:55.883   set /dev12195/sgchannels/2/pipeliner/mode 0
2025.05.15 09:24:55.883   set /dev12195/sgchannels/3/pipeliner/mode 0
2025.05.15 09:24:55.883   set /dev12195/sgchannels/4/pipeliner/mode 0
2025.05.15 09:24:55.883   set /dev12195/sgchannels/5/pipeliner/mode 0
2025.05.15 09:24:55.883   set /dev12195/sgchannels/0/synchronization/enable 0
2025.05.15 09:24:55.884   set /dev12195/sgchannels/1/synchronization/enable 0
2025.05.15 09:24:55.884   set /dev12195/sgchannels/2/synchronization/enable 0
2025.05.15 09:24:55.884   set /dev12195/sgchannels/3/synchronization/enable 0
2025.05.15 09:24:55.884   set /dev12195/sgchannels/4/synchronization/enable 0
2025.05.15 09:24:55.884   set /dev12195/sgchannels/5/synchronization/enable 0
2025.05.15 09:24:55.884   set /dev12195/sgchannels/0/awg/enable 0
2025.05.15 09:24:55.884   set /dev12195/sgchannels/1/awg/enable 0
2025.05.15 09:24:55.885   set /dev12195/sgchannels/2/awg/enable 0
2025.05.15 09:24:55.885   set /dev12195/sgchannels/3/awg/enable 0
2025.05.15 09:24:55.885   set /dev12195/sgchannels/4/awg/enable 0
2025.05.15 09:24:55.885   set /dev12195/sgchannels/5/awg/enable 0
2025.05.15 09:24:55.886   set /dev12195/system/synchronization/source 0
2025.05.15 09:24:55.886   set /dev12195/system/internaltrigger/synchronization/enable 0
2025.05.15 09:24:55.886   set /dev12195/scopes/0/enable 0
2025.05.15 09:24:55.886   set /dev12195/qachannels/0/pipeliner/mode 0
2025.05.15 09:24:55.886   set /dev12195/qachannels/0/synchronization/enable 0
2025.05.15 09:24:55.886   set /dev12195/qachannels/0/generator/enable 0
2025.05.15 09:24:55.886   set /dev12195/qachannels/0/readout/result/enable 0
2025.05.15 09:24:55.887   set /dev12195/qachannels/0/spectroscopy/psd/enable 0
2025.05.15 09:24:55.887   set /dev12195/qachannels/0/spectroscopy/result/enable 0
2025.05.15 09:24:55.887   set /dev12195/qachannels/0/output/rflfinterlock 1
2025.05.15 09:24:55.887   set /dev12195/qachannels/0/oscs/0/gain 1
2025.05.15 09:24:55.887   set /dev12195/scopes/0/channels/0/enable 0
2025.05.15 09:24:55.887   set /dev12195/scopes/0/channels/1/enable 0
2025.05.15 09:24:55.887   set /dev12195/scopes/0/channels/2/enable 0
2025.05.15 09:24:55.887   set /dev12195/scopes/0/channels/3/enable 0
2025.05.15 09:24:55.891   get /dev12195/sgchannels/0/output/overrangecount -
2025.05.15 09:24:55.891   get /dev12195/sgchannels/1/output/overrangecount -
2025.05.15 09:24:55.891   get /dev12195/sgchannels/2/output/overrangecount -
2025.05.15 09:24:55.891   get /dev12195/sgchannels/3/output/overrangecount -
2025.05.15 09:24:55.891   get /dev12195/sgchannels/4/output/overrangecount -
2025.05.15 09:24:55.891   get /dev12195/sgchannels/5/output/overrangecount -
2025.05.15 09:24:55.891   get /dev12195/qachannels/0/output/overrangecount -
2025.05.15 09:24:55.891   get /dev12195/qachannels/0/input/overrangecount -
2025.05.15 09:24:55.891   set /dev12195/sgchannels/4/output/on 1
2025.05.15 09:24:55.891   set /dev12195/sgchannels/4/awg/single 1
2025.05.15 09:24:55.891   set /dev12195/sgchannels/4/awg/modulation/enable 1
2025.05.15 09:24:55.893   set /dev12195/sgchannels/4/marker/source 0
2025.05.15 09:24:55.893   set /dev12195/sgchannels/4/trigger/delay 0
2025.05.15 09:24:55.893   set /dev12195/sgchannels/4/output/rflfpath 1
2025.05.15 09:24:55.893   set /dev12195/sgchannels/4/output/muting/enable 0
2025.05.15 09:24:55.893   set /dev12195/sgchannels/4/sines/0/oscselect 0
2025.05.15 09:24:55.893   set /dev12195/sgchannels/4/sines/0/harmonic 1
2025.05.15 09:24:55.893   set /dev12195/sgchannels/4/sines/0/phaseshift 0
2025.05.15 09:24:55.893   set /dev12195/qachannels/0/output/on 1
2025.05.15 09:24:55.893   set /dev12195/qachannels/0/generator/single 1
2025.05.15 09:24:55.893   set /dev12195/qachannels/0/output/muting/enable 0
2025.05.15 09:24:55.893   set /dev12195/qachannels/0/input/rflfpath 1
2025.05.15 09:24:55.893   set /dev12195/qachannels/0/input/on 1
2025.05.15 09:24:55.893   set /dev12195/sgchannels/4/oscs/0/freq -3.214e+09
2025.05.15 09:24:55.893   set /dev12195/sgchannels/4/awg/auxtriggers/0/slope 1
2025.05.15 09:24:55.895   set /dev12195/sgchannels/4/awg/auxtriggers/0/channel 8
2025.05.15 09:24:55.895   set /dev12195/system/internaltrigger/enable 0
2025.05.15 09:24:55.895   set /dev12195/system/internaltrigger/repetitions 1
2025.05.15 09:24:55.895   set /dev12195/qachannels/0/markers/0/source 32
2025.05.15 09:24:55.895   set /dev12195/qachannels/0/markers/1/source 36
2025.05.15 09:24:55.895   set /dev12195/qachannels/0/generator/auxtriggers/0/channel 8
2025.05.15 09:24:55.895   set /dev12195/sgchannels/4/oscs/0/freq -3.214e+09
2025.05.15 09:24:55.895   set /dev12195/synthesizers/3/centerfreq 3.6e+09
2025.05.15 09:24:55.895   set /dev12195/sgchannels/4/output/delay 0
2025.05.15 09:24:55.895   set /dev12195/qachannels/0/centerfreq 6.8e+09
2025.05.15 09:24:55.895   set /dev12195/qachannels/0/generator/delay 0
2025.05.15 09:24:55.895   set /dev12195/qachannels/0/readout/integration/delay 2.12e-07
2025.05.15 09:24:55.895   set /dev12195/qachannels/0/mode 1
2025.05.15 09:24:55.895   set /dev12195/qachannels/0/readout/multistate/qudits/0/enable 0
2025.05.15 09:24:55.897   set /dev12195/qachannels/0/readout/multistate/qudits/1/enable 0
2025.05.15 09:24:55.897   set /dev12195/qachannels/0/readout/multistate/qudits/2/enable 0
2025.05.15 09:24:55.897   set /dev12195/qachannels/0/readout/multistate/qudits/3/enable 0
2025.05.15 09:24:55.897   set /dev12195/qachannels/0/readout/multistate/qudits/4/enable 0
2025.05.15 09:24:55.897   set /dev12195/qachannels/0/readout/multistate/qudits/5/enable 0
2025.05.15 09:24:55.897   set /dev12195/qachannels/0/readout/multistate/qudits/6/enable 0
2025.05.15 09:24:55.897   set /dev12195/qachannels/0/readout/multistate/qudits/7/enable 0
2025.05.15 09:24:55.897   set /dev12195/qachannels/0/readout/multistate/enable 1
2025.05.15 09:24:55.897   set /dev12195/qachannels/0/readout/multistate/zsync/packed 1
2025.05.15 09:24:55.897   set /dev12195/qachannels/0/readout/multistate/qudits/0/numstates 2
2025.05.15 09:24:55.897   set /dev12195/qachannels/0/readout/multistate/qudits/0/enable 1
2025.05.15 09:24:55.897   set /dev12195/qachannels/0/readout/multistate/qudits/0/assignmentvec vector (8 B)
2025.05.15 09:24:55.899   set /dev12195/sgchannels/4/awg/elf/data vector (1528 B)
2025.05.15 09:24:55.899   set /dev12195/qachannels/0/readout/result/enable 0
2025.05.15 09:24:55.899   set /dev12195/qachannels/0/readout/result/source 1
2025.05.15 09:24:55.899   set /dev12195/qachannels/0/readout/result/length 2
2025.05.15 09:24:55.899   set /dev12195/qachannels/0/readout/result/averages 100
2025.05.15 09:24:55.899   set /dev12195/qachannels/0/readout/result/mode 0
2025.05.15 09:24:55.899   set /dev12195/qachannels/0/readout/multistate/qudits/0/thresholds/0/value 0
2025.05.15 09:24:55.899   set /dev12195/sgchannels/4/awg/commandtable/data vector (152 B)
2025.05.15 09:24:55.899   set /dev12195/qachannels/0/readout/result/enable 1
2025.05.15 09:24:55.899   set /dev12195/qachannels/0/spectroscopy/result/enable 0
2025.05.15 09:24:55.899   set /dev12195/scopes/0/enable 0
2025.05.15 09:24:55.901   set /dev12195/qachannels/0/generator/elf/data vector (2148 B)
2025.05.15 09:24:55.901   set /dev12195/qachannels/0/generator/clearwave 1
2025.05.15 09:24:55.901   set /dev12195/qachannels/0/generator/waveforms/0/wave vector (32000 B)
2025.05.15 09:24:55.901   get /dev12195/qachannels/0/generator/waveforms/0/wave -
2025.05.15 09:24:55.901   set /dev12195/qachannels/0/spectroscopy/envelope/enable 0
2025.05.15 09:24:55.901   set /dev12195/qachannels/0/readout/multistate/qudits/0/weights/0/wave vector (64000 B)
2025.05.15 09:24:55.901   set /dev12195/qachannels/0/readout/integration/length 4000
2025.05.15 09:24:55.901   set /dev12195/sgchannels/4/awg/enable 1
2025.05.15 09:24:55.901   set /dev12195/qachannels/0/generator/enable 1
2025.05.15 09:24:55.903   set /dev12195/system/internaltrigger/enable 1
2025.05.15 09:24:55.903   set /dev12195/raw/system/awg/runtimechecks/enable 0
2025.05.15 09:24:55.905   set /dev12195/qachannels/0/readout/result/enable 0
2025.05.15 09:24:55.905   get /dev12195/raw/error/json/errors -
2025.05.15 09:24:55.905   get /dev12195/raw/error/json/errors -
2025.05.15 09:24:55.905   set /dev12195/qachannels/0/spectroscopy/envelope/enable 1
2025.05.15 09:25:45.053 Node log from the data server with id 'zi_server':
2025.05.15 09:25:45.053   get /dev12195/raw/system/awg/runtimechecks/enable -
2025.05.15 09:25:45.053   get /dev12195/raw/system/awg/runtimechecks/enable -
2025.05.15 09:25:45.053   get /dev12195/system/clocks/referenceclock/in/freq -
2025.05.15 09:25:45.053   get /dev12195/system/clocks/referenceclock/in/sourceactual -
2025.05.15 09:25:45.053   get /dev12195/system/clocks/referenceclock/in/source -
2025.05.15 09:25:45.055   get /dev12195/system/clocks/referenceclock/in/status -
2025.05.15 09:25:45.055   get /dev12195/system/clocks/referenceclock/in/freq -
2025.05.15 09:25:45.055   get /dev12195/system/clocks/referenceclock/in/sourceactual -
2025.05.15 09:25:45.055   get /dev12195/system/clocks/referenceclock/in/source -
2025.05.15 09:25:45.055   get /dev12195/system/clocks/referenceclock/in/status -
2025.05.15 09:25:46.724 Node log from the data server with id 'zi_server':
2025.05.15 09:25:46.724   set /dev12195/raw/error/clear 1
2025.05.15 09:25:46.724   set /dev12195/sgchannels/0/pipeliner/mode 0
2025.05.15 09:25:46.724   set /dev12195/sgchannels/1/pipeliner/mode 0
2025.05.15 09:25:46.726   set /dev12195/sgchannels/2/pipeliner/mode 0
2025.05.15 09:25:46.726   set /dev12195/sgchannels/3/pipeliner/mode 0
2025.05.15 09:25:46.726   set /dev12195/sgchannels/4/pipeliner/mode 0
2025.05.15 09:25:46.726   set /dev12195/sgchannels/5/pipeliner/mode 0
2025.05.15 09:25:46.726   set /dev12195/sgchannels/0/synchronization/enable 0
2025.05.15 09:25:46.726   set /dev12195/sgchannels/1/synchronization/enable 0
2025.05.15 09:25:46.726   set /dev12195/sgchannels/2/synchronization/enable 0
2025.05.15 09:25:46.726   set /dev12195/sgchannels/3/synchronization/enable 0
2025.05.15 09:25:46.726   set /dev12195/sgchannels/4/synchronization/enable 0
2025.05.15 09:25:46.726   set /dev12195/sgchannels/5/synchronization/enable 0
2025.05.15 09:25:46.726   set /dev12195/sgchannels/0/awg/enable 0
2025.05.15 09:25:46.726   set /dev12195/sgchannels/1/awg/enable 0
2025.05.15 09:25:46.726   set /dev12195/sgchannels/2/awg/enable 0
2025.05.15 09:25:46.726   set /dev12195/sgchannels/3/awg/enable 0
2025.05.15 09:25:46.728   set /dev12195/sgchannels/4/awg/enable 0
2025.05.15 09:25:46.728   set /dev12195/sgchannels/5/awg/enable 0
2025.05.15 09:25:46.728   set /dev12195/system/synchronization/source 0
2025.05.15 09:25:46.728   set /dev12195/system/internaltrigger/synchronization/enable 0
2025.05.15 09:25:46.728   set /dev12195/scopes/0/enable 0
2025.05.15 09:25:46.728   set /dev12195/qachannels/0/pipeliner/mode 0
2025.05.15 09:25:46.728   set /dev12195/qachannels/0/synchronization/enable 0
2025.05.15 09:25:46.728   set /dev12195/qachannels/0/generator/enable 0
2025.05.15 09:25:46.730   set /dev12195/qachannels/0/readout/result/enable 0
2025.05.15 09:25:46.730   set /dev12195/qachannels/0/spectroscopy/psd/enable 0
2025.05.15 09:25:46.730   set /dev12195/qachannels/0/spectroscopy/result/enable 0
2025.05.15 09:25:46.730   set /dev12195/qachannels/0/output/rflfinterlock 1
2025.05.15 09:25:46.730   set /dev12195/qachannels/0/oscs/0/gain 1
2025.05.15 09:25:46.730   set /dev12195/scopes/0/channels/0/enable 0
2025.05.15 09:25:46.730   set /dev12195/scopes/0/channels/1/enable 0
2025.05.15 09:25:46.730   set /dev12195/scopes/0/channels/2/enable 0
2025.05.15 09:25:46.730   set /dev12195/scopes/0/channels/3/enable 0
2025.05.15 09:25:46.734   get /dev12195/sgchannels/0/output/overrangecount -
2025.05.15 09:25:46.734   get /dev12195/sgchannels/1/output/overrangecount -
2025.05.15 09:25:46.734   get /dev12195/sgchannels/2/output/overrangecount -
2025.05.15 09:25:46.734   get /dev12195/sgchannels/3/output/overrangecount -
2025.05.15 09:25:46.734   get /dev12195/sgchannels/4/output/overrangecount -
2025.05.15 09:25:46.734   get /dev12195/sgchannels/5/output/overrangecount -
2025.05.15 09:25:46.734   get /dev12195/qachannels/0/output/overrangecount -
2025.05.15 09:25:46.735   get /dev12195/qachannels/0/input/overrangecount -
2025.05.15 09:25:46.735   set /dev12195/sgchannels/4/output/on 1
2025.05.15 09:25:46.735   set /dev12195/sgchannels/4/awg/single 1
2025.05.15 09:25:46.735   set /dev12195/sgchannels/4/awg/modulation/enable 1
2025.05.15 09:25:46.735   set /dev12195/sgchannels/4/marker/source 0
2025.05.15 09:25:46.735   set /dev12195/sgchannels/4/trigger/delay 0
2025.05.15 09:25:46.735   set /dev12195/sgchannels/4/output/rflfpath 1
2025.05.15 09:25:46.736   set /dev12195/sgchannels/4/output/muting/enable 0
2025.05.15 09:25:46.736   set /dev12195/sgchannels/4/sines/0/oscselect 0
2025.05.15 09:25:46.736   set /dev12195/sgchannels/4/sines/0/harmonic 1
2025.05.15 09:25:46.736   set /dev12195/sgchannels/4/sines/0/phaseshift 0
2025.05.15 09:25:46.736   set /dev12195/qachannels/0/output/on 1
2025.05.15 09:25:46.736   set /dev12195/qachannels/0/generator/single 1
2025.05.15 09:25:46.736   set /dev12195/qachannels/0/output/muting/enable 0
2025.05.15 09:25:46.737   set /dev12195/qachannels/0/input/rflfpath 1
2025.05.15 09:25:46.737   set /dev12195/qachannels/0/input/on 1
2025.05.15 09:25:46.737   set /dev12195/sgchannels/4/oscs/0/freq -3.214e+09
2025.05.15 09:25:46.737   set /dev12195/sgchannels/4/awg/auxtriggers/0/slope 1
2025.05.15 09:25:46.737   set /dev12195/sgchannels/4/awg/auxtriggers/0/channel 8
2025.05.15 09:25:46.737   set /dev12195/system/internaltrigger/enable 0
2025.05.15 09:25:46.737   set /dev12195/system/internaltrigger/repetitions 1
2025.05.15 09:25:46.738   set /dev12195/qachannels/0/markers/0/source 32
2025.05.15 09:25:46.738   set /dev12195/qachannels/0/markers/1/source 36
2025.05.15 09:25:46.738   set /dev12195/qachannels/0/generator/auxtriggers/0/channel 8
2025.05.15 09:25:46.738   set /dev12195/sgchannels/4/oscs/0/freq -3.214e+09
2025.05.15 09:25:46.738   set /dev12195/synthesizers/3/centerfreq 3.6e+09
2025.05.15 09:25:46.738   set /dev12195/sgchannels/4/output/delay 0
2025.05.15 09:25:46.738   set /dev12195/qachannels/0/centerfreq 6.8e+09
2025.05.15 09:25:46.739   set /dev12195/qachannels/0/generator/delay 0
2025.05.15 09:25:46.739   set /dev12195/qachannels/0/readout/integration/delay 2.12e-07
2025.05.15 09:25:46.739   set /dev12195/qachannels/0/mode 1
2025.05.15 09:25:46.739   set /dev12195/qachannels/0/readout/multistate/qudits/0/enable 0
2025.05.15 09:25:46.739   set /dev12195/qachannels/0/readout/multistate/qudits/1/enable 0
2025.05.15 09:25:46.739   set /dev12195/qachannels/0/readout/multistate/qudits/2/enable 0
2025.05.15 09:25:46.740   set /dev12195/qachannels/0/readout/multistate/qudits/3/enable 0
2025.05.15 09:25:46.740   set /dev12195/qachannels/0/readout/multistate/qudits/4/enable 0
2025.05.15 09:25:46.740   set /dev12195/qachannels/0/readout/multistate/qudits/5/enable 0
2025.05.15 09:25:46.740   set /dev12195/qachannels/0/readout/multistate/qudits/6/enable 0
2025.05.15 09:25:46.740   set /dev12195/qachannels/0/readout/multistate/qudits/7/enable 0
2025.05.15 09:25:46.740   set /dev12195/qachannels/0/readout/multistate/enable 1
2025.05.15 09:25:46.740   set /dev12195/qachannels/0/readout/multistate/zsync/packed 1
2025.05.15 09:25:46.741   set /dev12195/qachannels/0/readout/multistate/qudits/0/numstates 2
2025.05.15 09:25:46.741   set /dev12195/qachannels/0/readout/multistate/qudits/0/enable 1
2025.05.15 09:25:46.741   set /dev12195/qachannels/0/readout/multistate/qudits/0/assignmentvec vector (8 B)
2025.05.15 09:25:46.741   set /dev12195/qachannels/0/readout/result/enable 0
2025.05.15 09:25:46.741   set /dev12195/qachannels/0/readout/result/source 1
2025.05.15 09:25:46.741   set /dev12195/qachannels/0/readout/result/length 2
2025.05.15 09:25:46.741   set /dev12195/qachannels/0/readout/result/averages 100
2025.05.15 09:25:46.742   set /dev12195/qachannels/0/readout/result/mode 0
2025.05.15 09:25:46.742   set /dev12195/qachannels/0/readout/multistate/qudits/0/thresholds/0/value 0
2025.05.15 09:25:46.742   set /dev12195/sgchannels/4/awg/elf/data vector (1528 B)
2025.05.15 09:25:46.742   set /dev12195/sgchannels/4/awg/commandtable/data vector (152 B)
2025.05.15 09:25:46.742   set /dev12195/qachannels/0/readout/result/enable 1
2025.05.15 09:25:46.742   set /dev12195/qachannels/0/spectroscopy/result/enable 0
2025.05.15 09:25:46.742   set /dev12195/scopes/0/enable 0
2025.05.15 09:25:46.743   set /dev12195/qachannels/0/generator/elf/data vector (2148 B)
2025.05.15 09:25:46.743   set /dev12195/qachannels/0/generator/clearwave 1
2025.05.15 09:25:46.743   set /dev12195/qachannels/0/generator/waveforms/0/wave vector (32000 B)
2025.05.15 09:25:46.743   get /dev12195/qachannels/0/generator/waveforms/0/wave -
2025.05.15 09:25:46.743   set /dev12195/qachannels/0/spectroscopy/envelope/enable 0
2025.05.15 09:25:46.743   set /dev12195/qachannels/0/readout/multistate/qudits/0/weights/0/wave vector (64000 B)
2025.05.15 09:25:46.743   set /dev12195/qachannels/0/readout/integration/length 4000
2025.05.15 09:25:46.744   set /dev12195/sgchannels/4/awg/enable 1
2025.05.15 09:25:46.744   set /dev12195/qachannels/0/generator/enable 1
2025.05.15 09:25:46.745   set /dev12195/system/internaltrigger/enable 1
2025.05.15 09:25:46.745   set /dev12195/raw/system/awg/runtimechecks/enable 0
2025.05.15 09:25:46.745   set /dev12195/qachannels/0/readout/result/enable 0
2025.05.15 09:25:46.746   get /dev12195/raw/error/json/errors -
2025.05.15 09:25:46.747   get /dev12195/raw/error/json/errors -
2025.05.15 09:25:46.747   set /dev12195/qachannels/0/spectroscopy/envelope/enable 1
2025.05.15 09:26:52.063 Node log from the data server with id 'zi_server':
2025.05.15 09:26:52.064   get /dev12195/raw/system/awg/runtimechecks/enable -
2025.05.15 09:26:52.064   get /dev12195/raw/system/awg/runtimechecks/enable -
2025.05.15 09:26:52.064   get /dev12195/system/clocks/referenceclock/in/freq -
2025.05.15 09:26:52.064   get /dev12195/system/clocks/referenceclock/in/sourceactual -
2025.05.15 09:26:52.064   get /dev12195/system/clocks/referenceclock/in/source -
2025.05.15 09:26:52.065   get /dev12195/system/clocks/referenceclock/in/status -
2025.05.15 09:26:52.065   get /dev12195/system/clocks/referenceclock/in/freq -
2025.05.15 09:26:52.065   get /dev12195/system/clocks/referenceclock/in/sourceactual -
2025.05.15 09:26:52.065   get /dev12195/system/clocks/referenceclock/in/source -
2025.05.15 09:26:52.065   get /dev12195/system/clocks/referenceclock/in/status -
2025.05.15 09:29:41.941 Node log from the data server with id 'zi_server':
2025.05.15 09:29:41.941   get /dev12195/raw/system/awg/runtimechecks/enable -
2025.05.15 09:29:41.943   get /dev12195/raw/system/awg/runtimechecks/enable -
2025.05.15 09:29:41.943   get /dev12195/system/clocks/referenceclock/in/freq -
2025.05.15 09:29:41.943   get /dev12195/system/clocks/referenceclock/in/sourceactual -
2025.05.15 09:29:41.943   get /dev12195/system/clocks/referenceclock/in/source -
2025.05.15 09:29:41.943   get /dev12195/system/clocks/referenceclock/in/status -
2025.05.15 09:29:41.943   get /dev12195/system/clocks/referenceclock/in/freq -
2025.05.15 09:29:41.943   get /dev12195/system/clocks/referenceclock/in/sourceactual -
2025.05.15 09:29:41.943   get /dev12195/system/clocks/referenceclock/in/source -
2025.05.15 09:29:41.943   get /dev12195/system/clocks/referenceclock/in/status -
2025.05.15 09:31:03.910 Node log from the data server with id 'zi_server':
2025.05.15 09:31:03.910   get /dev12195/raw/system/awg/runtimechecks/enable -
2025.05.15 09:31:03.911   get /dev12195/raw/system/awg/runtimechecks/enable -
2025.05.15 09:31:03.911   get /dev12195/system/clocks/referenceclock/in/freq -
2025.05.15 09:31:03.911   get /dev12195/system/clocks/referenceclock/in/sourceactual -
2025.05.15 09:31:03.911   get /dev12195/system/clocks/referenceclock/in/source -
2025.05.15 09:31:03.911   get /dev12195/system/clocks/referenceclock/in/status -
2025.05.15 09:31:03.911   get /dev12195/system/clocks/referenceclock/in/freq -
2025.05.15 09:31:03.911   get /dev12195/system/clocks/referenceclock/in/sourceactual -
2025.05.15 09:31:03.911   get /dev12195/system/clocks/referenceclock/in/source -
2025.05.15 09:31:03.911   get /dev12195/system/clocks/referenceclock/in/status -
2025.05.15 09:31:26.290 Node log from the data server with id 'zi_server':
2025.05.15 09:31:26.290   get /dev12195/raw/system/awg/runtimechecks/enable -
2025.05.15 09:31:26.290   get /dev12195/raw/system/awg/runtimechecks/enable -
2025.05.15 09:31:26.290   get /dev12195/system/clocks/referenceclock/in/freq -
2025.05.15 09:31:26.290   get /dev12195/system/clocks/referenceclock/in/sourceactual -
2025.05.15 09:31:26.290   get /dev12195/system/clocks/referenceclock/in/source -
2025.05.15 09:31:26.290   get /dev12195/system/clocks/referenceclock/in/status -
2025.05.15 09:31:26.290   get /dev12195/system/clocks/referenceclock/in/freq -
2025.05.15 09:31:26.290   get /dev12195/system/clocks/referenceclock/in/sourceactual -
2025.05.15 09:31:26.292   get /dev12195/system/clocks/referenceclock/in/source -
2025.05.15 09:31:26.292   get /dev12195/system/clocks/referenceclock/in/status -
2025.05.15 09:31:34.530 Node log from the data server with id 'zi_server':
2025.05.15 09:31:34.530   get /dev12195/raw/system/awg/runtimechecks/enable -
2025.05.15 09:31:34.530   get /dev12195/raw/system/awg/runtimechecks/enable -
2025.05.15 09:31:34.530   get /dev12195/system/clocks/referenceclock/in/freq -
2025.05.15 09:31:34.530   get /dev12195/system/clocks/referenceclock/in/sourceactual -
2025.05.15 09:31:34.532   get /dev12195/system/clocks/referenceclock/in/source -
2025.05.15 09:31:34.532   get /dev12195/system/clocks/referenceclock/in/status -
2025.05.15 09:31:34.532   get /dev12195/system/clocks/referenceclock/in/freq -
2025.05.15 09:31:34.532   get /dev12195/system/clocks/referenceclock/in/sourceactual -
2025.05.15 09:31:34.532   get /dev12195/system/clocks/referenceclock/in/source -
2025.05.15 09:31:34.532   get /dev12195/system/clocks/referenceclock/in/status -
2025.05.15 09:31:49.300 Node log from the data server with id 'zi_server':
2025.05.15 09:31:49.300   get /dev12195/raw/system/awg/runtimechecks/enable -
2025.05.15 09:31:49.301   get /dev12195/raw/system/awg/runtimechecks/enable -
2025.05.15 09:31:49.301   get /dev12195/system/clocks/referenceclock/in/freq -
2025.05.15 09:31:49.301   get /dev12195/system/clocks/referenceclock/in/sourceactual -
2025.05.15 09:31:49.301   get /dev12195/system/clocks/referenceclock/in/source -
2025.05.15 09:31:49.301   get /dev12195/system/clocks/referenceclock/in/status -
2025.05.15 09:31:49.301   get /dev12195/system/clocks/referenceclock/in/freq -
2025.05.15 09:31:49.301   get /dev12195/system/clocks/referenceclock/in/sourceactual -
2025.05.15 09:31:49.302   get /dev12195/system/clocks/referenceclock/in/source -
2025.05.15 09:31:49.302   get /dev12195/system/clocks/referenceclock/in/status -
2025.05.15 09:31:50.419 Node log from the data server with id 'zi_server':
2025.05.15 09:31:50.420   set /dev12195/raw/error/clear 1
2025.05.15 09:31:50.420   set /dev12195/sgchannels/0/pipeliner/mode 0
2025.05.15 09:31:50.420   set /dev12195/sgchannels/1/pipeliner/mode 0
2025.05.15 09:31:50.421   set /dev12195/sgchannels/2/pipeliner/mode 0
2025.05.15 09:31:50.421   set /dev12195/sgchannels/3/pipeliner/mode 0
2025.05.15 09:31:50.421   set /dev12195/sgchannels/4/pipeliner/mode 0
2025.05.15 09:31:50.421   set /dev12195/sgchannels/5/pipeliner/mode 0
2025.05.15 09:31:50.421   set /dev12195/sgchannels/0/synchronization/enable 0
2025.05.15 09:31:50.421   set /dev12195/sgchannels/1/synchronization/enable 0
2025.05.15 09:31:50.422   set /dev12195/sgchannels/2/synchronization/enable 0
2025.05.15 09:31:50.422   set /dev12195/sgchannels/3/synchronization/enable 0
2025.05.15 09:31:50.422   set /dev12195/sgchannels/4/synchronization/enable 0
2025.05.15 09:31:50.422   set /dev12195/sgchannels/5/synchronization/enable 0
2025.05.15 09:31:50.422   set /dev12195/sgchannels/0/awg/enable 0
2025.05.15 09:31:50.422   set /dev12195/sgchannels/1/awg/enable 0
2025.05.15 09:31:50.422   set /dev12195/sgchannels/2/awg/enable 0
2025.05.15 09:31:50.422   set /dev12195/sgchannels/3/awg/enable 0
2025.05.15 09:31:50.422   set /dev12195/sgchannels/4/awg/enable 0
2025.05.15 09:31:50.422   set /dev12195/sgchannels/5/awg/enable 0
2025.05.15 09:31:50.423   set /dev12195/system/synchronization/source 0
2025.05.15 09:31:50.424   set /dev12195/system/internaltrigger/synchronization/enable 0
2025.05.15 09:31:50.424   set /dev12195/scopes/0/enable 0
2025.05.15 09:31:50.424   set /dev12195/qachannels/0/pipeliner/mode 0
2025.05.15 09:31:50.424   set /dev12195/qachannels/0/synchronization/enable 0
2025.05.15 09:31:50.424   set /dev12195/qachannels/0/generator/enable 0
2025.05.15 09:31:50.424   set /dev12195/qachannels/0/readout/result/enable 0
2025.05.15 09:31:50.424   set /dev12195/qachannels/0/spectroscopy/psd/enable 0
2025.05.15 09:31:50.425   set /dev12195/qachannels/0/spectroscopy/result/enable 0
2025.05.15 09:31:50.425   set /dev12195/qachannels/0/output/rflfinterlock 1
2025.05.15 09:31:50.425   set /dev12195/qachannels/0/oscs/0/gain 1
2025.05.15 09:31:50.425   set /dev12195/scopes/0/channels/0/enable 0
2025.05.15 09:31:50.425   set /dev12195/scopes/0/channels/1/enable 0
2025.05.15 09:31:50.425   set /dev12195/scopes/0/channels/2/enable 0
2025.05.15 09:31:50.426   set /dev12195/scopes/0/channels/3/enable 0
2025.05.15 09:31:50.429   get /dev12195/sgchannels/0/output/overrangecount -
2025.05.15 09:31:50.429   get /dev12195/sgchannels/1/output/overrangecount -
2025.05.15 09:31:50.429   get /dev12195/sgchannels/2/output/overrangecount -
2025.05.15 09:31:50.430   get /dev12195/sgchannels/3/output/overrangecount -
2025.05.15 09:31:50.430   get /dev12195/sgchannels/4/output/overrangecount -
2025.05.15 09:31:50.430   get /dev12195/sgchannels/5/output/overrangecount -
2025.05.15 09:31:50.430   get /dev12195/qachannels/0/output/overrangecount -
2025.05.15 09:31:50.430   get /dev12195/qachannels/0/input/overrangecount -
2025.05.15 09:31:50.430   set /dev12195/sgchannels/4/output/on 1
2025.05.15 09:31:50.430   set /dev12195/sgchannels/4/awg/single 1
2025.05.15 09:31:50.431   set /dev12195/sgchannels/4/awg/modulation/enable 1
2025.05.15 09:31:50.431   set /dev12195/sgchannels/4/marker/source 0
2025.05.15 09:31:50.431   set /dev12195/sgchannels/4/trigger/delay 0
2025.05.15 09:31:50.431   set /dev12195/sgchannels/4/output/rflfpath 1
2025.05.15 09:31:50.431   set /dev12195/sgchannels/4/output/muting/enable 0
2025.05.15 09:31:50.431   set /dev12195/sgchannels/4/sines/0/oscselect 0
2025.05.15 09:31:50.431   set /dev12195/sgchannels/4/sines/0/harmonic 1
2025.05.15 09:31:50.432   set /dev12195/sgchannels/4/sines/0/phaseshift 0
2025.05.15 09:31:50.432   set /dev12195/qachannels/0/output/on 1
2025.05.15 09:31:50.432   set /dev12195/qachannels/0/generator/single 1
2025.05.15 09:31:50.432   set /dev12195/qachannels/0/output/muting/enable 0
2025.05.15 09:31:50.432   set /dev12195/qachannels/0/input/rflfpath 1
2025.05.15 09:31:50.432   set /dev12195/qachannels/0/input/on 1
2025.05.15 09:31:50.432   set /dev12195/sgchannels/4/oscs/0/freq -3.214e+09
2025.05.15 09:31:50.433   set /dev12195/sgchannels/4/awg/auxtriggers/0/slope 1
2025.05.15 09:31:50.433   set /dev12195/sgchannels/4/awg/auxtriggers/0/channel 8
2025.05.15 09:31:50.433   set /dev12195/system/internaltrigger/enable 0
2025.05.15 09:31:50.433   set /dev12195/system/internaltrigger/repetitions 1
2025.05.15 09:31:50.433   set /dev12195/qachannels/0/markers/0/source 32
2025.05.15 09:31:50.433   set /dev12195/qachannels/0/markers/1/source 36
2025.05.15 09:31:50.433   set /dev12195/qachannels/0/generator/auxtriggers/0/channel 8
2025.05.15 09:31:50.434   set /dev12195/sgchannels/4/oscs/0/freq -3.214e+09
2025.05.15 09:31:50.434   set /dev12195/synthesizers/3/centerfreq 3.6e+09
2025.05.15 09:31:50.434   set /dev12195/sgchannels/4/output/delay 0
2025.05.15 09:31:50.434   set /dev12195/qachannels/0/centerfreq 6.8e+09
2025.05.15 09:31:50.434   set /dev12195/qachannels/0/generator/delay 0
2025.05.15 09:31:50.435   set /dev12195/qachannels/0/readout/integration/delay 2.12e-07
2025.05.15 09:31:50.435   set /dev12195/qachannels/0/mode 1
2025.05.15 09:31:50.435   set /dev12195/qachannels/0/readout/multistate/qudits/0/enable 0
2025.05.15 09:31:50.435   set /dev12195/qachannels/0/readout/multistate/qudits/1/enable 0
2025.05.15 09:31:50.435   set /dev12195/qachannels/0/readout/multistate/qudits/2/enable 0
2025.05.15 09:31:50.435   set /dev12195/qachannels/0/readout/multistate/qudits/3/enable 0
2025.05.15 09:31:50.436   set /dev12195/qachannels/0/readout/multistate/qudits/4/enable 0
2025.05.15 09:31:50.436   set /dev12195/qachannels/0/readout/multistate/qudits/5/enable 0
2025.05.15 09:31:50.436   set /dev12195/qachannels/0/readout/multistate/qudits/6/enable 0
2025.05.15 09:31:50.436   set /dev12195/qachannels/0/readout/multistate/qudits/7/enable 0
2025.05.15 09:31:50.436   set /dev12195/qachannels/0/readout/multistate/enable 1
2025.05.15 09:31:50.436   set /dev12195/qachannels/0/readout/multistate/zsync/packed 1
2025.05.15 09:31:50.436   set /dev12195/qachannels/0/readout/multistate/qudits/0/numstates 2
2025.05.15 09:31:50.437   set /dev12195/qachannels/0/readout/multistate/qudits/0/enable 1
2025.05.15 09:31:50.437   set /dev12195/qachannels/0/readout/multistate/qudits/0/assignmentvec vector (8 B)
2025.05.15 09:31:50.437   set /dev12195/qachannels/0/readout/result/enable 0
2025.05.15 09:31:50.438   set /dev12195/qachannels/0/readout/result/source 1
2025.05.15 09:31:50.438   set /dev12195/qachannels/0/readout/result/length 2
2025.05.15 09:31:50.438   set /dev12195/qachannels/0/readout/result/averages 3
2025.05.15 09:31:50.438   set /dev12195/qachannels/0/readout/result/mode 0
2025.05.15 09:31:50.438   set /dev12195/qachannels/0/readout/multistate/qudits/0/thresholds/0/value 0
2025.05.15 09:31:50.438   set /dev12195/sgchannels/4/awg/elf/data vector (1528 B)
2025.05.15 09:31:50.438   set /dev12195/sgchannels/4/awg/commandtable/data vector (152 B)
2025.05.15 09:31:50.439   set /dev12195/qachannels/0/readout/result/enable 1
2025.05.15 09:31:50.439   set /dev12195/qachannels/0/spectroscopy/result/enable 0
2025.05.15 09:31:50.439   set /dev12195/scopes/0/enable 0
2025.05.15 09:31:50.439   set /dev12195/qachannels/0/generator/elf/data vector (2144 B)
2025.05.15 09:31:50.439   set /dev12195/qachannels/0/generator/clearwave 1
2025.05.15 09:31:50.439   set /dev12195/qachannels/0/generator/waveforms/0/wave vector (32000 B)
2025.05.15 09:31:50.439   get /dev12195/qachannels/0/generator/waveforms/0/wave -
2025.05.15 09:31:50.440   set /dev12195/qachannels/0/spectroscopy/envelope/enable 0
2025.05.15 09:31:50.440   set /dev12195/qachannels/0/readout/multistate/qudits/0/weights/0/wave vector (64000 B)
2025.05.15 09:31:50.440   set /dev12195/qachannels/0/readout/integration/length 4000
2025.05.15 09:31:50.440   set /dev12195/sgchannels/4/awg/enable 1
2025.05.15 09:31:50.440   set /dev12195/qachannels/0/generator/enable 1
2025.05.15 09:31:50.441   set /dev12195/system/internaltrigger/enable 1
2025.05.15 09:31:50.442   set /dev12195/raw/system/awg/runtimechecks/enable 0
2025.05.15 09:31:50.442   set /dev12195/qachannels/0/readout/result/enable 0
2025.05.15 09:31:50.443   get /dev12195/raw/error/json/errors -
2025.05.15 09:31:50.443   get /dev12195/raw/error/json/errors -
2025.05.15 09:31:50.443   set /dev12195/qachannels/0/spectroscopy/envelope/enable 1
2025.05.15 09:32:47.259 Node log from the data server with id 'zi_server':
2025.05.15 09:32:47.260   get /dev12195/raw/system/awg/runtimechecks/enable -
2025.05.15 09:32:47.260   get /dev12195/raw/system/awg/runtimechecks/enable -
2025.05.15 09:32:47.260   get /dev12195/system/clocks/referenceclock/in/freq -
2025.05.15 09:32:47.260   get /dev12195/system/clocks/referenceclock/in/sourceactual -
2025.05.15 09:32:47.260   get /dev12195/system/clocks/referenceclock/in/source -
2025.05.15 09:32:47.260   get /dev12195/system/clocks/referenceclock/in/status -
2025.05.15 09:32:47.261   get /dev12195/system/clocks/referenceclock/in/freq -
2025.05.15 09:32:47.261   get /dev12195/system/clocks/referenceclock/in/sourceactual -
2025.05.15 09:32:47.261   get /dev12195/system/clocks/referenceclock/in/source -
2025.05.15 09:32:47.261   get /dev12195/system/clocks/referenceclock/in/status -
2025.05.15 09:32:58.728 Node log from the data server with id 'zi_server':
2025.05.15 09:32:58.730   get /dev12195/raw/system/awg/runtimechecks/enable -
2025.05.15 09:32:58.730   get /dev12195/raw/system/awg/runtimechecks/enable -
2025.05.15 09:32:58.730   get /dev12195/system/clocks/referenceclock/in/freq -
2025.05.15 09:32:58.730   get /dev12195/system/clocks/referenceclock/in/sourceactual -
2025.05.15 09:32:58.730   get /dev12195/system/clocks/referenceclock/in/source -
2025.05.15 09:32:58.730   get /dev12195/system/clocks/referenceclock/in/status -
2025.05.15 09:32:58.730   get /dev12195/system/clocks/referenceclock/in/freq -
2025.05.15 09:32:58.730   get /dev12195/system/clocks/referenceclock/in/sourceactual -
2025.05.15 09:32:58.730   get /dev12195/system/clocks/referenceclock/in/source -
2025.05.15 09:32:58.730   get /dev12195/system/clocks/referenceclock/in/status -
2025.05.15 09:33:03.788 Node log from the data server with id 'zi_server':
2025.05.15 09:33:03.789   set /dev12195/raw/error/clear 1
2025.05.15 09:33:03.789   set /dev12195/sgchannels/0/pipeliner/mode 0
2025.05.15 09:33:03.789   set /dev12195/sgchannels/1/pipeliner/mode 0
2025.05.15 09:33:03.789   set /dev12195/sgchannels/2/pipeliner/mode 0
2025.05.15 09:33:03.789   set /dev12195/sgchannels/3/pipeliner/mode 0
2025.05.15 09:33:03.789   set /dev12195/sgchannels/4/pipeliner/mode 0
2025.05.15 09:33:03.789   set /dev12195/sgchannels/5/pipeliner/mode 0
2025.05.15 09:33:03.790   set /dev12195/sgchannels/0/synchronization/enable 0
2025.05.15 09:33:03.790   set /dev12195/sgchannels/1/synchronization/enable 0
2025.05.15 09:33:03.790   set /dev12195/sgchannels/2/synchronization/enable 0
2025.05.15 09:33:03.790   set /dev12195/sgchannels/3/synchronization/enable 0
2025.05.15 09:33:03.790   set /dev12195/sgchannels/4/synchronization/enable 0
2025.05.15 09:33:03.790   set /dev12195/sgchannels/5/synchronization/enable 0
2025.05.15 09:33:03.791   set /dev12195/sgchannels/0/awg/enable 0
2025.05.15 09:33:03.791   set /dev12195/sgchannels/1/awg/enable 0
2025.05.15 09:33:03.791   set /dev12195/sgchannels/2/awg/enable 0
2025.05.15 09:33:03.791   set /dev12195/sgchannels/3/awg/enable 0
2025.05.15 09:33:03.791   set /dev12195/sgchannels/4/awg/enable 0
2025.05.15 09:33:03.791   set /dev12195/sgchannels/5/awg/enable 0
2025.05.15 09:33:03.792   set /dev12195/system/synchronization/source 0
2025.05.15 09:33:03.792   set /dev12195/system/internaltrigger/synchronization/enable 0
2025.05.15 09:33:03.793   set /dev12195/scopes/0/enable 0
2025.05.15 09:33:03.793   set /dev12195/qachannels/0/pipeliner/mode 0
2025.05.15 09:33:03.793   set /dev12195/qachannels/0/synchronization/enable 0
2025.05.15 09:33:03.793   set /dev12195/qachannels/0/generator/enable 0
2025.05.15 09:33:03.793   set /dev12195/qachannels/0/readout/result/enable 0
2025.05.15 09:33:03.793   set /dev12195/qachannels/0/spectroscopy/psd/enable 0
2025.05.15 09:33:03.793   set /dev12195/qachannels/0/spectroscopy/result/enable 0
2025.05.15 09:33:03.794   set /dev12195/qachannels/0/output/rflfinterlock 1
2025.05.15 09:33:03.794   set /dev12195/qachannels/0/oscs/0/gain 1
2025.05.15 09:33:03.794   set /dev12195/scopes/0/channels/0/enable 0
2025.05.15 09:33:03.794   set /dev12195/scopes/0/channels/1/enable 0
2025.05.15 09:33:03.794   set /dev12195/scopes/0/channels/2/enable 0
2025.05.15 09:33:03.794   set /dev12195/scopes/0/channels/3/enable 0
2025.05.15 09:33:03.797   get /dev12195/sgchannels/0/output/overrangecount -
2025.05.15 09:33:03.797   get /dev12195/sgchannels/1/output/overrangecount -
2025.05.15 09:33:03.798   get /dev12195/sgchannels/2/output/overrangecount -
2025.05.15 09:33:03.798   get /dev12195/sgchannels/3/output/overrangecount -
2025.05.15 09:33:03.798   get /dev12195/sgchannels/4/output/overrangecount -
2025.05.15 09:33:03.798   get /dev12195/sgchannels/5/output/overrangecount -
2025.05.15 09:33:03.798   get /dev12195/qachannels/0/output/overrangecount -
2025.05.15 09:33:03.798   get /dev12195/qachannels/0/input/overrangecount -
2025.05.15 09:33:03.798   set /dev12195/sgchannels/4/output/on 1
2025.05.15 09:33:03.799   set /dev12195/sgchannels/4/awg/single 1
2025.05.15 09:33:03.799   set /dev12195/sgchannels/4/awg/modulation/enable 1
2025.05.15 09:33:03.799   set /dev12195/sgchannels/4/marker/source 0
2025.05.15 09:33:03.799   set /dev12195/sgchannels/4/trigger/delay 0
2025.05.15 09:33:03.799   set /dev12195/sgchannels/4/output/rflfpath 1
2025.05.15 09:33:03.799   set /dev12195/sgchannels/4/output/muting/enable 0
2025.05.15 09:33:03.799   set /dev12195/sgchannels/4/sines/0/oscselect 0
2025.05.15 09:33:03.800   set /dev12195/sgchannels/4/sines/0/harmonic 1
2025.05.15 09:33:03.800   set /dev12195/sgchannels/4/sines/0/phaseshift 0
2025.05.15 09:33:03.800   set /dev12195/qachannels/0/output/on 1
2025.05.15 09:33:03.800   set /dev12195/qachannels/0/generator/single 1
2025.05.15 09:33:03.800   set /dev12195/qachannels/0/output/muting/enable 0
2025.05.15 09:33:03.800   set /dev12195/qachannels/0/input/rflfpath 1
2025.05.15 09:33:03.800   set /dev12195/qachannels/0/input/on 1
2025.05.15 09:33:03.801   set /dev12195/sgchannels/4/oscs/0/freq -3.214e+09
2025.05.15 09:33:03.801   set /dev12195/sgchannels/4/awg/auxtriggers/0/slope 1
2025.05.15 09:33:03.801   set /dev12195/sgchannels/4/awg/auxtriggers/0/channel 8
2025.05.15 09:33:03.801   set /dev12195/system/internaltrigger/enable 0
2025.05.15 09:33:03.801   set /dev12195/system/internaltrigger/repetitions 1
2025.05.15 09:33:03.801   set /dev12195/qachannels/0/markers/0/source 32
2025.05.15 09:33:03.801   set /dev12195/qachannels/0/markers/1/source 36
2025.05.15 09:33:03.802   set /dev12195/qachannels/0/generator/auxtriggers/0/channel 8
2025.05.15 09:33:03.802   set /dev12195/sgchannels/4/oscs/0/freq -3.214e+09
2025.05.15 09:33:03.802   set /dev12195/synthesizers/3/centerfreq 3.6e+09
2025.05.15 09:33:03.802   set /dev12195/sgchannels/4/output/delay 0
2025.05.15 09:33:03.802   set /dev12195/qachannels/0/centerfreq 6.8e+09
2025.05.15 09:33:03.802   set /dev12195/qachannels/0/generator/delay 0
2025.05.15 09:33:03.802   set /dev12195/qachannels/0/readout/integration/delay 2.12e-07
2025.05.15 09:33:03.803   set /dev12195/qachannels/0/mode 1
2025.05.15 09:33:03.803   set /dev12195/qachannels/0/readout/multistate/qudits/0/enable 0
2025.05.15 09:33:03.803   set /dev12195/qachannels/0/readout/multistate/qudits/1/enable 0
2025.05.15 09:33:03.803   set /dev12195/qachannels/0/readout/multistate/qudits/2/enable 0
2025.05.15 09:33:03.803   set /dev12195/qachannels/0/readout/multistate/qudits/3/enable 0
2025.05.15 09:33:03.803   set /dev12195/qachannels/0/readout/multistate/qudits/4/enable 0
2025.05.15 09:33:03.804   set /dev12195/qachannels/0/readout/multistate/qudits/5/enable 0
2025.05.15 09:33:03.804   set /dev12195/qachannels/0/readout/multistate/qudits/6/enable 0
2025.05.15 09:33:03.804   set /dev12195/qachannels/0/readout/multistate/qudits/7/enable 0
2025.05.15 09:33:03.804   set /dev12195/qachannels/0/readout/multistate/enable 1
2025.05.15 09:33:03.804   set /dev12195/qachannels/0/readout/multistate/zsync/packed 1
2025.05.15 09:33:03.804   set /dev12195/qachannels/0/readout/multistate/qudits/0/numstates 2
2025.05.15 09:33:03.804   set /dev12195/qachannels/0/readout/multistate/qudits/0/enable 1
2025.05.15 09:33:03.805   set /dev12195/qachannels/0/readout/multistate/qudits/0/assignmentvec vector (8 B)
2025.05.15 09:33:03.805   set /dev12195/qachannels/0/readout/result/enable 0
2025.05.15 09:33:03.805   set /dev12195/qachannels/0/readout/result/source 1
2025.05.15 09:33:03.805   set /dev12195/qachannels/0/readout/result/length 2
2025.05.15 09:33:03.805   set /dev12195/qachannels/0/readout/result/averages 3
2025.05.15 09:33:03.805   set /dev12195/qachannels/0/readout/result/mode 0
2025.05.15 09:33:03.806   set /dev12195/qachannels/0/readout/multistate/qudits/0/thresholds/0/value 0
2025.05.15 09:33:03.806   set /dev12195/sgchannels/4/awg/elf/data vector (1528 B)
2025.05.15 09:33:03.806   set /dev12195/sgchannels/4/awg/commandtable/data vector (152 B)
2025.05.15 09:33:03.806   set /dev12195/qachannels/0/readout/result/enable 1
2025.05.15 09:33:03.806   set /dev12195/qachannels/0/spectroscopy/result/enable 0
2025.05.15 09:33:03.806   set /dev12195/scopes/0/enable 0
2025.05.15 09:33:03.806   set /dev12195/qachannels/0/generator/elf/data vector (2148 B)
2025.05.15 09:33:03.806   set /dev12195/qachannels/0/generator/clearwave 1
2025.05.15 09:33:03.807   set /dev12195/qachannels/0/generator/waveforms/0/wave vector (32000 B)
2025.05.15 09:33:03.807   get /dev12195/qachannels/0/generator/waveforms/0/wave -
2025.05.15 09:33:03.807   set /dev12195/qachannels/0/spectroscopy/envelope/enable 0
2025.05.15 09:33:03.807   set /dev12195/qachannels/0/readout/multistate/qudits/0/weights/0/wave vector (64000 B)
2025.05.15 09:33:03.807   set /dev12195/qachannels/0/readout/integration/length 4000
2025.05.15 09:33:03.808   set /dev12195/sgchannels/4/awg/enable 1
2025.05.15 09:33:03.808   set /dev12195/qachannels/0/generator/enable 1
2025.05.15 09:33:03.809   set /dev12195/system/internaltrigger/enable 1
2025.05.15 09:33:03.809   set /dev12195/raw/system/awg/runtimechecks/enable 0
2025.05.15 09:33:03.809   set /dev12195/qachannels/0/readout/result/enable 0
2025.05.15 09:33:03.810   get /dev12195/raw/error/json/errors -
2025.05.15 09:33:03.810   get /dev12195/raw/error/json/errors -
2025.05.15 09:33:03.811   set /dev12195/qachannels/0/spectroscopy/envelope/enable 1
2025.05.15 09:34:14.028 Node log from the data server with id 'zi_server':
2025.05.15 09:34:14.028   get /dev12195/raw/system/awg/runtimechecks/enable -
2025.05.15 09:34:14.028   get /dev12195/raw/system/awg/runtimechecks/enable -
2025.05.15 09:34:14.028   get /dev12195/system/clocks/referenceclock/in/freq -
2025.05.15 09:34:14.028   get /dev12195/system/clocks/referenceclock/in/sourceactual -
2025.05.15 09:34:14.028   get /dev12195/system/clocks/referenceclock/in/source -
2025.05.15 09:34:14.028   get /dev12195/system/clocks/referenceclock/in/status -
2025.05.15 09:34:14.028   get /dev12195/system/clocks/referenceclock/in/freq -
2025.05.15 09:34:14.030   get /dev12195/system/clocks/referenceclock/in/sourceactual -
2025.05.15 09:34:14.030   get /dev12195/system/clocks/referenceclock/in/source -
2025.05.15 09:34:14.030   get /dev12195/system/clocks/referenceclock/in/status -
2025.05.15 09:35:39.726 Node log from the data server with id 'zi_server':
2025.05.15 09:35:39.728   get /dev12195/raw/system/awg/runtimechecks/enable -
2025.05.15 09:35:39.728   get /dev12195/raw/system/awg/runtimechecks/enable -
2025.05.15 09:35:39.728   get /dev12195/system/clocks/referenceclock/in/freq -
2025.05.15 09:35:39.728   get /dev12195/system/clocks/referenceclock/in/sourceactual -
2025.05.15 09:35:39.728   get /dev12195/system/clocks/referenceclock/in/source -
2025.05.15 09:35:39.728   get /dev12195/system/clocks/referenceclock/in/status -
2025.05.15 09:35:39.728   get /dev12195/system/clocks/referenceclock/in/freq -
2025.05.15 09:35:39.728   get /dev12195/system/clocks/referenceclock/in/sourceactual -
2025.05.15 09:35:39.728   get /dev12195/system/clocks/referenceclock/in/source -
2025.05.15 09:35:39.728   get /dev12195/system/clocks/referenceclock/in/status -
2025.05.15 09:35:46.678 Node log from the data server with id 'zi_server':
2025.05.15 09:35:46.678   set /dev12195/raw/error/clear 1
2025.05.15 09:35:46.678   set /dev12195/sgchannels/0/pipeliner/mode 0
2025.05.15 09:35:46.679   set /dev12195/sgchannels/1/pipeliner/mode 0
2025.05.15 09:35:46.679   set /dev12195/sgchannels/2/pipeliner/mode 0
2025.05.15 09:35:46.679   set /dev12195/sgchannels/3/pipeliner/mode 0
2025.05.15 09:35:46.679   set /dev12195/sgchannels/4/pipeliner/mode 0
2025.05.15 09:35:46.679   set /dev12195/sgchannels/5/pipeliner/mode 0
2025.05.15 09:35:46.679   set /dev12195/sgchannels/0/synchronization/enable 0
2025.05.15 09:35:46.679   set /dev12195/sgchannels/1/synchronization/enable 0
2025.05.15 09:35:46.680   set /dev12195/sgchannels/2/synchronization/enable 0
2025.05.15 09:35:46.680   set /dev12195/sgchannels/3/synchronization/enable 0
2025.05.15 09:35:46.680   set /dev12195/sgchannels/4/synchronization/enable 0
2025.05.15 09:35:46.680   set /dev12195/sgchannels/5/synchronization/enable 0
2025.05.15 09:35:46.680   set /dev12195/sgchannels/0/awg/enable 0
2025.05.15 09:35:46.680   set /dev12195/sgchannels/1/awg/enable 0
2025.05.15 09:35:46.681   set /dev12195/sgchannels/2/awg/enable 0
2025.05.15 09:35:46.681   set /dev12195/sgchannels/3/awg/enable 0
2025.05.15 09:35:46.681   set /dev12195/sgchannels/4/awg/enable 0
2025.05.15 09:35:46.681   set /dev12195/sgchannels/5/awg/enable 0
2025.05.15 09:35:46.682   set /dev12195/system/synchronization/source 0
2025.05.15 09:35:46.682   set /dev12195/system/internaltrigger/synchronization/enable 0
2025.05.15 09:35:46.682   set /dev12195/scopes/0/enable 0
2025.05.15 09:35:46.682   set /dev12195/qachannels/0/pipeliner/mode 0
2025.05.15 09:35:46.683   set /dev12195/qachannels/0/synchronization/enable 0
2025.05.15 09:35:46.683   set /dev12195/qachannels/0/generator/enable 0
2025.05.15 09:35:46.683   set /dev12195/qachannels/0/readout/result/enable 0
2025.05.15 09:35:46.683   set /dev12195/qachannels/0/spectroscopy/psd/enable 0
2025.05.15 09:35:46.683   set /dev12195/qachannels/0/spectroscopy/result/enable 0
2025.05.15 09:35:46.683   set /dev12195/qachannels/0/output/rflfinterlock 1
2025.05.15 09:35:46.683   set /dev12195/qachannels/0/oscs/0/gain 1
2025.05.15 09:35:46.684   set /dev12195/scopes/0/channels/0/enable 0
2025.05.15 09:35:46.684   set /dev12195/scopes/0/channels/1/enable 0
2025.05.15 09:35:46.684   set /dev12195/scopes/0/channels/2/enable 0
2025.05.15 09:35:46.684   set /dev12195/scopes/0/channels/3/enable 0
2025.05.15 09:35:46.688   get /dev12195/sgchannels/0/output/overrangecount -
2025.05.15 09:35:46.688   get /dev12195/sgchannels/1/output/overrangecount -
2025.05.15 09:35:46.688   get /dev12195/sgchannels/2/output/overrangecount -
2025.05.15 09:35:46.688   get /dev12195/sgchannels/3/output/overrangecount -
2025.05.15 09:35:46.688   get /dev12195/sgchannels/4/output/overrangecount -
2025.05.15 09:35:46.688   get /dev12195/sgchannels/5/output/overrangecount -
2025.05.15 09:35:46.688   get /dev12195/qachannels/0/output/overrangecount -
2025.05.15 09:35:46.689   get /dev12195/qachannels/0/input/overrangecount -
2025.05.15 09:35:46.689   set /dev12195/sgchannels/4/output/on 1
2025.05.15 09:35:46.689   set /dev12195/sgchannels/4/awg/single 1
2025.05.15 09:35:46.689   set /dev12195/sgchannels/4/awg/modulation/enable 1
2025.05.15 09:35:46.689   set /dev12195/sgchannels/4/marker/source 0
2025.05.15 09:35:46.689   set /dev12195/sgchannels/4/trigger/delay 0
2025.05.15 09:35:46.689   set /dev12195/sgchannels/4/output/rflfpath 1
2025.05.15 09:35:46.690   set /dev12195/sgchannels/4/output/muting/enable 0
2025.05.15 09:35:46.690   set /dev12195/sgchannels/4/sines/0/oscselect 0
2025.05.15 09:35:46.690   set /dev12195/sgchannels/4/sines/0/harmonic 1
2025.05.15 09:35:46.690   set /dev12195/sgchannels/4/sines/0/phaseshift 0
2025.05.15 09:35:46.690   set /dev12195/qachannels/0/output/on 1
2025.05.15 09:35:46.690   set /dev12195/qachannels/0/generator/single 1
2025.05.15 09:35:46.690   set /dev12195/qachannels/0/output/muting/enable 0
2025.05.15 09:35:46.691   set /dev12195/qachannels/0/input/rflfpath 1
2025.05.15 09:35:46.691   set /dev12195/qachannels/0/input/on 1
2025.05.15 09:35:46.691   set /dev12195/sgchannels/4/oscs/0/freq -3.214e+09
2025.05.15 09:35:46.691   set /dev12195/sgchannels/4/awg/auxtriggers/0/slope 1
2025.05.15 09:35:46.691   set /dev12195/sgchannels/4/awg/auxtriggers/0/channel 8
2025.05.15 09:35:46.691   set /dev12195/system/internaltrigger/enable 0
2025.05.15 09:35:46.691   set /dev12195/system/internaltrigger/repetitions 1
2025.05.15 09:35:46.692   set /dev12195/qachannels/0/markers/0/source 32
2025.05.15 09:35:46.692   set /dev12195/qachannels/0/markers/1/source 36
2025.05.15 09:35:46.692   set /dev12195/qachannels/0/generator/auxtriggers/0/channel 8
2025.05.15 09:35:46.692   set /dev12195/sgchannels/4/oscs/0/freq -3.214e+09
2025.05.15 09:35:46.692   set /dev12195/synthesizers/3/centerfreq 3.6e+09
2025.05.15 09:35:46.692   set /dev12195/sgchannels/4/output/delay 0
2025.05.15 09:35:46.692   set /dev12195/qachannels/0/centerfreq 6.8e+09
2025.05.15 09:35:46.693   set /dev12195/qachannels/0/generator/delay 0
2025.05.15 09:35:46.693   set /dev12195/qachannels/0/readout/integration/delay 2.12e-07
2025.05.15 09:35:46.693   set /dev12195/qachannels/0/mode 1
2025.05.15 09:35:46.693   set /dev12195/qachannels/0/readout/multistate/qudits/0/enable 0
2025.05.15 09:35:46.693   set /dev12195/qachannels/0/readout/multistate/qudits/1/enable 0
2025.05.15 09:35:46.693   set /dev12195/qachannels/0/readout/multistate/qudits/2/enable 0
2025.05.15 09:35:46.694   set /dev12195/qachannels/0/readout/multistate/qudits/3/enable 0
2025.05.15 09:35:46.694   set /dev12195/qachannels/0/readout/multistate/qudits/4/enable 0
2025.05.15 09:35:46.694   set /dev12195/qachannels/0/readout/multistate/qudits/5/enable 0
2025.05.15 09:35:46.694   set /dev12195/qachannels/0/readout/multistate/qudits/6/enable 0
2025.05.15 09:35:46.694   set /dev12195/qachannels/0/readout/multistate/qudits/7/enable 0
2025.05.15 09:35:46.694   set /dev12195/qachannels/0/readout/multistate/enable 1
2025.05.15 09:35:46.694   set /dev12195/qachannels/0/readout/multistate/zsync/packed 1
2025.05.15 09:35:46.695   set /dev12195/qachannels/0/readout/multistate/qudits/0/numstates 2
2025.05.15 09:35:46.695   set /dev12195/qachannels/0/readout/multistate/qudits/0/enable 1
2025.05.15 09:35:46.695   set /dev12195/qachannels/0/readout/multistate/qudits/0/assignmentvec vector (8 B)
2025.05.15 09:35:46.696   set /dev12195/qachannels/0/readout/result/enable 0
2025.05.15 09:35:46.696   set /dev12195/qachannels/0/readout/result/source 1
2025.05.15 09:35:46.696   set /dev12195/qachannels/0/readout/result/length 2
2025.05.15 09:35:46.696   set /dev12195/qachannels/0/readout/result/averages 3
2025.05.15 09:35:46.696   set /dev12195/qachannels/0/readout/result/mode 0
2025.05.15 09:35:46.696   set /dev12195/qachannels/0/readout/multistate/qudits/0/thresholds/0/value 0
2025.05.15 09:35:46.697   set /dev12195/sgchannels/4/awg/elf/data vector (1528 B)
2025.05.15 09:35:46.697   set /dev12195/sgchannels/4/awg/commandtable/data vector (152 B)
2025.05.15 09:35:46.697   set /dev12195/qachannels/0/readout/result/enable 1
2025.05.15 09:35:46.697   set /dev12195/qachannels/0/spectroscopy/result/enable 0
2025.05.15 09:35:46.697   set /dev12195/scopes/0/enable 0
2025.05.15 09:35:46.697   set /dev12195/qachannels/0/generator/elf/data vector (2144 B)
2025.05.15 09:35:46.697   set /dev12195/qachannels/0/generator/clearwave 1
2025.05.15 09:35:46.698   set /dev12195/qachannels/0/generator/waveforms/0/wave vector (32000 B)
2025.05.15 09:35:46.698   get /dev12195/qachannels/0/generator/waveforms/0/wave -
2025.05.15 09:35:46.698   set /dev12195/qachannels/0/spectroscopy/envelope/enable 0
2025.05.15 09:35:46.698   set /dev12195/qachannels/0/readout/multistate/qudits/0/weights/0/wave vector (64000 B)
2025.05.15 09:35:46.698   set /dev12195/qachannels/0/readout/integration/length 4000
2025.05.15 09:35:46.698   set /dev12195/sgchannels/4/awg/enable 1
2025.05.15 09:35:46.699   set /dev12195/qachannels/0/generator/enable 1
2025.05.15 09:35:46.700   set /dev12195/system/internaltrigger/enable 1
2025.05.15 09:35:46.700   set /dev12195/raw/system/awg/runtimechecks/enable 0
2025.05.15 09:35:46.700   set /dev12195/qachannels/0/readout/result/enable 0
2025.05.15 09:35:46.704   get /dev12195/raw/error/json/errors -
2025.05.15 09:35:46.704   get /dev12195/raw/error/json/errors -
2025.05.15 09:35:46.704   get /dev12195/raw/error/json/errors -
2025.05.15 09:35:46.704   get /dev12195/raw/error/json/errors -
2025.05.15 09:35:46.704   set /dev12195/qachannels/0/spectroscopy/envelope/enable 1
2025.05.15 09:36:37.107 Node log from the data server with id 'zi_server':
2025.05.15 09:36:37.107   get /dev12195/raw/system/awg/runtimechecks/enable -
2025.05.15 09:36:37.107   get /dev12195/raw/system/awg/runtimechecks/enable -
2025.05.15 09:36:37.107   get /dev12195/system/clocks/referenceclock/in/freq -
2025.05.15 09:36:37.107   get /dev12195/system/clocks/referenceclock/in/sourceactual -
2025.05.15 09:36:37.107   get /dev12195/system/clocks/referenceclock/in/source -
2025.05.15 09:36:37.107   get /dev12195/system/clocks/referenceclock/in/status -
2025.05.15 09:36:37.107   get /dev12195/system/clocks/referenceclock/in/freq -
2025.05.15 09:36:37.107   get /dev12195/system/clocks/referenceclock/in/sourceactual -
2025.05.15 09:36:37.109   get /dev12195/system/clocks/referenceclock/in/source -
2025.05.15 09:36:37.109   get /dev12195/system/clocks/referenceclock/in/status -
2025.05.15 09:40:19.103 Node log from the data server with id 'zi_server':
2025.05.15 09:40:19.103   get /dev12195/raw/system/awg/runtimechecks/enable -
2025.05.15 09:40:19.103   get /dev12195/raw/system/awg/runtimechecks/enable -
2025.05.15 09:40:19.103   get /dev12195/system/clocks/referenceclock/in/freq -
2025.05.15 09:40:19.105   get /dev12195/system/clocks/referenceclock/in/sourceactual -
2025.05.15 09:40:19.105   get /dev12195/system/clocks/referenceclock/in/source -
2025.05.15 09:40:19.105   get /dev12195/system/clocks/referenceclock/in/status -
2025.05.15 09:40:19.105   get /dev12195/system/clocks/referenceclock/in/freq -
2025.05.15 09:40:19.105   get /dev12195/system/clocks/referenceclock/in/sourceactual -
2025.05.15 09:40:19.105   get /dev12195/system/clocks/referenceclock/in/source -
2025.05.15 09:40:19.105   get /dev12195/system/clocks/referenceclock/in/status -
2025.05.15 09:40:28.741 Node log from the data server with id 'zi_server':
2025.05.15 09:40:28.742   set /dev12195/raw/error/clear 1
2025.05.15 09:40:28.742   set /dev12195/sgchannels/0/pipeliner/mode 0
2025.05.15 09:40:28.742   set /dev12195/sgchannels/1/pipeliner/mode 0
2025.05.15 09:40:28.743   set /dev12195/sgchannels/2/pipeliner/mode 0
2025.05.15 09:40:28.743   set /dev12195/sgchannels/3/pipeliner/mode 0
2025.05.15 09:40:28.743   set /dev12195/sgchannels/4/pipeliner/mode 0
2025.05.15 09:40:28.743   set /dev12195/sgchannels/5/pipeliner/mode 0
2025.05.15 09:40:28.743   set /dev12195/sgchannels/0/synchronization/enable 0
2025.05.15 09:40:28.743   set /dev12195/sgchannels/1/synchronization/enable 0
2025.05.15 09:40:28.743   set /dev12195/sgchannels/2/synchronization/enable 0
2025.05.15 09:40:28.744   set /dev12195/sgchannels/3/synchronization/enable 0
2025.05.15 09:40:28.744   set /dev12195/sgchannels/4/synchronization/enable 0
2025.05.15 09:40:28.744   set /dev12195/sgchannels/5/synchronization/enable 0
2025.05.15 09:40:28.744   set /dev12195/sgchannels/0/awg/enable 0
2025.05.15 09:40:28.744   set /dev12195/sgchannels/1/awg/enable 0
2025.05.15 09:40:28.744   set /dev12195/sgchannels/2/awg/enable 0
2025.05.15 09:40:28.744   set /dev12195/sgchannels/3/awg/enable 0
2025.05.15 09:40:28.745   set /dev12195/sgchannels/4/awg/enable 0
2025.05.15 09:40:28.745   set /dev12195/sgchannels/5/awg/enable 0
2025.05.15 09:40:28.746   set /dev12195/system/synchronization/source 0
2025.05.15 09:40:28.746   set /dev12195/system/internaltrigger/synchronization/enable 0
2025.05.15 09:40:28.746   set /dev12195/scopes/0/enable 0
2025.05.15 09:40:28.746   set /dev12195/qachannels/0/pipeliner/mode 0
2025.05.15 09:40:28.746   set /dev12195/qachannels/0/synchronization/enable 0
2025.05.15 09:40:28.746   set /dev12195/qachannels/0/generator/enable 0
2025.05.15 09:40:28.747   set /dev12195/qachannels/0/readout/result/enable 0
2025.05.15 09:40:28.747   set /dev12195/qachannels/0/spectroscopy/psd/enable 0
2025.05.15 09:40:28.747   set /dev12195/qachannels/0/spectroscopy/result/enable 0
2025.05.15 09:40:28.747   set /dev12195/qachannels/0/output/rflfinterlock 1
2025.05.15 09:40:28.747   set /dev12195/qachannels/0/oscs/0/gain 1
2025.05.15 09:40:28.747   set /dev12195/scopes/0/channels/0/enable 0
2025.05.15 09:40:28.747   set /dev12195/scopes/0/channels/1/enable 0
2025.05.15 09:40:28.748   set /dev12195/scopes/0/channels/2/enable 0
2025.05.15 09:40:28.748   set /dev12195/scopes/0/channels/3/enable 0
2025.05.15 09:40:28.751   get /dev12195/sgchannels/0/output/overrangecount -
2025.05.15 09:40:28.751   get /dev12195/sgchannels/1/output/overrangecount -
2025.05.15 09:40:28.751   get /dev12195/sgchannels/2/output/overrangecount -
2025.05.15 09:40:28.752   get /dev12195/sgchannels/3/output/overrangecount -
2025.05.15 09:40:28.752   get /dev12195/sgchannels/4/output/overrangecount -
2025.05.15 09:40:28.752   get /dev12195/sgchannels/5/output/overrangecount -
2025.05.15 09:40:28.752   get /dev12195/qachannels/0/output/overrangecount -
2025.05.15 09:40:28.752   get /dev12195/qachannels/0/input/overrangecount -
2025.05.15 09:40:28.752   set /dev12195/sgchannels/4/output/on 1
2025.05.15 09:40:28.752   set /dev12195/sgchannels/4/awg/single 1
2025.05.15 09:40:28.753   set /dev12195/sgchannels/4/awg/modulation/enable 1
2025.05.15 09:40:28.753   set /dev12195/sgchannels/4/marker/source 0
2025.05.15 09:40:28.753   set /dev12195/sgchannels/4/trigger/delay 0
2025.05.15 09:40:28.753   set /dev12195/sgchannels/4/output/rflfpath 1
2025.05.15 09:40:28.753   set /dev12195/sgchannels/4/output/muting/enable 0
2025.05.15 09:40:28.753   set /dev12195/sgchannels/4/sines/0/oscselect 0
2025.05.15 09:40:28.753   set /dev12195/sgchannels/4/sines/0/harmonic 1
2025.05.15 09:40:28.754   set /dev12195/sgchannels/4/sines/0/phaseshift 0
2025.05.15 09:40:28.754   set /dev12195/qachannels/0/output/on 1
2025.05.15 09:40:28.754   set /dev12195/qachannels/0/generator/single 1
2025.05.15 09:40:28.754   set /dev12195/qachannels/0/output/muting/enable 0
2025.05.15 09:40:28.754   set /dev12195/qachannels/0/input/rflfpath 1
2025.05.15 09:40:28.754   set /dev12195/qachannels/0/input/on 1
2025.05.15 09:40:28.754   set /dev12195/sgchannels/4/oscs/0/freq 4e+07
2025.05.15 09:40:28.755   set /dev12195/sgchannels/4/awg/auxtriggers/0/slope 1
2025.05.15 09:40:28.755   set /dev12195/sgchannels/4/awg/auxtriggers/0/channel 8
2025.05.15 09:40:28.755   set /dev12195/system/internaltrigger/enable 0
2025.05.15 09:40:28.755   set /dev12195/system/internaltrigger/repetitions 1
2025.05.15 09:40:28.755   set /dev12195/qachannels/0/markers/0/source 32
2025.05.15 09:40:28.755   set /dev12195/qachannels/0/markers/1/source 36
2025.05.15 09:40:28.755   set /dev12195/qachannels/0/generator/auxtriggers/0/channel 8
2025.05.15 09:40:28.756   set /dev12195/sgchannels/4/oscs/0/freq 4e+07
2025.05.15 09:40:28.756   set /dev12195/synthesizers/3/centerfreq 3.6e+09
2025.05.15 09:40:28.756   set /dev12195/sgchannels/4/output/delay 0
2025.05.15 09:40:28.756   set /dev12195/qachannels/0/centerfreq 6.8e+09
2025.05.15 09:40:28.756   set /dev12195/qachannels/0/generator/delay 0
2025.05.15 09:40:28.756   set /dev12195/qachannels/0/readout/integration/delay 2.12e-07
2025.05.15 09:40:28.757   set /dev12195/qachannels/0/mode 1
2025.05.15 09:40:28.757   set /dev12195/qachannels/0/readout/multistate/qudits/0/enable 0
2025.05.15 09:40:28.757   set /dev12195/qachannels/0/readout/multistate/qudits/1/enable 0
2025.05.15 09:40:28.757   set /dev12195/qachannels/0/readout/multistate/qudits/2/enable 0
2025.05.15 09:40:28.757   set /dev12195/qachannels/0/readout/multistate/qudits/3/enable 0
2025.05.15 09:40:28.757   set /dev12195/qachannels/0/readout/multistate/qudits/4/enable 0
2025.05.15 09:40:28.758   set /dev12195/qachannels/0/readout/multistate/qudits/5/enable 0
2025.05.15 09:40:28.758   set /dev12195/qachannels/0/readout/multistate/qudits/6/enable 0
2025.05.15 09:40:28.758   set /dev12195/qachannels/0/readout/multistate/qudits/7/enable 0
2025.05.15 09:40:28.758   set /dev12195/qachannels/0/readout/multistate/enable 1
2025.05.15 09:40:28.758   set /dev12195/qachannels/0/readout/multistate/zsync/packed 1
2025.05.15 09:40:28.758   set /dev12195/qachannels/0/readout/multistate/qudits/0/numstates 2
2025.05.15 09:40:28.758   set /dev12195/qachannels/0/readout/multistate/qudits/0/enable 1
2025.05.15 09:40:28.759   set /dev12195/qachannels/0/readout/multistate/qudits/0/assignmentvec vector (8 B)
2025.05.15 09:40:28.759   set /dev12195/sgchannels/4/awg/elf/data vector (1528 B)
2025.05.15 09:40:28.759   set /dev12195/sgchannels/4/awg/commandtable/data vector (152 B)
2025.05.15 09:40:28.759   set /dev12195/qachannels/0/readout/result/enable 0
2025.05.15 09:40:28.759   set /dev12195/qachannels/0/readout/result/source 1
2025.05.15 09:40:28.759   set /dev12195/qachannels/0/readout/result/length 2
2025.05.15 09:40:28.759   set /dev12195/qachannels/0/readout/result/averages 3
2025.05.15 09:40:28.760   set /dev12195/qachannels/0/readout/result/mode 0
2025.05.15 09:40:28.760   set /dev12195/qachannels/0/readout/multistate/qudits/0/thresholds/0/value 0
2025.05.15 09:40:28.760   set /dev12195/qachannels/0/readout/result/enable 1
2025.05.15 09:40:28.761   set /dev12195/qachannels/0/spectroscopy/result/enable 0
2025.05.15 09:40:28.761   set /dev12195/scopes/0/enable 0
2025.05.15 09:40:28.761   set /dev12195/qachannels/0/generator/elf/data vector (2144 B)
2025.05.15 09:40:28.761   set /dev12195/qachannels/0/generator/clearwave 1
2025.05.15 09:40:28.761   set /dev12195/qachannels/0/generator/waveforms/0/wave vector (32000 B)
2025.05.15 09:40:28.761   get /dev12195/qachannels/0/generator/waveforms/0/wave -
2025.05.15 09:40:28.761   set /dev12195/qachannels/0/spectroscopy/envelope/enable 0
2025.05.15 09:40:28.762   set /dev12195/qachannels/0/readout/multistate/qudits/0/weights/0/wave vector (64000 B)
2025.05.15 09:40:28.762   set /dev12195/qachannels/0/readout/integration/length 4000
2025.05.15 09:40:28.762   set /dev12195/sgchannels/4/awg/enable 1
2025.05.15 09:40:28.762   set /dev12195/qachannels/0/generator/enable 1
2025.05.15 09:40:28.763   set /dev12195/system/internaltrigger/enable 1
2025.05.15 09:40:28.764   set /dev12195/raw/system/awg/runtimechecks/enable 0
2025.05.15 09:40:28.764   set /dev12195/qachannels/0/readout/result/enable 0
2025.05.15 09:40:28.768   get /dev12195/raw/error/json/errors -
2025.05.15 09:40:28.768   get /dev12195/raw/error/json/errors -
2025.05.15 09:40:28.768   get /dev12195/raw/error/json/errors -
2025.05.15 09:40:28.768   get /dev12195/raw/error/json/errors -
2025.05.15 09:40:28.769   set /dev12195/qachannels/0/spectroscopy/envelope/enable 1
2025.05.15 09:40:59.893 Node log from the data server with id 'zi_server':
2025.05.15 09:40:59.893   get /dev12195/raw/system/awg/runtimechecks/enable -
2025.05.15 09:40:59.893   get /dev12195/raw/system/awg/runtimechecks/enable -
2025.05.15 09:40:59.893   get /dev12195/system/clocks/referenceclock/in/freq -
2025.05.15 09:40:59.893   get /dev12195/system/clocks/referenceclock/in/sourceactual -
2025.05.15 09:40:59.895   get /dev12195/system/clocks/referenceclock/in/source -
2025.05.15 09:40:59.895   get /dev12195/system/clocks/referenceclock/in/status -
2025.05.15 09:40:59.895   get /dev12195/system/clocks/referenceclock/in/freq -
2025.05.15 09:40:59.895   get /dev12195/system/clocks/referenceclock/in/sourceactual -
2025.05.15 09:40:59.895   get /dev12195/system/clocks/referenceclock/in/source -
2025.05.15 09:40:59.895   get /dev12195/system/clocks/referenceclock/in/status -
2025.05.15 09:41:01.725 Node log from the data server with id 'zi_server':
2025.05.15 09:41:01.726   set /dev12195/raw/error/clear 1
2025.05.15 09:41:01.726   set /dev12195/sgchannels/0/pipeliner/mode 0
2025.05.15 09:41:01.726   set /dev12195/sgchannels/1/pipeliner/mode 0
2025.05.15 09:41:01.726   set /dev12195/sgchannels/2/pipeliner/mode 0
2025.05.15 09:41:01.726   set /dev12195/sgchannels/3/pipeliner/mode 0
2025.05.15 09:41:01.726   set /dev12195/sgchannels/4/pipeliner/mode 0
2025.05.15 09:41:01.727   set /dev12195/sgchannels/5/pipeliner/mode 0
2025.05.15 09:41:01.727   set /dev12195/sgchannels/0/synchronization/enable 0
2025.05.15 09:41:01.727   set /dev12195/sgchannels/1/synchronization/enable 0
2025.05.15 09:41:01.727   set /dev12195/sgchannels/2/synchronization/enable 0
2025.05.15 09:41:01.727   set /dev12195/sgchannels/3/synchronization/enable 0
2025.05.15 09:41:01.727   set /dev12195/sgchannels/4/synchronization/enable 0
2025.05.15 09:41:01.728   set /dev12195/sgchannels/5/synchronization/enable 0
2025.05.15 09:41:01.728   set /dev12195/sgchannels/0/awg/enable 0
2025.05.15 09:41:01.728   set /dev12195/sgchannels/1/awg/enable 0
2025.05.15 09:41:01.728   set /dev12195/sgchannels/2/awg/enable 0
2025.05.15 09:41:01.728   set /dev12195/sgchannels/3/awg/enable 0
2025.05.15 09:41:01.728   set /dev12195/sgchannels/4/awg/enable 0
2025.05.15 09:41:01.728   set /dev12195/sgchannels/5/awg/enable 0
2025.05.15 09:41:01.729   set /dev12195/system/synchronization/source 0
2025.05.15 09:41:01.730   set /dev12195/system/internaltrigger/synchronization/enable 0
2025.05.15 09:41:01.730   set /dev12195/scopes/0/enable 0
2025.05.15 09:41:01.730   set /dev12195/qachannels/0/pipeliner/mode 0
2025.05.15 09:41:01.730   set /dev12195/qachannels/0/synchronization/enable 0
2025.05.15 09:41:01.730   set /dev12195/qachannels/0/generator/enable 0
2025.05.15 09:41:01.730   set /dev12195/qachannels/0/readout/result/enable 0
2025.05.15 09:41:01.731   set /dev12195/qachannels/0/spectroscopy/psd/enable 0
2025.05.15 09:41:01.731   set /dev12195/qachannels/0/spectroscopy/result/enable 0
2025.05.15 09:41:01.731   set /dev12195/qachannels/0/output/rflfinterlock 1
2025.05.15 09:41:01.731   set /dev12195/qachannels/0/oscs/0/gain 1
2025.05.15 09:41:01.731   set /dev12195/scopes/0/channels/0/enable 0
2025.05.15 09:41:01.731   set /dev12195/scopes/0/channels/1/enable 0
2025.05.15 09:41:01.731   set /dev12195/scopes/0/channels/2/enable 0
2025.05.15 09:41:01.732   set /dev12195/scopes/0/channels/3/enable 0
2025.05.15 09:41:01.735   get /dev12195/sgchannels/0/output/overrangecount -
2025.05.15 09:41:01.735   get /dev12195/sgchannels/1/output/overrangecount -
2025.05.15 09:41:01.735   get /dev12195/sgchannels/2/output/overrangecount -
2025.05.15 09:41:01.736   get /dev12195/sgchannels/3/output/overrangecount -
2025.05.15 09:41:01.736   get /dev12195/sgchannels/4/output/overrangecount -
2025.05.15 09:41:01.736   get /dev12195/sgchannels/5/output/overrangecount -
2025.05.15 09:41:01.736   get /dev12195/qachannels/0/output/overrangecount -
2025.05.15 09:41:01.736   get /dev12195/qachannels/0/input/overrangecount -
2025.05.15 09:41:01.736   set /dev12195/sgchannels/4/output/on 1
2025.05.15 09:41:01.736   set /dev12195/sgchannels/4/awg/single 1
2025.05.15 09:41:01.737   set /dev12195/sgchannels/4/awg/modulation/enable 1
2025.05.15 09:41:01.737   set /dev12195/sgchannels/4/marker/source 0
2025.05.15 09:41:01.737   set /dev12195/sgchannels/4/trigger/delay 0
2025.05.15 09:41:01.737   set /dev12195/sgchannels/4/output/rflfpath 1
2025.05.15 09:41:01.737   set /dev12195/sgchannels/4/output/muting/enable 0
2025.05.15 09:41:01.737   set /dev12195/sgchannels/4/sines/0/oscselect 0
2025.05.15 09:41:01.737   set /dev12195/sgchannels/4/sines/0/harmonic 1
2025.05.15 09:41:01.737   set /dev12195/sgchannels/4/sines/0/phaseshift 0
2025.05.15 09:41:01.737   set /dev12195/qachannels/0/output/on 1
2025.05.15 09:41:01.737   set /dev12195/qachannels/0/generator/single 1
2025.05.15 09:41:01.737   set /dev12195/qachannels/0/output/muting/enable 0
2025.05.15 09:41:01.738   set /dev12195/qachannels/0/input/rflfpath 1
2025.05.15 09:41:01.738   set /dev12195/qachannels/0/input/on 1
2025.05.15 09:41:01.739   set /dev12195/sgchannels/4/oscs/0/freq 4e+07
2025.05.15 09:41:01.739   set /dev12195/sgchannels/4/awg/auxtriggers/0/slope 1
2025.05.15 09:41:01.739   set /dev12195/sgchannels/4/awg/auxtriggers/0/channel 8
2025.05.15 09:41:01.739   set /dev12195/system/internaltrigger/enable 0
2025.05.15 09:41:01.739   set /dev12195/system/internaltrigger/repetitions 1
2025.05.15 09:41:01.739   set /dev12195/qachannels/0/markers/0/source 32
2025.05.15 09:41:01.739   set /dev12195/qachannels/0/markers/1/source 36
2025.05.15 09:41:01.740   set /dev12195/qachannels/0/generator/auxtriggers/0/channel 8
2025.05.15 09:41:01.740   set /dev12195/sgchannels/4/oscs/0/freq 4e+07
2025.05.15 09:41:01.740   set /dev12195/synthesizers/3/centerfreq 3.6e+09
2025.05.15 09:41:01.740   set /dev12195/sgchannels/4/output/delay 0
2025.05.15 09:41:01.740   set /dev12195/qachannels/0/centerfreq 6.8e+09
2025.05.15 09:41:01.740   set /dev12195/qachannels/0/generator/delay 0
2025.05.15 09:41:01.741   set /dev12195/qachannels/0/readout/integration/delay 2.12e-07
2025.05.15 09:41:01.741   set /dev12195/qachannels/0/mode 1
2025.05.15 09:41:01.741   set /dev12195/qachannels/0/readout/multistate/qudits/0/enable 0
2025.05.15 09:41:01.741   set /dev12195/qachannels/0/readout/multistate/qudits/1/enable 0
2025.05.15 09:41:01.741   set /dev12195/qachannels/0/readout/multistate/qudits/2/enable 0
2025.05.15 09:41:01.741   set /dev12195/qachannels/0/readout/multistate/qudits/3/enable 0
2025.05.15 09:41:01.742   set /dev12195/qachannels/0/readout/multistate/qudits/4/enable 0
2025.05.15 09:41:01.742   set /dev12195/qachannels/0/readout/multistate/qudits/5/enable 0
2025.05.15 09:41:01.742   set /dev12195/qachannels/0/readout/multistate/qudits/6/enable 0
2025.05.15 09:41:01.742   set /dev12195/qachannels/0/readout/multistate/qudits/7/enable 0
2025.05.15 09:41:01.742   set /dev12195/qachannels/0/readout/multistate/enable 1
2025.05.15 09:41:01.742   set /dev12195/qachannels/0/readout/multistate/zsync/packed 1
2025.05.15 09:41:01.743   set /dev12195/qachannels/0/readout/multistate/qudits/0/numstates 2
2025.05.15 09:41:01.743   set /dev12195/qachannels/0/readout/multistate/qudits/0/enable 1
2025.05.15 09:41:01.743   set /dev12195/qachannels/0/readout/multistate/qudits/0/assignmentvec vector (8 B)
2025.05.15 09:41:01.743   set /dev12195/qachannels/0/readout/result/enable 0
2025.05.15 09:41:01.743   set /dev12195/qachannels/0/readout/result/source 1
2025.05.15 09:41:01.743   set /dev12195/qachannels/0/readout/result/length 2
2025.05.15 09:41:01.743   set /dev12195/qachannels/0/readout/result/averages 3
2025.05.15 09:41:01.744   set /dev12195/qachannels/0/readout/result/mode 0
2025.05.15 09:41:01.744   set /dev12195/qachannels/0/readout/multistate/qudits/0/thresholds/0/value 0
2025.05.15 09:41:01.744   set /dev12195/sgchannels/4/awg/elf/data vector (1528 B)
2025.05.15 09:41:01.744   set /dev12195/sgchannels/4/awg/commandtable/data vector (152 B)
2025.05.15 09:41:01.744   set /dev12195/qachannels/0/readout/result/enable 1
2025.05.15 09:41:01.744   set /dev12195/qachannels/0/spectroscopy/result/enable 0
2025.05.15 09:41:01.744   set /dev12195/scopes/0/enable 0
2025.05.15 09:41:01.745   set /dev12195/qachannels/0/generator/elf/data vector (2148 B)
2025.05.15 09:41:01.745   set /dev12195/qachannels/0/generator/clearwave 1
2025.05.15 09:41:01.745   set /dev12195/qachannels/0/generator/waveforms/0/wave vector (32000 B)
2025.05.15 09:41:01.745   get /dev12195/qachannels/0/generator/waveforms/0/wave -
2025.05.15 09:41:01.745   set /dev12195/qachannels/0/spectroscopy/envelope/enable 0
2025.05.15 09:41:01.745   set /dev12195/qachannels/0/readout/multistate/qudits/0/weights/0/wave vector (64000 B)
2025.05.15 09:41:01.745   set /dev12195/qachannels/0/readout/integration/length 4000
2025.05.15 09:41:01.746   set /dev12195/sgchannels/4/awg/enable 1
2025.05.15 09:41:01.746   set /dev12195/qachannels/0/generator/enable 1
2025.05.15 09:41:01.746   set /dev12195/system/internaltrigger/enable 1
2025.05.15 09:41:01.747   set /dev12195/raw/system/awg/runtimechecks/enable 0
2025.05.15 09:41:01.747   set /dev12195/qachannels/0/readout/result/enable 0
2025.05.15 09:41:01.748   get /dev12195/raw/error/json/errors -
2025.05.15 09:41:01.748   get /dev12195/raw/error/json/errors -
2025.05.15 09:41:01.749   set /dev12195/qachannels/0/spectroscopy/envelope/enable 1
2025.05.15 09:46:54.808 Node log from the data server with id 'zi_server':
2025.05.15 09:46:54.808   get /dev12195/raw/system/awg/runtimechecks/enable -
2025.05.15 09:46:54.808   get /dev12195/raw/system/awg/runtimechecks/enable -
2025.05.15 09:46:54.808   get /dev12195/system/clocks/referenceclock/in/freq -
2025.05.15 09:46:54.810   get /dev12195/system/clocks/referenceclock/in/sourceactual -
2025.05.15 09:46:54.810   get /dev12195/system/clocks/referenceclock/in/source -
2025.05.15 09:46:54.810   get /dev12195/system/clocks/referenceclock/in/status -
2025.05.15 09:46:54.810   get /dev12195/system/clocks/referenceclock/in/freq -
2025.05.15 09:46:54.810   get /dev12195/system/clocks/referenceclock/in/sourceactual -
2025.05.15 09:46:54.810   get /dev12195/system/clocks/referenceclock/in/source -
2025.05.15 09:46:54.810   get /dev12195/system/clocks/referenceclock/in/status -
2025.05.15 09:47:02.368 Node log from the data server with id 'zi_server':
2025.05.15 09:47:02.369   get /dev12195/raw/system/awg/runtimechecks/enable -
2025.05.15 09:47:02.369   get /dev12195/raw/system/awg/runtimechecks/enable -
2025.05.15 09:47:02.369   get /dev12195/system/clocks/referenceclock/in/freq -
2025.05.15 09:47:02.369   get /dev12195/system/clocks/referenceclock/in/sourceactual -
2025.05.15 09:47:02.370   get /dev12195/system/clocks/referenceclock/in/source -
2025.05.15 09:47:02.370   get /dev12195/system/clocks/referenceclock/in/status -
2025.05.15 09:47:02.371   get /dev12195/system/clocks/referenceclock/in/freq -
2025.05.15 09:47:02.371   get /dev12195/system/clocks/referenceclock/in/sourceactual -
2025.05.15 09:47:02.371   get /dev12195/system/clocks/referenceclock/in/source -
2025.05.15 09:47:02.371   get /dev12195/system/clocks/referenceclock/in/status -
2025.05.15 09:48:35.486 Node log from the data server with id 'zi_server':
2025.05.15 09:48:35.486   get /dev12195/raw/system/awg/runtimechecks/enable -
2025.05.15 09:48:35.488   get /dev12195/raw/system/awg/runtimechecks/enable -
2025.05.15 09:48:35.488   get /dev12195/system/clocks/referenceclock/in/freq -
2025.05.15 09:48:35.488   get /dev12195/system/clocks/referenceclock/in/sourceactual -
2025.05.15 09:48:35.488   get /dev12195/system/clocks/referenceclock/in/source -
2025.05.15 09:48:35.488   get /dev12195/system/clocks/referenceclock/in/status -
2025.05.15 09:48:35.488   get /dev12195/system/clocks/referenceclock/in/freq -
2025.05.15 09:48:35.488   get /dev12195/system/clocks/referenceclock/in/sourceactual -
2025.05.15 09:48:35.488   get /dev12195/system/clocks/referenceclock/in/source -
2025.05.15 09:48:35.488   get /dev12195/system/clocks/referenceclock/in/status -
2025.05.15 09:50:08.496 Node log from the data server with id 'zi_server':
2025.05.15 09:50:08.496   get /dev12195/raw/system/awg/runtimechecks/enable -
2025.05.15 09:50:08.496   get /dev12195/raw/system/awg/runtimechecks/enable -
2025.05.15 09:50:08.496   get /dev12195/system/clocks/referenceclock/in/freq -
2025.05.15 09:50:08.496   get /dev12195/system/clocks/referenceclock/in/sourceactual -
2025.05.15 09:50:08.496   get /dev12195/system/clocks/referenceclock/in/source -
2025.05.15 09:50:08.496   get /dev12195/system/clocks/referenceclock/in/status -
2025.05.15 09:50:08.498   get /dev12195/system/clocks/referenceclock/in/freq -
2025.05.15 09:50:08.498   get /dev12195/system/clocks/referenceclock/in/sourceactual -
2025.05.15 09:50:08.498   get /dev12195/system/clocks/referenceclock/in/source -
2025.05.15 09:50:08.498   get /dev12195/system/clocks/referenceclock/in/status -
2025.05.15 09:50:26.185 Node log from the data server with id 'zi_server':
2025.05.15 09:50:26.185   get /dev12195/raw/system/awg/runtimechecks/enable -
2025.05.15 09:50:26.185   get /dev12195/raw/system/awg/runtimechecks/enable -
2025.05.15 09:50:26.185   get /dev12195/system/clocks/referenceclock/in/freq -
2025.05.15 09:50:26.185   get /dev12195/system/clocks/referenceclock/in/sourceactual -
2025.05.15 09:50:26.187   get /dev12195/system/clocks/referenceclock/in/source -
2025.05.15 09:50:26.187   get /dev12195/system/clocks/referenceclock/in/status -
2025.05.15 09:50:26.187   get /dev12195/system/clocks/referenceclock/in/freq -
2025.05.15 09:50:26.187   get /dev12195/system/clocks/referenceclock/in/sourceactual -
2025.05.15 09:50:26.187   get /dev12195/system/clocks/referenceclock/in/source -
2025.05.15 09:50:26.187   get /dev12195/system/clocks/referenceclock/in/status -
2025.05.15 09:53:10.653 Node log from the data server with id 'zi_server':
2025.05.15 09:53:10.653   get /dev12195/raw/system/awg/runtimechecks/enable -
2025.05.15 09:53:10.653   get /dev12195/raw/system/awg/runtimechecks/enable -
2025.05.15 09:53:10.655   get /dev12195/system/clocks/referenceclock/in/freq -
2025.05.15 09:53:10.655   get /dev12195/system/clocks/referenceclock/in/sourceactual -
2025.05.15 09:53:10.655   get /dev12195/system/clocks/referenceclock/in/source -
2025.05.15 09:53:10.655   get /dev12195/system/clocks/referenceclock/in/status -
2025.05.15 09:53:10.655   get /dev12195/system/clocks/referenceclock/in/freq -
2025.05.15 09:53:10.655   get /dev12195/system/clocks/referenceclock/in/sourceactual -
2025.05.15 09:53:10.655   get /dev12195/system/clocks/referenceclock/in/source -
2025.05.15 09:53:10.655   get /dev12195/system/clocks/referenceclock/in/status -
2025.05.15 09:56:31.591 Node log from the data server with id 'zi_server':
2025.05.15 09:56:31.591   get /dev12195/raw/system/awg/runtimechecks/enable -
2025.05.15 09:56:31.591   get /dev12195/raw/system/awg/runtimechecks/enable -
2025.05.15 09:56:31.591   get /dev12195/system/clocks/referenceclock/in/freq -
2025.05.15 09:56:31.591   get /dev12195/system/clocks/referenceclock/in/sourceactual -
2025.05.15 09:56:31.591   get /dev12195/system/clocks/referenceclock/in/source -
2025.05.15 09:56:31.591   get /dev12195/system/clocks/referenceclock/in/status -
2025.05.15 09:56:31.591   get /dev12195/system/clocks/referenceclock/in/freq -
2025.05.15 09:56:31.591   get /dev12195/system/clocks/referenceclock/in/sourceactual -
2025.05.15 09:56:31.593   get /dev12195/system/clocks/referenceclock/in/source -
2025.05.15 09:56:31.593   get /dev12195/system/clocks/referenceclock/in/status -
2025.05.15 09:56:54.090 Node log from the data server with id 'zi_server':
2025.05.15 09:56:54.091   get /dev12195/raw/system/awg/runtimechecks/enable -
2025.05.15 09:56:54.091   get /dev12195/raw/system/awg/runtimechecks/enable -
2025.05.15 09:56:54.091   get /dev12195/system/clocks/referenceclock/in/freq -
2025.05.15 09:56:54.091   get /dev12195/system/clocks/referenceclock/in/sourceactual -
2025.05.15 09:56:54.091   get /dev12195/system/clocks/referenceclock/in/source -
2025.05.15 09:56:54.092   get /dev12195/system/clocks/referenceclock/in/status -
2025.05.15 09:56:54.092   get /dev12195/system/clocks/referenceclock/in/freq -
2025.05.15 09:56:54.092   get /dev12195/system/clocks/referenceclock/in/sourceactual -
2025.05.15 09:56:54.092   get /dev12195/system/clocks/referenceclock/in/source -
2025.05.15 09:56:54.092   get /dev12195/system/clocks/referenceclock/in/status -
2025.05.15 09:57:13.249 Node log from the data server with id 'zi_server':
2025.05.15 09:57:13.251   get /dev12195/raw/system/awg/runtimechecks/enable -
2025.05.15 09:57:13.251   get /dev12195/raw/system/awg/runtimechecks/enable -
2025.05.15 09:57:13.251   get /dev12195/system/clocks/referenceclock/in/freq -
2025.05.15 09:57:13.251   get /dev12195/system/clocks/referenceclock/in/sourceactual -
2025.05.15 09:57:13.251   get /dev12195/system/clocks/referenceclock/in/source -
2025.05.15 09:57:13.251   get /dev12195/system/clocks/referenceclock/in/status -
2025.05.15 09:57:13.251   get /dev12195/system/clocks/referenceclock/in/freq -
2025.05.15 09:57:13.251   get /dev12195/system/clocks/referenceclock/in/sourceactual -
2025.05.15 09:57:13.251   get /dev12195/system/clocks/referenceclock/in/source -
2025.05.15 09:57:13.251   get /dev12195/system/clocks/referenceclock/in/status -
2025.05.15 09:59:16.058 Node log from the data server with id 'zi_server':
2025.05.15 09:59:16.059   get /dev12195/raw/system/awg/runtimechecks/enable -
2025.05.15 09:59:16.059   get /dev12195/raw/system/awg/runtimechecks/enable -
2025.05.15 09:59:16.059   get /dev12195/system/clocks/referenceclock/in/freq -
2025.05.15 09:59:16.060   get /dev12195/system/clocks/referenceclock/in/sourceactual -
2025.05.15 09:59:16.060   get /dev12195/system/clocks/referenceclock/in/source -
2025.05.15 09:59:16.060   get /dev12195/system/clocks/referenceclock/in/status -
2025.05.15 09:59:16.060   get /dev12195/system/clocks/referenceclock/in/freq -
2025.05.15 09:59:16.060   get /dev12195/system/clocks/referenceclock/in/sourceactual -
2025.05.15 09:59:16.060   get /dev12195/system/clocks/referenceclock/in/source -
2025.05.15 09:59:16.061   get /dev12195/system/clocks/referenceclock/in/status -
2025.05.15 10:00:05.797 Node log from the data server with id 'zi_server':
2025.05.15 10:00:05.797   get /dev12195/raw/system/awg/runtimechecks/enable -
2025.05.15 10:00:05.797   get /dev12195/raw/system/awg/runtimechecks/enable -
2025.05.15 10:00:05.797   get /dev12195/system/clocks/referenceclock/in/freq -
2025.05.15 10:00:05.799   get /dev12195/system/clocks/referenceclock/in/sourceactual -
2025.05.15 10:00:05.799   get /dev12195/system/clocks/referenceclock/in/source -
2025.05.15 10:00:05.799   get /dev12195/system/clocks/referenceclock/in/status -
2025.05.15 10:00:05.799   get /dev12195/system/clocks/referenceclock/in/freq -
2025.05.15 10:00:05.799   get /dev12195/system/clocks/referenceclock/in/sourceactual -
2025.05.15 10:00:05.799   get /dev12195/system/clocks/referenceclock/in/source -
2025.05.15 10:00:05.799   get /dev12195/system/clocks/referenceclock/in/status -
2025.05.15 10:05:15.343 Node log from the data server with id 'zi_server':
2025.05.15 10:05:15.343   get /dev12195/raw/system/awg/runtimechecks/enable -
2025.05.15 10:05:15.343   get /dev12195/raw/system/awg/runtimechecks/enable -
2025.05.15 10:05:15.343   get /dev12195/system/clocks/referenceclock/in/freq -
2025.05.15 10:05:15.343   get /dev12195/system/clocks/referenceclock/in/sourceactual -
2025.05.15 10:05:15.343   get /dev12195/system/clocks/referenceclock/in/source -
2025.05.15 10:05:15.345   get /dev12195/system/clocks/referenceclock/in/status -
2025.05.15 10:05:15.345   get /dev12195/system/clocks/referenceclock/in/freq -
2025.05.15 10:05:15.345   get /dev12195/system/clocks/referenceclock/in/sourceactual -
2025.05.15 10:05:15.345   get /dev12195/system/clocks/referenceclock/in/source -
2025.05.15 10:05:15.345   get /dev12195/system/clocks/referenceclock/in/status -
2025.05.15 10:07:18.981 Node log from the data server with id 'zi_server':
2025.05.15 10:07:18.981   get /dev12195/raw/system/awg/runtimechecks/enable -
2025.05.15 10:07:18.983   get /dev12195/raw/system/awg/runtimechecks/enable -
2025.05.15 10:07:18.983   get /dev12195/system/clocks/referenceclock/in/freq -
2025.05.15 10:07:18.983   get /dev12195/system/clocks/referenceclock/in/sourceactual -
2025.05.15 10:07:18.983   get /dev12195/system/clocks/referenceclock/in/source -
2025.05.15 10:07:18.983   get /dev12195/system/clocks/referenceclock/in/status -
2025.05.15 10:07:18.983   get /dev12195/system/clocks/referenceclock/in/freq -
2025.05.15 10:07:18.983   get /dev12195/system/clocks/referenceclock/in/sourceactual -
2025.05.15 10:07:18.983   get /dev12195/system/clocks/referenceclock/in/source -
2025.05.15 10:07:18.983   get /dev12195/system/clocks/referenceclock/in/status -
2025.05.15 10:07:33.382 Node log from the data server with id 'zi_server':
2025.05.15 10:07:33.382   get /dev12195/raw/system/awg/runtimechecks/enable -
2025.05.15 10:07:33.382   get /dev12195/raw/system/awg/runtimechecks/enable -
2025.05.15 10:07:33.382   get /dev12195/system/clocks/referenceclock/in/freq -
2025.05.15 10:07:33.382   get /dev12195/system/clocks/referenceclock/in/sourceactual -
2025.05.15 10:07:33.382   get /dev12195/system/clocks/referenceclock/in/source -
2025.05.15 10:07:33.382   get /dev12195/system/clocks/referenceclock/in/status -
2025.05.15 10:07:33.382   get /dev12195/system/clocks/referenceclock/in/freq -
2025.05.15 10:07:33.382   get /dev12195/system/clocks/referenceclock/in/sourceactual -
2025.05.15 10:07:33.382   get /dev12195/system/clocks/referenceclock/in/source -
2025.05.15 10:07:33.382   get /dev12195/system/clocks/referenceclock/in/status -
2025.05.15 10:07:45.061 Node log from the data server with id 'zi_server':
2025.05.15 10:07:45.061   get /dev12195/raw/system/awg/runtimechecks/enable -
2025.05.15 10:07:45.062   get /dev12195/raw/system/awg/runtimechecks/enable -
2025.05.15 10:07:45.062   get /dev12195/system/clocks/referenceclock/in/freq -
2025.05.15 10:07:45.062   get /dev12195/system/clocks/referenceclock/in/sourceactual -
2025.05.15 10:07:45.062   get /dev12195/system/clocks/referenceclock/in/source -
2025.05.15 10:07:45.062   get /dev12195/system/clocks/referenceclock/in/status -
2025.05.15 10:07:45.063   get /dev12195/system/clocks/referenceclock/in/freq -
2025.05.15 10:07:45.063   get /dev12195/system/clocks/referenceclock/in/sourceactual -
2025.05.15 10:07:45.063   get /dev12195/system/clocks/referenceclock/in/source -
2025.05.15 10:07:45.063   get /dev12195/system/clocks/referenceclock/in/status -
2025.05.15 10:08:08.441 Node log from the data server with id 'zi_server':
2025.05.15 10:08:08.441   get /dev12195/raw/system/awg/runtimechecks/enable -
2025.05.15 10:08:08.441   get /dev12195/raw/system/awg/runtimechecks/enable -
2025.05.15 10:08:08.441   get /dev12195/system/clocks/referenceclock/in/freq -
2025.05.15 10:08:08.441   get /dev12195/system/clocks/referenceclock/in/sourceactual -
2025.05.15 10:08:08.441   get /dev12195/system/clocks/referenceclock/in/source -
2025.05.15 10:08:08.441   get /dev12195/system/clocks/referenceclock/in/status -
2025.05.15 10:08:08.441   get /dev12195/system/clocks/referenceclock/in/freq -
2025.05.15 10:08:08.443   get /dev12195/system/clocks/referenceclock/in/sourceactual -
2025.05.15 10:08:08.443   get /dev12195/system/clocks/referenceclock/in/source -
2025.05.15 10:08:08.443   get /dev12195/system/clocks/referenceclock/in/status -
2025.05.15 10:09:00.740 Node log from the data server with id 'zi_server':
2025.05.15 10:09:00.740   get /dev12195/raw/system/awg/runtimechecks/enable -
2025.05.15 10:09:00.740   get /dev12195/raw/system/awg/runtimechecks/enable -
2025.05.15 10:09:00.740   get /dev12195/system/clocks/referenceclock/in/freq -
2025.05.15 10:09:00.740   get /dev12195/system/clocks/referenceclock/in/sourceactual -
2025.05.15 10:09:00.740   get /dev12195/system/clocks/referenceclock/in/source -
2025.05.15 10:09:00.740   get /dev12195/system/clocks/referenceclock/in/status -
2025.05.15 10:09:00.740   get /dev12195/system/clocks/referenceclock/in/freq -
2025.05.15 10:09:00.740   get /dev12195/system/clocks/referenceclock/in/sourceactual -
2025.05.15 10:09:00.742   get /dev12195/system/clocks/referenceclock/in/source -
2025.05.15 10:09:00.742   get /dev12195/system/clocks/referenceclock/in/status -
2025.05.15 10:09:18.118 Node log from the data server with id 'zi_server':
2025.05.15 10:09:18.120   get /dev12195/raw/system/awg/runtimechecks/enable -
2025.05.15 10:09:18.120   get /dev12195/raw/system/awg/runtimechecks/enable -
2025.05.15 10:09:18.120   get /dev12195/system/clocks/referenceclock/in/freq -
2025.05.15 10:09:18.120   get /dev12195/system/clocks/referenceclock/in/sourceactual -
2025.05.15 10:09:18.120   get /dev12195/system/clocks/referenceclock/in/source -
2025.05.15 10:09:18.120   get /dev12195/system/clocks/referenceclock/in/status -
2025.05.15 10:09:18.120   get /dev12195/system/clocks/referenceclock/in/freq -
2025.05.15 10:09:18.120   get /dev12195/system/clocks/referenceclock/in/sourceactual -
2025.05.15 10:09:18.120   get /dev12195/system/clocks/referenceclock/in/source -
2025.05.15 10:09:18.120   get /dev12195/system/clocks/referenceclock/in/status -
2025.05.15 10:09:42.759 Node log from the data server with id 'zi_server':
2025.05.15 10:09:42.759   get /dev12195/raw/system/awg/runtimechecks/enable -
2025.05.15 10:09:42.759   get /dev12195/raw/system/awg/runtimechecks/enable -
2025.05.15 10:09:42.759   get /dev12195/system/clocks/referenceclock/in/freq -
2025.05.15 10:09:42.759   get /dev12195/system/clocks/referenceclock/in/sourceactual -
2025.05.15 10:09:42.759   get /dev12195/system/clocks/referenceclock/in/source -
2025.05.15 10:09:42.759   get /dev12195/system/clocks/referenceclock/in/status -
2025.05.15 10:09:42.759   get /dev12195/system/clocks/referenceclock/in/freq -
2025.05.15 10:09:42.761   get /dev12195/system/clocks/referenceclock/in/sourceactual -
2025.05.15 10:09:42.761   get /dev12195/system/clocks/referenceclock/in/source -
2025.05.15 10:09:42.761   get /dev12195/system/clocks/referenceclock/in/status -
2025.05.15 10:09:50.438 Node log from the data server with id 'zi_server':
2025.05.15 10:09:50.438   get /dev12195/raw/system/awg/runtimechecks/enable -
2025.05.15 10:09:50.438   get /dev12195/raw/system/awg/runtimechecks/enable -
2025.05.15 10:09:50.438   get /dev12195/system/clocks/referenceclock/in/freq -
2025.05.15 10:09:50.440   get /dev12195/system/clocks/referenceclock/in/sourceactual -
2025.05.15 10:09:50.440   get /dev12195/system/clocks/referenceclock/in/source -
2025.05.15 10:09:50.440   get /dev12195/system/clocks/referenceclock/in/status -
2025.05.15 10:09:50.440   get /dev12195/system/clocks/referenceclock/in/freq -
2025.05.15 10:09:50.440   get /dev12195/system/clocks/referenceclock/in/sourceactual -
2025.05.15 10:09:50.440   get /dev12195/system/clocks/referenceclock/in/source -
2025.05.15 10:09:50.440   get /dev12195/system/clocks/referenceclock/in/status -
2025.05.15 10:09:59.829 Node log from the data server with id 'zi_server':
2025.05.15 10:09:59.829   get /dev12195/raw/system/awg/runtimechecks/enable -
2025.05.15 10:09:59.829   get /dev12195/raw/system/awg/runtimechecks/enable -
2025.05.15 10:09:59.829   get /dev12195/system/clocks/referenceclock/in/freq -
2025.05.15 10:09:59.829   get /dev12195/system/clocks/referenceclock/in/sourceactual -
2025.05.15 10:09:59.829   get /dev12195/system/clocks/referenceclock/in/source -
2025.05.15 10:09:59.829   get /dev12195/system/clocks/referenceclock/in/status -
2025.05.15 10:09:59.831   get /dev12195/system/clocks/referenceclock/in/freq -
2025.05.15 10:09:59.831   get /dev12195/system/clocks/referenceclock/in/sourceactual -
2025.05.15 10:09:59.831   get /dev12195/system/clocks/referenceclock/in/source -
2025.05.15 10:09:59.831   get /dev12195/system/clocks/referenceclock/in/status -
2025.05.15 10:10:11.609 Node log from the data server with id 'zi_server':
2025.05.15 10:10:11.609   get /dev12195/raw/system/awg/runtimechecks/enable -
2025.05.15 10:10:11.609   get /dev12195/raw/system/awg/runtimechecks/enable -
2025.05.15 10:10:11.609   get /dev12195/system/clocks/referenceclock/in/freq -
2025.05.15 10:10:11.611   get /dev12195/system/clocks/referenceclock/in/sourceactual -
2025.05.15 10:10:11.611   get /dev12195/system/clocks/referenceclock/in/source -
2025.05.15 10:10:11.611   get /dev12195/system/clocks/referenceclock/in/status -
2025.05.15 10:10:11.611   get /dev12195/system/clocks/referenceclock/in/freq -
2025.05.15 10:10:11.611   get /dev12195/system/clocks/referenceclock/in/sourceactual -
2025.05.15 10:10:11.611   get /dev12195/system/clocks/referenceclock/in/source -
2025.05.15 10:10:11.611   get /dev12195/system/clocks/referenceclock/in/status -
2025.05.15 10:10:41.278 Node log from the data server with id 'zi_server':
2025.05.15 10:10:41.279   get /dev12195/raw/system/awg/runtimechecks/enable -
2025.05.15 10:10:41.279   get /dev12195/raw/system/awg/runtimechecks/enable -
2025.05.15 10:10:41.279   get /dev12195/system/clocks/referenceclock/in/freq -
2025.05.15 10:10:41.279   get /dev12195/system/clocks/referenceclock/in/sourceactual -
2025.05.15 10:10:41.279   get /dev12195/system/clocks/referenceclock/in/source -
2025.05.15 10:10:41.279   get /dev12195/system/clocks/referenceclock/in/status -
2025.05.15 10:10:41.279   get /dev12195/system/clocks/referenceclock/in/freq -
2025.05.15 10:10:41.280   get /dev12195/system/clocks/referenceclock/in/sourceactual -
2025.05.15 10:10:41.280   get /dev12195/system/clocks/referenceclock/in/source -
2025.05.15 10:10:41.280   get /dev12195/system/clocks/referenceclock/in/status -
2025.05.15 10:11:49.028 Node log from the data server with id 'zi_server':
2025.05.15 10:11:49.028   get /dev12195/raw/system/awg/runtimechecks/enable -
2025.05.15 10:11:49.028   get /dev12195/raw/system/awg/runtimechecks/enable -
2025.05.15 10:11:49.028   get /dev12195/system/clocks/referenceclock/in/freq -
2025.05.15 10:11:49.029   get /dev12195/system/clocks/referenceclock/in/sourceactual -
2025.05.15 10:11:49.029   get /dev12195/system/clocks/referenceclock/in/source -
2025.05.15 10:11:49.029   get /dev12195/system/clocks/referenceclock/in/status -
2025.05.15 10:11:49.029   get /dev12195/system/clocks/referenceclock/in/freq -
2025.05.15 10:11:49.029   get /dev12195/system/clocks/referenceclock/in/sourceactual -
2025.05.15 10:11:49.029   get /dev12195/system/clocks/referenceclock/in/source -
2025.05.15 10:11:49.029   get /dev12195/system/clocks/referenceclock/in/status -
2025.05.15 10:14:22.954 Node log from the data server with id 'zi_server':
2025.05.15 10:14:22.954   get /dev12195/raw/system/awg/runtimechecks/enable -
2025.05.15 10:14:22.956   get /dev12195/raw/system/awg/runtimechecks/enable -
2025.05.15 10:14:22.956   get /dev12195/system/clocks/referenceclock/in/freq -
2025.05.15 10:14:22.956   get /dev12195/system/clocks/referenceclock/in/sourceactual -
2025.05.15 10:14:22.956   get /dev12195/system/clocks/referenceclock/in/source -
2025.05.15 10:14:22.956   get /dev12195/system/clocks/referenceclock/in/status -
2025.05.15 10:14:22.956   get /dev12195/system/clocks/referenceclock/in/freq -
2025.05.15 10:14:22.956   get /dev12195/system/clocks/referenceclock/in/sourceactual -
2025.05.15 10:14:22.956   get /dev12195/system/clocks/referenceclock/in/source -
2025.05.15 10:14:22.956   get /dev12195/system/clocks/referenceclock/in/status -
2025.05.15 11:00:00.827 Node log from the data server with id 'zi_server':
2025.05.15 11:00:00.827   get /dev12195/raw/system/awg/runtimechecks/enable -
2025.05.15 11:00:00.827   get /dev12195/raw/system/awg/runtimechecks/enable -
2025.05.15 11:00:00.827   get /dev12195/system/clocks/referenceclock/in/freq -
2025.05.15 11:00:00.829   get /dev12195/system/clocks/referenceclock/in/sourceactual -
2025.05.15 11:00:00.829   get /dev12195/system/clocks/referenceclock/in/source -
2025.05.15 11:00:00.829   get /dev12195/system/clocks/referenceclock/in/status -
2025.05.15 11:00:00.829   get /dev12195/system/clocks/referenceclock/in/freq -
2025.05.15 11:00:00.829   get /dev12195/system/clocks/referenceclock/in/sourceactual -
2025.05.15 11:00:00.829   get /dev12195/system/clocks/referenceclock/in/source -
2025.05.15 11:00:00.829   get /dev12195/system/clocks/referenceclock/in/status -
2025.05.15 11:03:15.024 Node log from the data server with id 'zi_server':
2025.05.15 11:03:15.024   get /dev12195/raw/system/awg/runtimechecks/enable -
2025.05.15 11:03:15.024   get /dev12195/raw/system/awg/runtimechecks/enable -
2025.05.15 11:03:15.024   get /dev12195/system/clocks/referenceclock/in/freq -
2025.05.15 11:03:15.024   get /dev12195/system/clocks/referenceclock/in/sourceactual -
2025.05.15 11:03:15.024   get /dev12195/system/clocks/referenceclock/in/source -
2025.05.15 11:03:15.024   get /dev12195/system/clocks/referenceclock/in/status -
2025.05.15 11:03:15.024   get /dev12195/system/clocks/referenceclock/in/freq -
2025.05.15 11:03:15.024   get /dev12195/system/clocks/referenceclock/in/sourceactual -
2025.05.15 11:03:15.024   get /dev12195/system/clocks/referenceclock/in/source -
2025.05.15 11:03:15.026   get /dev12195/system/clocks/referenceclock/in/status -
2025.05.15 11:03:46.164 Node log from the data server with id 'zi_server':
2025.05.15 11:03:46.164   get /dev12195/raw/system/awg/runtimechecks/enable -
2025.05.15 11:03:46.164   get /dev12195/raw/system/awg/runtimechecks/enable -
2025.05.15 11:03:46.164   get /dev12195/system/clocks/referenceclock/in/freq -
2025.05.15 11:03:46.164   get /dev12195/system/clocks/referenceclock/in/sourceactual -
2025.05.15 11:03:46.164   get /dev12195/system/clocks/referenceclock/in/source -
2025.05.15 11:03:46.164   get /dev12195/system/clocks/referenceclock/in/status -
2025.05.15 11:03:46.166   get /dev12195/system/clocks/referenceclock/in/freq -
2025.05.15 11:03:46.166   get /dev12195/system/clocks/referenceclock/in/sourceactual -
2025.05.15 11:03:46.166   get /dev12195/system/clocks/referenceclock/in/source -
2025.05.15 11:03:46.166   get /dev12195/system/clocks/referenceclock/in/status -
2025.05.15 11:04:17.843 Node log from the data server with id 'zi_server':
2025.05.15 11:04:17.844   get /dev12195/raw/system/awg/runtimechecks/enable -
2025.05.15 11:04:17.844   get /dev12195/raw/system/awg/runtimechecks/enable -
2025.05.15 11:04:17.844   get /dev12195/system/clocks/referenceclock/in/freq -
2025.05.15 11:04:17.844   get /dev12195/system/clocks/referenceclock/in/sourceactual -
2025.05.15 11:04:17.844   get /dev12195/system/clocks/referenceclock/in/source -
2025.05.15 11:04:17.845   get /dev12195/system/clocks/referenceclock/in/status -
2025.05.15 11:04:17.845   get /dev12195/system/clocks/referenceclock/in/freq -
2025.05.15 11:04:17.845   get /dev12195/system/clocks/referenceclock/in/sourceactual -
2025.05.15 11:04:17.845   get /dev12195/system/clocks/referenceclock/in/source -
2025.05.15 11:04:17.845   get /dev12195/system/clocks/referenceclock/in/status -
2025.05.15 11:10:58.425 Node log from the data server with id 'zi_server':
2025.05.15 11:10:58.427   get /dev12195/raw/system/awg/runtimechecks/enable -
2025.05.15 11:10:58.427   get /dev12195/raw/system/awg/runtimechecks/enable -
2025.05.15 11:10:58.427   get /dev12195/system/clocks/referenceclock/in/freq -
2025.05.15 11:10:58.427   get /dev12195/system/clocks/referenceclock/in/sourceactual -
2025.05.15 11:10:58.427   get /dev12195/system/clocks/referenceclock/in/source -
2025.05.15 11:10:58.428   get /dev12195/system/clocks/referenceclock/in/status -
2025.05.15 11:10:58.428   get /dev12195/system/clocks/referenceclock/in/freq -
2025.05.15 11:10:58.428   get /dev12195/system/clocks/referenceclock/in/sourceactual -
2025.05.15 11:10:58.428   get /dev12195/system/clocks/referenceclock/in/source -
2025.05.15 11:10:58.428   get /dev12195/system/clocks/referenceclock/in/status -
2025.05.15 11:13:02.844 Node log from the data server with id 'zi_server':
2025.05.15 11:13:02.846   get /dev12195/raw/system/awg/runtimechecks/enable -
2025.05.15 11:13:02.846   get /dev12195/raw/system/awg/runtimechecks/enable -
2025.05.15 11:13:02.846   get /dev12195/system/clocks/referenceclock/in/freq -
2025.05.15 11:13:02.848   get /dev12195/system/clocks/referenceclock/in/sourceactual -
2025.05.15 11:13:02.848   get /dev12195/system/clocks/referenceclock/in/source -
2025.05.15 11:13:02.848   get /dev12195/system/clocks/referenceclock/in/status -
2025.05.15 11:13:02.849   get /dev12195/system/clocks/referenceclock/in/freq -
2025.05.15 11:13:02.849   get /dev12195/system/clocks/referenceclock/in/sourceactual -
2025.05.15 11:13:02.849   get /dev12195/system/clocks/referenceclock/in/source -
2025.05.15 11:13:02.849   get /dev12195/system/clocks/referenceclock/in/status -
2025.05.15 11:17:08.569 Node log from the data server with id 'zi_server':
2025.05.15 11:17:08.571   get /dev12195/raw/system/awg/runtimechecks/enable -
2025.05.15 11:17:08.571   get /dev12195/raw/system/awg/runtimechecks/enable -
2025.05.15 11:17:08.571   get /dev12195/system/clocks/referenceclock/in/freq -
2025.05.15 11:17:08.573   get /dev12195/system/clocks/referenceclock/in/sourceactual -
2025.05.15 11:17:08.573   get /dev12195/system/clocks/referenceclock/in/source -
2025.05.15 11:17:08.573   get /dev12195/system/clocks/referenceclock/in/status -
2025.05.15 11:17:08.573   get /dev12195/system/clocks/referenceclock/in/freq -
2025.05.15 11:17:08.575   get /dev12195/system/clocks/referenceclock/in/sourceactual -
2025.05.15 11:17:08.575   get /dev12195/system/clocks/referenceclock/in/source -
2025.05.15 11:17:08.577   get /dev12195/system/clocks/referenceclock/in/status -
2025.05.15 11:17:29.099 Node log from the data server with id 'zi_server':
2025.05.15 11:17:29.101   get /dev12195/raw/system/awg/runtimechecks/enable -
2025.05.15 11:17:29.101   get /dev12195/raw/system/awg/runtimechecks/enable -
2025.05.15 11:17:29.101   get /dev12195/system/clocks/referenceclock/in/freq -
2025.05.15 11:17:29.101   get /dev12195/system/clocks/referenceclock/in/sourceactual -
2025.05.15 11:17:29.103   get /dev12195/system/clocks/referenceclock/in/source -
2025.05.15 11:17:29.103   get /dev12195/system/clocks/referenceclock/in/status -
2025.05.15 11:17:29.103   get /dev12195/system/clocks/referenceclock/in/freq -
2025.05.15 11:17:29.103   get /dev12195/system/clocks/referenceclock/in/sourceactual -
2025.05.15 11:17:29.105   get /dev12195/system/clocks/referenceclock/in/source -
2025.05.15 11:17:29.105   get /dev12195/system/clocks/referenceclock/in/status -
2025.05.15 11:17:41.749 Node log from the data server with id 'zi_server':
2025.05.15 11:17:41.749   get /dev12195/raw/system/awg/runtimechecks/enable -
2025.05.15 11:17:41.751   get /dev12195/raw/system/awg/runtimechecks/enable -
2025.05.15 11:17:41.751   get /dev12195/system/clocks/referenceclock/in/freq -
2025.05.15 11:17:41.751   get /dev12195/system/clocks/referenceclock/in/sourceactual -
2025.05.15 11:17:41.753   get /dev12195/system/clocks/referenceclock/in/source -
2025.05.15 11:17:41.753   get /dev12195/system/clocks/referenceclock/in/status -
2025.05.15 11:17:41.753   get /dev12195/system/clocks/referenceclock/in/freq -
2025.05.15 11:17:41.753   get /dev12195/system/clocks/referenceclock/in/sourceactual -
2025.05.15 11:17:41.755   get /dev12195/system/clocks/referenceclock/in/source -
2025.05.15 11:17:41.755   get /dev12195/system/clocks/referenceclock/in/status -
2025.05.15 11:17:54.889 Node log from the data server with id 'zi_server':
2025.05.15 11:17:54.889   get /dev12195/raw/system/awg/runtimechecks/enable -
2025.05.15 11:17:54.891   get /dev12195/raw/system/awg/runtimechecks/enable -
2025.05.15 11:17:54.891   get /dev12195/system/clocks/referenceclock/in/freq -
2025.05.15 11:17:54.891   get /dev12195/system/clocks/referenceclock/in/sourceactual -
2025.05.15 11:17:54.893   get /dev12195/system/clocks/referenceclock/in/source -
2025.05.15 11:17:54.893   get /dev12195/system/clocks/referenceclock/in/status -
2025.05.15 11:17:54.893   get /dev12195/system/clocks/referenceclock/in/freq -
2025.05.15 11:17:54.893   get /dev12195/system/clocks/referenceclock/in/sourceactual -
2025.05.15 11:17:54.895   get /dev12195/system/clocks/referenceclock/in/source -
2025.05.15 11:17:54.895   get /dev12195/system/clocks/referenceclock/in/status -
2025.05.15 11:18:03.578 Node log from the data server with id 'zi_server':
2025.05.15 11:18:03.580   get /dev12195/raw/system/awg/runtimechecks/enable -
2025.05.15 11:18:03.580   get /dev12195/raw/system/awg/runtimechecks/enable -
2025.05.15 11:18:03.582   get /dev12195/system/clocks/referenceclock/in/freq -
2025.05.15 11:18:03.582   get /dev12195/system/clocks/referenceclock/in/sourceactual -
2025.05.15 11:18:03.582   get /dev12195/system/clocks/referenceclock/in/source -
2025.05.15 11:18:03.582   get /dev12195/system/clocks/referenceclock/in/status -
2025.05.15 11:18:03.584   get /dev12195/system/clocks/referenceclock/in/freq -
2025.05.15 11:18:03.584   get /dev12195/system/clocks/referenceclock/in/sourceactual -
2025.05.15 11:18:03.584   get /dev12195/system/clocks/referenceclock/in/source -
2025.05.15 11:18:03.585   get /dev12195/system/clocks/referenceclock/in/status -
2025.05.15 11:18:14.699 Node log from the data server with id 'zi_server':
2025.05.15 11:18:14.700   get /dev12195/raw/system/awg/runtimechecks/enable -
2025.05.15 11:18:14.701   get /dev12195/raw/system/awg/runtimechecks/enable -
2025.05.15 11:18:14.701   get /dev12195/system/clocks/referenceclock/in/freq -
2025.05.15 11:18:14.702   get /dev12195/system/clocks/referenceclock/in/sourceactual -
2025.05.15 11:18:14.702   get /dev12195/system/clocks/referenceclock/in/source -
2025.05.15 11:18:14.703   get /dev12195/system/clocks/referenceclock/in/status -
2025.05.15 11:18:14.703   get /dev12195/system/clocks/referenceclock/in/freq -
2025.05.15 11:18:14.703   get /dev12195/system/clocks/referenceclock/in/sourceactual -
2025.05.15 11:18:14.703   get /dev12195/system/clocks/referenceclock/in/source -
2025.05.15 11:18:14.703   get /dev12195/system/clocks/referenceclock/in/status -
2025.05.15 11:18:23.118 Node log from the data server with id 'zi_server':
2025.05.15 11:18:23.119   get /dev12195/raw/system/awg/runtimechecks/enable -
2025.05.15 11:18:23.120   get /dev12195/raw/system/awg/runtimechecks/enable -
2025.05.15 11:18:23.120   get /dev12195/system/clocks/referenceclock/in/freq -
2025.05.15 11:18:23.121   get /dev12195/system/clocks/referenceclock/in/sourceactual -
2025.05.15 11:18:23.122   get /dev12195/system/clocks/referenceclock/in/source -
2025.05.15 11:18:23.122   get /dev12195/system/clocks/referenceclock/in/status -
2025.05.15 11:18:23.123   get /dev12195/system/clocks/referenceclock/in/freq -
2025.05.15 11:18:23.123   get /dev12195/system/clocks/referenceclock/in/sourceactual -
2025.05.15 11:18:23.124   get /dev12195/system/clocks/referenceclock/in/source -
2025.05.15 11:18:23.124   get /dev12195/system/clocks/referenceclock/in/status -
2025.05.15 11:18:32.097 Node log from the data server with id 'zi_server':
2025.05.15 11:18:32.100   get /dev12195/raw/system/awg/runtimechecks/enable -
2025.05.15 11:18:32.100   get /dev12195/raw/system/awg/runtimechecks/enable -
2025.05.15 11:18:32.101   get /dev12195/system/clocks/referenceclock/in/freq -
2025.05.15 11:18:32.101   get /dev12195/system/clocks/referenceclock/in/sourceactual -
2025.05.15 11:18:32.101   get /dev12195/system/clocks/referenceclock/in/source -
2025.05.15 11:18:32.101   get /dev12195/system/clocks/referenceclock/in/status -
2025.05.15 11:18:32.103   get /dev12195/system/clocks/referenceclock/in/freq -
2025.05.15 11:18:32.103   get /dev12195/system/clocks/referenceclock/in/sourceactual -
2025.05.15 11:18:32.103   get /dev12195/system/clocks/referenceclock/in/source -
2025.05.15 11:18:32.103   get /dev12195/system/clocks/referenceclock/in/status -
2025.05.15 11:18:39.986 Node log from the data server with id 'zi_server':
2025.05.15 11:18:39.988   get /dev12195/raw/system/awg/runtimechecks/enable -
2025.05.15 11:18:39.988   get /dev12195/raw/system/awg/runtimechecks/enable -
2025.05.15 11:18:39.990   get /dev12195/system/clocks/referenceclock/in/freq -
2025.05.15 11:18:39.990   get /dev12195/system/clocks/referenceclock/in/sourceactual -
2025.05.15 11:18:39.990   get /dev12195/system/clocks/referenceclock/in/source -
2025.05.15 11:18:39.992   get /dev12195/system/clocks/referenceclock/in/status -
2025.05.15 11:18:39.992   get /dev12195/system/clocks/referenceclock/in/freq -
2025.05.15 11:18:39.992   get /dev12195/system/clocks/referenceclock/in/sourceactual -
2025.05.15 11:18:39.994   get /dev12195/system/clocks/referenceclock/in/source -
2025.05.15 11:18:39.994   get /dev12195/system/clocks/referenceclock/in/status -
2025.05.15 11:18:46.377 Node log from the data server with id 'zi_server':
2025.05.15 11:18:46.379   get /dev12195/raw/system/awg/runtimechecks/enable -
2025.05.15 11:18:46.379   get /dev12195/raw/system/awg/runtimechecks/enable -
2025.05.15 11:18:46.379   get /dev12195/system/clocks/referenceclock/in/freq -
2025.05.15 11:18:46.379   get /dev12195/system/clocks/referenceclock/in/sourceactual -
2025.05.15 11:18:46.381   get /dev12195/system/clocks/referenceclock/in/source -
2025.05.15 11:18:46.381   get /dev12195/system/clocks/referenceclock/in/status -
2025.05.15 11:18:46.382   get /dev12195/system/clocks/referenceclock/in/freq -
2025.05.15 11:18:46.382   get /dev12195/system/clocks/referenceclock/in/sourceactual -
2025.05.15 11:18:46.383   get /dev12195/system/clocks/referenceclock/in/source -
2025.05.15 11:18:46.383   get /dev12195/system/clocks/referenceclock/in/status -
2025.05.15 11:19:04.848 Node log from the data server with id 'zi_server':
2025.05.15 11:19:04.848   get /dev12195/raw/system/awg/runtimechecks/enable -
2025.05.15 11:19:04.848   get /dev12195/raw/system/awg/runtimechecks/enable -
2025.05.15 11:19:04.850   get /dev12195/system/clocks/referenceclock/in/freq -
2025.05.15 11:19:04.850   get /dev12195/system/clocks/referenceclock/in/sourceactual -
2025.05.15 11:19:04.851   get /dev12195/system/clocks/referenceclock/in/source -
2025.05.15 11:19:04.852   get /dev12195/system/clocks/referenceclock/in/status -
2025.05.15 11:19:04.852   get /dev12195/system/clocks/referenceclock/in/freq -
2025.05.15 11:19:04.853   get /dev12195/system/clocks/referenceclock/in/sourceactual -
2025.05.15 11:19:04.853   get /dev12195/system/clocks/referenceclock/in/source -
2025.05.15 11:19:04.854   get /dev12195/system/clocks/referenceclock/in/status -
2025.05.15 11:22:06.604 Node log from the data server with id 'zi_server':
2025.05.15 11:22:06.606   get /dev12195/raw/system/awg/runtimechecks/enable -
2025.05.15 11:22:06.606   get /dev12195/raw/system/awg/runtimechecks/enable -
2025.05.15 11:22:06.606   get /dev12195/system/clocks/referenceclock/in/freq -
2025.05.15 11:22:06.606   get /dev12195/system/clocks/referenceclock/in/sourceactual -
2025.05.15 11:22:06.608   get /dev12195/system/clocks/referenceclock/in/source -
2025.05.15 11:22:06.608   get /dev12195/system/clocks/referenceclock/in/status -
2025.05.15 11:22:06.608   get /dev12195/system/clocks/referenceclock/in/freq -
2025.05.15 11:22:06.608   get /dev12195/system/clocks/referenceclock/in/sourceactual -
2025.05.15 11:22:06.610   get /dev12195/system/clocks/referenceclock/in/source -
2025.05.15 11:22:06.610   get /dev12195/system/clocks/referenceclock/in/status -
2025.05.15 11:31:18.545 Node log from the data server with id 'zi_server':
2025.05.15 11:31:18.545   get /dev12195/raw/system/awg/runtimechecks/enable -
2025.05.15 11:31:18.547   get /dev12195/raw/system/awg/runtimechecks/enable -
2025.05.15 11:31:18.547   get /dev12195/system/clocks/referenceclock/in/freq -
2025.05.15 11:31:18.547   get /dev12195/system/clocks/referenceclock/in/sourceactual -
2025.05.15 11:31:18.549   get /dev12195/system/clocks/referenceclock/in/source -
2025.05.15 11:31:18.549   get /dev12195/system/clocks/referenceclock/in/status -
2025.05.15 11:31:18.549   get /dev12195/system/clocks/referenceclock/in/freq -
2025.05.15 11:31:18.551   get /dev12195/system/clocks/referenceclock/in/sourceactual -
2025.05.15 11:31:18.551   get /dev12195/system/clocks/referenceclock/in/source -
2025.05.15 11:31:18.551   get /dev12195/system/clocks/referenceclock/in/status -
2025.05.15 11:36:11.929 Node log from the data server with id 'zi_server':
2025.05.15 11:36:11.930   get /dev12195/raw/system/awg/runtimechecks/enable -
2025.05.15 11:36:11.932   get /dev12195/raw/system/awg/runtimechecks/enable -
2025.05.15 11:36:11.932   get /dev12195/system/clocks/referenceclock/in/freq -
2025.05.15 11:36:11.932   get /dev12195/system/clocks/referenceclock/in/sourceactual -
2025.05.15 11:36:11.932   get /dev12195/system/clocks/referenceclock/in/source -
2025.05.15 11:36:11.934   get /dev12195/system/clocks/referenceclock/in/status -
2025.05.15 11:36:11.934   get /dev12195/system/clocks/referenceclock/in/freq -
2025.05.15 11:36:11.934   get /dev12195/system/clocks/referenceclock/in/sourceactual -
2025.05.15 11:36:11.934   get /dev12195/system/clocks/referenceclock/in/source -
2025.05.15 11:36:11.936   get /dev12195/system/clocks/referenceclock/in/status -
2025.05.15 11:37:36.398 Node log from the data server with id 'zi_server':
2025.05.15 11:37:36.400   get /dev12195/raw/system/awg/runtimechecks/enable -
2025.05.15 11:37:36.400   get /dev12195/raw/system/awg/runtimechecks/enable -
2025.05.15 11:37:36.400   get /dev12195/system/clocks/referenceclock/in/freq -
2025.05.15 11:37:36.400   get /dev12195/system/clocks/referenceclock/in/sourceactual -
2025.05.15 11:37:36.402   get /dev12195/system/clocks/referenceclock/in/source -
2025.05.15 11:37:36.403   get /dev12195/system/clocks/referenceclock/in/status -
2025.05.15 11:37:36.403   get /dev12195/system/clocks/referenceclock/in/freq -
2025.05.15 11:37:36.403   get /dev12195/system/clocks/referenceclock/in/sourceactual -
2025.05.15 11:37:36.403   get /dev12195/system/clocks/referenceclock/in/source -
2025.05.15 11:37:36.405   get /dev12195/system/clocks/referenceclock/in/status -
2025.05.15 11:37:58.587 Node log from the data server with id 'zi_server':
2025.05.15 11:37:58.587   get /dev12195/raw/system/awg/runtimechecks/enable -
2025.05.15 11:37:58.589   get /dev12195/raw/system/awg/runtimechecks/enable -
2025.05.15 11:37:58.589   get /dev12195/system/clocks/referenceclock/in/freq -
2025.05.15 11:37:58.589   get /dev12195/system/clocks/referenceclock/in/sourceactual -
2025.05.15 11:37:58.591   get /dev12195/system/clocks/referenceclock/in/source -
2025.05.15 11:37:58.591   get /dev12195/system/clocks/referenceclock/in/status -
2025.05.15 11:37:58.591   get /dev12195/system/clocks/referenceclock/in/freq -
2025.05.15 11:37:58.591   get /dev12195/system/clocks/referenceclock/in/sourceactual -
2025.05.15 11:37:58.593   get /dev12195/system/clocks/referenceclock/in/source -
2025.05.15 11:37:58.593   get /dev12195/system/clocks/referenceclock/in/status -
2025.05.15 11:38:08.487 Node log from the data server with id 'zi_server':
2025.05.15 11:38:08.489   get /dev12195/raw/system/awg/runtimechecks/enable -
2025.05.15 11:38:08.489   get /dev12195/raw/system/awg/runtimechecks/enable -
2025.05.15 11:38:08.489   get /dev12195/system/clocks/referenceclock/in/freq -
2025.05.15 11:38:08.489   get /dev12195/system/clocks/referenceclock/in/sourceactual -
2025.05.15 11:38:08.491   get /dev12195/system/clocks/referenceclock/in/source -
2025.05.15 11:38:08.491   get /dev12195/system/clocks/referenceclock/in/status -
2025.05.15 11:38:08.491   get /dev12195/system/clocks/referenceclock/in/freq -
2025.05.15 11:38:08.493   get /dev12195/system/clocks/referenceclock/in/sourceactual -
2025.05.15 11:38:08.493   get /dev12195/system/clocks/referenceclock/in/source -
2025.05.15 11:38:08.493   get /dev12195/system/clocks/referenceclock/in/status -
2025.05.15 11:38:45.636 Node log from the data server with id 'zi_server':
2025.05.15 11:38:45.636   get /dev12195/raw/system/awg/runtimechecks/enable -
2025.05.15 11:38:45.636   get /dev12195/raw/system/awg/runtimechecks/enable -
2025.05.15 11:38:45.636   get /dev12195/system/clocks/referenceclock/in/freq -
2025.05.15 11:38:45.637   get /dev12195/system/clocks/referenceclock/in/sourceactual -
2025.05.15 11:38:45.637   get /dev12195/system/clocks/referenceclock/in/source -
2025.05.15 11:38:45.637   get /dev12195/system/clocks/referenceclock/in/status -
2025.05.15 11:38:45.637   get /dev12195/system/clocks/referenceclock/in/freq -
2025.05.15 11:38:45.638   get /dev12195/system/clocks/referenceclock/in/sourceactual -
2025.05.15 11:38:45.638   get /dev12195/system/clocks/referenceclock/in/source -
2025.05.15 11:38:45.638   get /dev12195/system/clocks/referenceclock/in/status -
2025.05.15 11:39:48.045 Node log from the data server with id 'zi_server':
2025.05.15 11:39:48.045   get /dev12195/raw/system/awg/runtimechecks/enable -
2025.05.15 11:39:48.045   get /dev12195/raw/system/awg/runtimechecks/enable -
2025.05.15 11:39:48.045   get /dev12195/system/clocks/referenceclock/in/freq -
2025.05.15 11:39:48.045   get /dev12195/system/clocks/referenceclock/in/sourceactual -
2025.05.15 11:39:48.046   get /dev12195/system/clocks/referenceclock/in/source -
2025.05.15 11:39:48.046   get /dev12195/system/clocks/referenceclock/in/status -
2025.05.15 11:39:48.046   get /dev12195/system/clocks/referenceclock/in/freq -
2025.05.15 11:39:48.046   get /dev12195/system/clocks/referenceclock/in/sourceactual -
2025.05.15 11:39:48.046   get /dev12195/system/clocks/referenceclock/in/source -
2025.05.15 11:39:48.046   get /dev12195/system/clocks/referenceclock/in/status -
2025.05.15 11:42:05.231 Node log from the data server with id 'zi_server':
2025.05.15 11:42:05.233   get /dev12195/raw/system/awg/runtimechecks/enable -
2025.05.15 11:42:05.233   get /dev12195/raw/system/awg/runtimechecks/enable -
2025.05.15 11:42:05.233   get /dev12195/system/clocks/referenceclock/in/freq -
2025.05.15 11:42:05.233   get /dev12195/system/clocks/referenceclock/in/sourceactual -
2025.05.15 11:42:05.233   get /dev12195/system/clocks/referenceclock/in/source -
2025.05.15 11:42:05.233   get /dev12195/system/clocks/referenceclock/in/status -
2025.05.15 11:42:05.233   get /dev12195/system/clocks/referenceclock/in/freq -
2025.05.15 11:42:05.233   get /dev12195/system/clocks/referenceclock/in/sourceactual -
2025.05.15 11:42:05.233   get /dev12195/system/clocks/referenceclock/in/source -
2025.05.15 11:42:05.233   get /dev12195/system/clocks/referenceclock/in/status -
2025.05.15 11:42:22.252 Node log from the data server with id 'zi_server':
2025.05.15 11:42:22.252   get /dev12195/raw/system/awg/runtimechecks/enable -
2025.05.15 11:42:22.253   get /dev12195/raw/system/awg/runtimechecks/enable -
2025.05.15 11:42:22.253   get /dev12195/system/clocks/referenceclock/in/freq -
2025.05.15 11:42:22.253   get /dev12195/system/clocks/referenceclock/in/sourceactual -
2025.05.15 11:42:22.253   get /dev12195/system/clocks/referenceclock/in/source -
2025.05.15 11:42:22.253   get /dev12195/system/clocks/referenceclock/in/status -
2025.05.15 11:42:22.253   get /dev12195/system/clocks/referenceclock/in/freq -
2025.05.15 11:42:22.253   get /dev12195/system/clocks/referenceclock/in/sourceactual -
2025.05.15 11:42:22.254   get /dev12195/system/clocks/referenceclock/in/source -
2025.05.15 11:42:22.254   get /dev12195/system/clocks/referenceclock/in/status -
2025.05.15 11:42:42.141 Node log from the data server with id 'zi_server':
2025.05.15 11:42:42.141   get /dev12195/raw/system/awg/runtimechecks/enable -
2025.05.15 11:42:42.143   get /dev12195/raw/system/awg/runtimechecks/enable -
2025.05.15 11:42:42.143   get /dev12195/system/clocks/referenceclock/in/freq -
2025.05.15 11:42:42.143   get /dev12195/system/clocks/referenceclock/in/sourceactual -
2025.05.15 11:42:42.143   get /dev12195/system/clocks/referenceclock/in/source -
2025.05.15 11:42:42.143   get /dev12195/system/clocks/referenceclock/in/status -
2025.05.15 11:42:42.143   get /dev12195/system/clocks/referenceclock/in/freq -
2025.05.15 11:42:42.143   get /dev12195/system/clocks/referenceclock/in/sourceactual -
2025.05.15 11:42:42.143   get /dev12195/system/clocks/referenceclock/in/source -
2025.05.15 11:42:42.143   get /dev12195/system/clocks/referenceclock/in/status -
2025.05.15 11:47:55.766 Node log from the data server with id 'zi_server':
2025.05.15 11:47:55.767   get /dev12195/raw/system/awg/runtimechecks/enable -
2025.05.15 11:47:55.767   get /dev12195/raw/system/awg/runtimechecks/enable -
2025.05.15 11:47:55.767   get /dev12195/system/clocks/referenceclock/in/freq -
2025.05.15 11:47:55.767   get /dev12195/system/clocks/referenceclock/in/sourceactual -
2025.05.15 11:47:55.767   get /dev12195/system/clocks/referenceclock/in/source -
2025.05.15 11:47:55.768   get /dev12195/system/clocks/referenceclock/in/status -
2025.05.15 11:47:55.768   get /dev12195/system/clocks/referenceclock/in/freq -
2025.05.15 11:47:55.768   get /dev12195/system/clocks/referenceclock/in/sourceactual -
2025.05.15 11:47:55.768   get /dev12195/system/clocks/referenceclock/in/source -
2025.05.15 11:47:55.768   get /dev12195/system/clocks/referenceclock/in/status -
2025.05.15 11:55:51.157 Node log from the data server with id 'zi_server':
2025.05.15 11:55:51.157   get /dev12195/raw/system/awg/runtimechecks/enable -
2025.05.15 11:55:51.158   get /dev12195/raw/system/awg/runtimechecks/enable -
2025.05.15 11:55:51.158   get /dev12195/system/clocks/referenceclock/in/freq -
2025.05.15 11:55:51.158   get /dev12195/system/clocks/referenceclock/in/sourceactual -
2025.05.15 11:55:51.159   get /dev12195/system/clocks/referenceclock/in/source -
2025.05.15 11:55:51.159   get /dev12195/system/clocks/referenceclock/in/status -
2025.05.15 11:55:51.159   get /dev12195/system/clocks/referenceclock/in/freq -
2025.05.15 11:55:51.159   get /dev12195/system/clocks/referenceclock/in/sourceactual -
2025.05.15 11:55:51.159   get /dev12195/system/clocks/referenceclock/in/source -
2025.05.15 11:55:51.159   get /dev12195/system/clocks/referenceclock/in/status -
2025.05.15 11:56:23.377 Node log from the data server with id 'zi_server':
2025.05.15 11:56:23.378   get /dev12195/raw/system/awg/runtimechecks/enable -
2025.05.15 11:56:23.378   get /dev12195/raw/system/awg/runtimechecks/enable -
2025.05.15 11:56:23.378   get /dev12195/system/clocks/referenceclock/in/freq -
2025.05.15 11:56:23.378   get /dev12195/system/clocks/referenceclock/in/sourceactual -
2025.05.15 11:56:23.378   get /dev12195/system/clocks/referenceclock/in/source -
2025.05.15 11:56:23.379   get /dev12195/system/clocks/referenceclock/in/status -
2025.05.15 11:56:23.379   get /dev12195/system/clocks/referenceclock/in/freq -
2025.05.15 11:56:23.379   get /dev12195/system/clocks/referenceclock/in/sourceactual -
2025.05.15 11:56:23.379   get /dev12195/system/clocks/referenceclock/in/source -
2025.05.15 11:56:23.379   get /dev12195/system/clocks/referenceclock/in/status -
2025.05.15 11:56:41.386 Node log from the data server with id 'zi_server':
2025.05.15 11:56:41.387   get /dev12195/raw/system/awg/runtimechecks/enable -
2025.05.15 11:56:41.387   get /dev12195/raw/system/awg/runtimechecks/enable -
2025.05.15 11:56:41.387   get /dev12195/system/clocks/referenceclock/in/freq -
2025.05.15 11:56:41.387   get /dev12195/system/clocks/referenceclock/in/sourceactual -
2025.05.15 11:56:41.387   get /dev12195/system/clocks/referenceclock/in/source -
2025.05.15 11:56:41.388   get /dev12195/system/clocks/referenceclock/in/status -
2025.05.15 11:56:41.388   get /dev12195/system/clocks/referenceclock/in/freq -
2025.05.15 11:56:41.388   get /dev12195/system/clocks/referenceclock/in/sourceactual -
2025.05.15 11:56:41.388   get /dev12195/system/clocks/referenceclock/in/source -
2025.05.15 11:56:41.388   get /dev12195/system/clocks/referenceclock/in/status -
2025.05.15 11:56:52.356 Node log from the data server with id 'zi_server':
2025.05.15 11:56:52.357   get /dev12195/raw/system/awg/runtimechecks/enable -
2025.05.15 11:56:52.357   get /dev12195/raw/system/awg/runtimechecks/enable -
2025.05.15 11:56:52.357   get /dev12195/system/clocks/referenceclock/in/freq -
2025.05.15 11:56:52.357   get /dev12195/system/clocks/referenceclock/in/sourceactual -
2025.05.15 11:56:52.357   get /dev12195/system/clocks/referenceclock/in/source -
2025.05.15 11:56:52.357   get /dev12195/system/clocks/referenceclock/in/status -
2025.05.15 11:56:52.357   get /dev12195/system/clocks/referenceclock/in/freq -
2025.05.15 11:56:52.358   get /dev12195/system/clocks/referenceclock/in/sourceactual -
2025.05.15 11:56:52.358   get /dev12195/system/clocks/referenceclock/in/source -
2025.05.15 11:56:52.358   get /dev12195/system/clocks/referenceclock/in/status -
2025.05.15 11:59:27.702 Node log from the data server with id 'zi_server':
2025.05.15 11:59:27.704   get /dev12195/raw/system/awg/runtimechecks/enable -
2025.05.15 11:59:27.704   get /dev12195/raw/system/awg/runtimechecks/enable -
2025.05.15 11:59:27.704   get /dev12195/system/clocks/referenceclock/in/freq -
2025.05.15 11:59:27.704   get /dev12195/system/clocks/referenceclock/in/sourceactual -
2025.05.15 11:59:27.704   get /dev12195/system/clocks/referenceclock/in/source -
2025.05.15 11:59:27.704   get /dev12195/system/clocks/referenceclock/in/status -
2025.05.15 11:59:27.704   get /dev12195/system/clocks/referenceclock/in/freq -
2025.05.15 11:59:27.704   get /dev12195/system/clocks/referenceclock/in/sourceactual -
2025.05.15 11:59:27.704   get /dev12195/system/clocks/referenceclock/in/source -
2025.05.15 11:59:27.704   get /dev12195/system/clocks/referenceclock/in/status -
2025.05.15 11:59:44.702 Node log from the data server with id 'zi_server':
2025.05.15 11:59:44.702   get /dev12195/raw/system/awg/runtimechecks/enable -
2025.05.15 11:59:44.702   get /dev12195/raw/system/awg/runtimechecks/enable -
2025.05.15 11:59:44.702   get /dev12195/system/clocks/referenceclock/in/freq -
2025.05.15 11:59:44.702   get /dev12195/system/clocks/referenceclock/in/sourceactual -
2025.05.15 11:59:44.702   get /dev12195/system/clocks/referenceclock/in/source -
2025.05.15 11:59:44.702   get /dev12195/system/clocks/referenceclock/in/status -
2025.05.15 11:59:44.702   get /dev12195/system/clocks/referenceclock/in/freq -
2025.05.15 11:59:44.702   get /dev12195/system/clocks/referenceclock/in/sourceactual -
2025.05.15 11:59:44.704   get /dev12195/system/clocks/referenceclock/in/source -
2025.05.15 11:59:44.704   get /dev12195/system/clocks/referenceclock/in/status -
2025.05.15 12:09:07.202 Node log from the data server with id 'zi_server':
2025.05.15 12:09:07.202   get /dev12195/raw/system/awg/runtimechecks/enable -
2025.05.15 12:09:07.202   get /dev12195/raw/system/awg/runtimechecks/enable -
2025.05.15 12:09:07.202   get /dev12195/system/clocks/referenceclock/in/freq -
2025.05.15 12:09:07.202   get /dev12195/system/clocks/referenceclock/in/sourceactual -
2025.05.15 12:09:07.202   get /dev12195/system/clocks/referenceclock/in/source -
2025.05.15 12:09:07.202   get /dev12195/system/clocks/referenceclock/in/status -
2025.05.15 12:09:07.202   get /dev12195/system/clocks/referenceclock/in/freq -
2025.05.15 12:09:07.202   get /dev12195/system/clocks/referenceclock/in/sourceactual -
2025.05.15 12:09:07.204   get /dev12195/system/clocks/referenceclock/in/source -
2025.05.15 12:09:07.204   get /dev12195/system/clocks/referenceclock/in/status -
2025.05.15 12:09:40.919 Node log from the data server with id 'zi_server':
2025.05.15 12:09:40.921   get /dev12195/raw/system/awg/runtimechecks/enable -
2025.05.15 12:09:40.921   get /dev12195/raw/system/awg/runtimechecks/enable -
2025.05.15 12:09:40.921   get /dev12195/system/clocks/referenceclock/in/freq -
2025.05.15 12:09:40.921   get /dev12195/system/clocks/referenceclock/in/sourceactual -
2025.05.15 12:09:40.921   get /dev12195/system/clocks/referenceclock/in/source -
2025.05.15 12:09:40.921   get /dev12195/system/clocks/referenceclock/in/status -
2025.05.15 12:09:40.921   get /dev12195/system/clocks/referenceclock/in/freq -
2025.05.15 12:09:40.921   get /dev12195/system/clocks/referenceclock/in/sourceactual -
2025.05.15 12:09:40.921   get /dev12195/system/clocks/referenceclock/in/source -
2025.05.15 12:09:40.921   get /dev12195/system/clocks/referenceclock/in/status -
2025.05.15 12:09:54.170 Node log from the data server with id 'zi_server':
2025.05.15 12:09:54.171   get /dev12195/raw/system/awg/runtimechecks/enable -
2025.05.15 12:09:54.171   get /dev12195/raw/system/awg/runtimechecks/enable -
2025.05.15 12:09:54.171   get /dev12195/system/clocks/referenceclock/in/freq -
2025.05.15 12:09:54.172   get /dev12195/system/clocks/referenceclock/in/sourceactual -
2025.05.15 12:09:54.172   get /dev12195/system/clocks/referenceclock/in/source -
2025.05.15 12:09:54.172   get /dev12195/system/clocks/referenceclock/in/status -
2025.05.15 12:09:54.172   get /dev12195/system/clocks/referenceclock/in/freq -
2025.05.15 12:09:54.172   get /dev12195/system/clocks/referenceclock/in/sourceactual -
2025.05.15 12:09:54.172   get /dev12195/system/clocks/referenceclock/in/source -
2025.05.15 12:09:54.173   get /dev12195/system/clocks/referenceclock/in/status -
2025.05.15 12:10:32.169 Node log from the data server with id 'zi_server':
2025.05.15 12:10:32.170   get /dev12195/raw/system/awg/runtimechecks/enable -
2025.05.15 12:10:32.170   get /dev12195/raw/system/awg/runtimechecks/enable -
2025.05.15 12:10:32.170   get /dev12195/system/clocks/referenceclock/in/freq -
2025.05.15 12:10:32.170   get /dev12195/system/clocks/referenceclock/in/sourceactual -
2025.05.15 12:10:32.171   get /dev12195/system/clocks/referenceclock/in/source -
2025.05.15 12:10:32.171   get /dev12195/system/clocks/referenceclock/in/status -
2025.05.15 12:10:32.171   get /dev12195/system/clocks/referenceclock/in/freq -
2025.05.15 12:10:32.171   get /dev12195/system/clocks/referenceclock/in/sourceactual -
2025.05.15 12:10:32.171   get /dev12195/system/clocks/referenceclock/in/source -
2025.05.15 12:10:32.171   get /dev12195/system/clocks/referenceclock/in/status -
2025.05.15 12:11:19.640 Node log from the data server with id 'zi_server':
2025.05.15 12:11:19.640   get /dev12195/raw/system/awg/runtimechecks/enable -
2025.05.15 12:11:19.641   get /dev12195/raw/system/awg/runtimechecks/enable -
2025.05.15 12:11:19.641   get /dev12195/system/clocks/referenceclock/in/freq -
2025.05.15 12:11:19.641   get /dev12195/system/clocks/referenceclock/in/sourceactual -
2025.05.15 12:11:19.641   get /dev12195/system/clocks/referenceclock/in/source -
2025.05.15 12:11:19.641   get /dev12195/system/clocks/referenceclock/in/status -
2025.05.15 12:11:19.641   get /dev12195/system/clocks/referenceclock/in/freq -
2025.05.15 12:11:19.642   get /dev12195/system/clocks/referenceclock/in/sourceactual -
2025.05.15 12:11:19.642   get /dev12195/system/clocks/referenceclock/in/source -
2025.05.15 12:11:19.642   get /dev12195/system/clocks/referenceclock/in/status -
2025.05.15 12:11:36.388 Node log from the data server with id 'zi_server':
2025.05.15 12:11:36.389   get /dev12195/raw/system/awg/runtimechecks/enable -
2025.05.15 12:11:36.389   get /dev12195/raw/system/awg/runtimechecks/enable -
2025.05.15 12:11:36.389   get /dev12195/system/clocks/referenceclock/in/freq -
2025.05.15 12:11:36.389   get /dev12195/system/clocks/referenceclock/in/sourceactual -
2025.05.15 12:11:36.389   get /dev12195/system/clocks/referenceclock/in/source -
2025.05.15 12:11:36.390   get /dev12195/system/clocks/referenceclock/in/status -
2025.05.15 12:11:36.390   get /dev12195/system/clocks/referenceclock/in/freq -
2025.05.15 12:11:36.390   get /dev12195/system/clocks/referenceclock/in/sourceactual -
2025.05.15 12:11:36.390   get /dev12195/system/clocks/referenceclock/in/source -
2025.05.15 12:11:36.390   get /dev12195/system/clocks/referenceclock/in/status -
2025.05.15 12:12:18.467 Node log from the data server with id 'zi_server':
2025.05.15 12:12:18.468   get /dev12195/raw/system/awg/runtimechecks/enable -
2025.05.15 12:12:18.468   get /dev12195/raw/system/awg/runtimechecks/enable -
2025.05.15 12:12:18.468   get /dev12195/system/clocks/referenceclock/in/freq -
2025.05.15 12:12:18.468   get /dev12195/system/clocks/referenceclock/in/sourceactual -
2025.05.15 12:12:18.469   get /dev12195/system/clocks/referenceclock/in/source -
2025.05.15 12:12:18.469   get /dev12195/system/clocks/referenceclock/in/status -
2025.05.15 12:12:18.469   get /dev12195/system/clocks/referenceclock/in/freq -
2025.05.15 12:12:18.469   get /dev12195/system/clocks/referenceclock/in/sourceactual -
2025.05.15 12:12:18.469   get /dev12195/system/clocks/referenceclock/in/source -
2025.05.15 12:12:18.469   get /dev12195/system/clocks/referenceclock/in/status -
2025.05.15 12:12:26.307 Node log from the data server with id 'zi_server':
2025.05.15 12:12:26.308   get /dev12195/raw/system/awg/runtimechecks/enable -
2025.05.15 12:12:26.308   get /dev12195/raw/system/awg/runtimechecks/enable -
2025.05.15 12:12:26.308   get /dev12195/system/clocks/referenceclock/in/freq -
2025.05.15 12:12:26.308   get /dev12195/system/clocks/referenceclock/in/sourceactual -
2025.05.15 12:12:26.308   get /dev12195/system/clocks/referenceclock/in/source -
2025.05.15 12:12:26.309   get /dev12195/system/clocks/referenceclock/in/status -
2025.05.15 12:12:26.309   get /dev12195/system/clocks/referenceclock/in/freq -
2025.05.15 12:12:26.309   get /dev12195/system/clocks/referenceclock/in/sourceactual -
2025.05.15 12:12:26.309   get /dev12195/system/clocks/referenceclock/in/source -
2025.05.15 12:12:26.309   get /dev12195/system/clocks/referenceclock/in/status -
2025.05.15 12:12:37.758 Node log from the data server with id 'zi_server':
2025.05.15 12:12:37.758   get /dev12195/raw/system/awg/runtimechecks/enable -
2025.05.15 12:12:37.759   get /dev12195/raw/system/awg/runtimechecks/enable -
2025.05.15 12:12:37.759   get /dev12195/system/clocks/referenceclock/in/freq -
2025.05.15 12:12:37.759   get /dev12195/system/clocks/referenceclock/in/sourceactual -
2025.05.15 12:12:37.759   get /dev12195/system/clocks/referenceclock/in/source -
2025.05.15 12:12:37.759   get /dev12195/system/clocks/referenceclock/in/status -
2025.05.15 12:12:37.759   get /dev12195/system/clocks/referenceclock/in/freq -
2025.05.15 12:12:37.760   get /dev12195/system/clocks/referenceclock/in/sourceactual -
2025.05.15 12:12:37.760   get /dev12195/system/clocks/referenceclock/in/source -
2025.05.15 12:12:37.760   get /dev12195/system/clocks/referenceclock/in/status -
2025.05.15 12:12:51.887 Node log from the data server with id 'zi_server':
2025.05.15 12:12:51.887   get /dev12195/raw/system/awg/runtimechecks/enable -
2025.05.15 12:12:51.887   get /dev12195/raw/system/awg/runtimechecks/enable -
2025.05.15 12:12:51.888   get /dev12195/system/clocks/referenceclock/in/freq -
2025.05.15 12:12:51.888   get /dev12195/system/clocks/referenceclock/in/sourceactual -
2025.05.15 12:12:51.888   get /dev12195/system/clocks/referenceclock/in/source -
2025.05.15 12:12:51.888   get /dev12195/system/clocks/referenceclock/in/status -
2025.05.15 12:12:51.888   get /dev12195/system/clocks/referenceclock/in/freq -
2025.05.15 12:12:51.888   get /dev12195/system/clocks/referenceclock/in/sourceactual -
2025.05.15 12:12:51.889   get /dev12195/system/clocks/referenceclock/in/source -
2025.05.15 12:12:51.889   get /dev12195/system/clocks/referenceclock/in/status -
2025.05.15 12:13:03.977 Node log from the data server with id 'zi_server':
2025.05.15 12:13:03.978   get /dev12195/raw/system/awg/runtimechecks/enable -
2025.05.15 12:13:03.978   get /dev12195/raw/system/awg/runtimechecks/enable -
2025.05.15 12:13:03.978   get /dev12195/system/clocks/referenceclock/in/freq -
2025.05.15 12:13:03.978   get /dev12195/system/clocks/referenceclock/in/sourceactual -
2025.05.15 12:13:03.978   get /dev12195/system/clocks/referenceclock/in/source -
2025.05.15 12:13:03.979   get /dev12195/system/clocks/referenceclock/in/status -
2025.05.15 12:13:03.979   get /dev12195/system/clocks/referenceclock/in/freq -
2025.05.15 12:13:03.979   get /dev12195/system/clocks/referenceclock/in/sourceactual -
2025.05.15 12:13:03.979   get /dev12195/system/clocks/referenceclock/in/source -
2025.05.15 12:13:03.979   get /dev12195/system/clocks/referenceclock/in/status -
2025.05.15 12:16:40.293 Node log from the data server with id 'zi_server':
2025.05.15 12:16:40.293   get /dev12195/raw/system/awg/runtimechecks/enable -
2025.05.15 12:16:40.294   get /dev12195/raw/system/awg/runtimechecks/enable -
2025.05.15 12:16:40.294   get /dev12195/system/clocks/referenceclock/in/freq -
2025.05.15 12:16:40.294   get /dev12195/system/clocks/referenceclock/in/sourceactual -
2025.05.15 12:16:40.294   get /dev12195/system/clocks/referenceclock/in/source -
2025.05.15 12:16:40.294   get /dev12195/system/clocks/referenceclock/in/status -
2025.05.15 12:16:40.294   get /dev12195/system/clocks/referenceclock/in/freq -
2025.05.15 12:16:40.294   get /dev12195/system/clocks/referenceclock/in/sourceactual -
2025.05.15 12:16:40.295   get /dev12195/system/clocks/referenceclock/in/source -
2025.05.15 12:16:40.295   get /dev12195/system/clocks/referenceclock/in/status -
2025.05.15 12:17:07.933 Node log from the data server with id 'zi_server':
2025.05.15 12:17:07.933   get /dev12195/raw/system/awg/runtimechecks/enable -
2025.05.15 12:17:07.933   get /dev12195/raw/system/awg/runtimechecks/enable -
2025.05.15 12:17:07.933   get /dev12195/system/clocks/referenceclock/in/freq -
2025.05.15 12:17:07.934   get /dev12195/system/clocks/referenceclock/in/sourceactual -
2025.05.15 12:17:07.934   get /dev12195/system/clocks/referenceclock/in/source -
2025.05.15 12:17:07.934   get /dev12195/system/clocks/referenceclock/in/status -
2025.05.15 12:17:07.934   get /dev12195/system/clocks/referenceclock/in/freq -
2025.05.15 12:17:07.934   get /dev12195/system/clocks/referenceclock/in/sourceactual -
2025.05.15 12:17:07.934   get /dev12195/system/clocks/referenceclock/in/source -
2025.05.15 12:17:07.934   get /dev12195/system/clocks/referenceclock/in/status -
2025.05.15 12:17:11.152 Node log from the data server with id 'zi_server':
2025.05.15 12:17:11.153   set /dev12195/raw/error/clear 1
2025.05.15 12:17:11.153   set /dev12195/sgchannels/0/pipeliner/mode 0
2025.05.15 12:17:11.153   set /dev12195/sgchannels/1/pipeliner/mode 0
2025.05.15 12:17:11.154   set /dev12195/sgchannels/2/pipeliner/mode 0
2025.05.15 12:17:11.154   set /dev12195/sgchannels/3/pipeliner/mode 0
2025.05.15 12:17:11.154   set /dev12195/sgchannels/4/pipeliner/mode 0
2025.05.15 12:17:11.154   set /dev12195/sgchannels/5/pipeliner/mode 0
2025.05.15 12:17:11.154   set /dev12195/sgchannels/0/synchronization/enable 0
2025.05.15 12:17:11.154   set /dev12195/sgchannels/1/synchronization/enable 0
2025.05.15 12:17:11.154   set /dev12195/sgchannels/2/synchronization/enable 0
2025.05.15 12:17:11.155   set /dev12195/sgchannels/3/synchronization/enable 0
2025.05.15 12:17:11.155   set /dev12195/sgchannels/4/synchronization/enable 0
2025.05.15 12:17:11.155   set /dev12195/sgchannels/5/synchronization/enable 0
2025.05.15 12:17:11.155   set /dev12195/sgchannels/0/awg/enable 0
2025.05.15 12:17:11.155   set /dev12195/sgchannels/1/awg/enable 0
2025.05.15 12:17:11.155   set /dev12195/sgchannels/2/awg/enable 0
2025.05.15 12:17:11.156   set /dev12195/sgchannels/3/awg/enable 0
2025.05.15 12:17:11.156   set /dev12195/sgchannels/4/awg/enable 0
2025.05.15 12:17:11.156   set /dev12195/sgchannels/5/awg/enable 0
2025.05.15 12:17:11.157   set /dev12195/system/synchronization/source 0
2025.05.15 12:17:11.157   set /dev12195/system/internaltrigger/synchronization/enable 0
2025.05.15 12:17:11.157   set /dev12195/scopes/0/enable 0
2025.05.15 12:17:11.157   set /dev12195/qachannels/0/pipeliner/mode 0
2025.05.15 12:17:11.157   set /dev12195/qachannels/0/synchronization/enable 0
2025.05.15 12:17:11.158   set /dev12195/qachannels/0/generator/enable 0
2025.05.15 12:17:11.158   set /dev12195/qachannels/0/readout/result/enable 0
2025.05.15 12:17:11.158   set /dev12195/qachannels/0/spectroscopy/psd/enable 0
2025.05.15 12:17:11.158   set /dev12195/qachannels/0/spectroscopy/result/enable 0
2025.05.15 12:17:11.158   set /dev12195/qachannels/0/output/rflfinterlock 1
2025.05.15 12:17:11.158   set /dev12195/qachannels/0/oscs/0/gain 1
2025.05.15 12:17:11.159   set /dev12195/scopes/0/channels/0/enable 0
2025.05.15 12:17:11.159   set /dev12195/scopes/0/channels/1/enable 0
2025.05.15 12:17:11.159   set /dev12195/scopes/0/channels/2/enable 0
2025.05.15 12:17:11.159   set /dev12195/scopes/0/channels/3/enable 0
2025.05.15 12:17:11.162   get /dev12195/sgchannels/0/output/overrangecount -
2025.05.15 12:17:11.163   get /dev12195/sgchannels/1/output/overrangecount -
2025.05.15 12:17:11.163   get /dev12195/sgchannels/2/output/overrangecount -
2025.05.15 12:17:11.163   get /dev12195/sgchannels/3/output/overrangecount -
2025.05.15 12:17:11.163   get /dev12195/sgchannels/4/output/overrangecount -
2025.05.15 12:17:11.163   get /dev12195/sgchannels/5/output/overrangecount -
2025.05.15 12:17:11.163   get /dev12195/qachannels/0/output/overrangecount -
2025.05.15 12:17:11.163   get /dev12195/qachannels/0/input/overrangecount -
2025.05.15 12:17:11.163   set /dev12195/sgchannels/4/output/on 1
2025.05.15 12:17:11.163   set /dev12195/sgchannels/4/awg/single 1
2025.05.15 12:17:11.163   set /dev12195/sgchannels/4/awg/modulation/enable 1
2025.05.15 12:17:11.165   set /dev12195/sgchannels/4/marker/source 0
2025.05.15 12:17:11.165   set /dev12195/sgchannels/4/trigger/delay 0
2025.05.15 12:17:11.165   set /dev12195/sgchannels/4/output/rflfpath 1
2025.05.15 12:17:11.165   set /dev12195/sgchannels/4/output/muting/enable 0
2025.05.15 12:17:11.165   set /dev12195/sgchannels/4/sines/0/oscselect 0
2025.05.15 12:17:11.165   set /dev12195/sgchannels/4/sines/0/harmonic 1
2025.05.15 12:17:11.165   set /dev12195/sgchannels/4/sines/0/phaseshift 0
2025.05.15 12:17:11.165   set /dev12195/qachannels/0/output/on 1
2025.05.15 12:17:11.166   set /dev12195/qachannels/0/generator/single 1
2025.05.15 12:17:11.166   set /dev12195/qachannels/0/output/muting/enable 0
2025.05.15 12:17:11.166   set /dev12195/qachannels/0/input/rflfpath 1
2025.05.15 12:17:11.166   set /dev12195/qachannels/0/input/on 1
2025.05.15 12:17:11.166   set /dev12195/sgchannels/4/oscs/0/freq 4e+07
2025.05.15 12:17:11.166   set /dev12195/sgchannels/4/awg/auxtriggers/0/slope 1
2025.05.15 12:17:11.166   set /dev12195/sgchannels/4/awg/auxtriggers/0/channel 8
2025.05.15 12:17:11.167   set /dev12195/system/internaltrigger/enable 0
2025.05.15 12:17:11.167   set /dev12195/system/internaltrigger/repetitions 1
2025.05.15 12:17:11.167   set /dev12195/qachannels/0/markers/0/source 32
2025.05.15 12:17:11.167   set /dev12195/qachannels/0/markers/1/source 36
2025.05.15 12:17:11.167   set /dev12195/qachannels/0/generator/auxtriggers/0/channel 8
2025.05.15 12:17:11.167   set /dev12195/sgchannels/4/oscs/0/freq 4e+07
2025.05.15 12:17:11.168   set /dev12195/synthesizers/3/centerfreq 3.6e+09
2025.05.15 12:17:11.168   set /dev12195/sgchannels/4/output/delay 0
2025.05.15 12:17:11.168   set /dev12195/qachannels/0/centerfreq 6.8e+09
2025.05.15 12:17:11.168   set /dev12195/qachannels/0/generator/delay 0
2025.05.15 12:17:11.168   set /dev12195/qachannels/0/readout/integration/delay 2.12e-07
2025.05.15 12:17:11.168   set /dev12195/qachannels/0/mode 1
2025.05.15 12:17:11.169   set /dev12195/qachannels/0/readout/multistate/qudits/0/enable 0
2025.05.15 12:17:11.169   set /dev12195/qachannels/0/readout/multistate/qudits/1/enable 0
2025.05.15 12:17:11.169   set /dev12195/qachannels/0/readout/multistate/qudits/2/enable 0
2025.05.15 12:17:11.169   set /dev12195/qachannels/0/readout/multistate/qudits/3/enable 0
2025.05.15 12:17:11.169   set /dev12195/qachannels/0/readout/multistate/qudits/4/enable 0
2025.05.15 12:17:11.169   set /dev12195/qachannels/0/readout/multistate/qudits/5/enable 0
2025.05.15 12:17:11.170   set /dev12195/qachannels/0/readout/multistate/qudits/6/enable 0
2025.05.15 12:17:11.170   set /dev12195/qachannels/0/readout/multistate/qudits/7/enable 0
2025.05.15 12:17:11.170   set /dev12195/qachannels/0/readout/multistate/enable 1
2025.05.15 12:17:11.170   set /dev12195/qachannels/0/readout/multistate/zsync/packed 1
2025.05.15 12:17:11.170   set /dev12195/qachannels/0/readout/multistate/qudits/0/numstates 2
2025.05.15 12:17:11.170   set /dev12195/qachannels/0/readout/multistate/qudits/0/enable 1
2025.05.15 12:17:11.170   set /dev12195/qachannels/0/readout/multistate/qudits/0/assignmentvec vector (8 B)
2025.05.15 12:17:11.171   set /dev12195/sgchannels/4/awg/elf/data vector (1528 B)
2025.05.15 12:17:11.171   set /dev12195/qachannels/0/readout/result/enable 0
2025.05.15 12:17:11.171   set /dev12195/qachannels/0/readout/result/source 1
2025.05.15 12:17:11.171   set /dev12195/qachannels/0/readout/result/length 1
2025.05.15 12:17:11.171   set /dev12195/qachannels/0/readout/result/averages 3
2025.05.15 12:17:11.171   set /dev12195/qachannels/0/readout/result/mode 0
2025.05.15 12:17:11.171   set /dev12195/qachannels/0/readout/multistate/qudits/0/thresholds/0/value 0
2025.05.15 12:17:11.172   set /dev12195/sgchannels/4/awg/commandtable/data vector (152 B)
2025.05.15 12:17:11.172   set /dev12195/qachannels/0/readout/result/enable 1
2025.05.15 12:17:11.172   set /dev12195/qachannels/0/spectroscopy/result/enable 0
2025.05.15 12:17:11.173   set /dev12195/scopes/0/enable 0
2025.05.15 12:17:11.173   set /dev12195/qachannels/0/generator/elf/data vector (1828 B)
2025.05.15 12:17:11.173   set /dev12195/qachannels/0/generator/clearwave 1
2025.05.15 12:17:11.173   set /dev12195/qachannels/0/generator/waveforms/0/wave vector (32000 B)
2025.05.15 12:17:11.173   get /dev12195/qachannels/0/generator/waveforms/0/wave -
2025.05.15 12:17:11.173   set /dev12195/qachannels/0/spectroscopy/envelope/enable 0
2025.05.15 12:17:11.173   set /dev12195/qachannels/0/readout/multistate/qudits/0/weights/0/wave vector (64000 B)
2025.05.15 12:17:11.174   set /dev12195/qachannels/0/readout/integration/length 4000
2025.05.15 12:17:11.174   set /dev12195/sgchannels/4/awg/enable 1
2025.05.15 12:17:11.174   set /dev12195/qachannels/0/generator/enable 1
2025.05.15 12:17:11.175   set /dev12195/system/internaltrigger/enable 1
2025.05.15 12:17:11.175   set /dev12195/raw/system/awg/runtimechecks/enable 0
2025.05.15 12:17:11.176   set /dev12195/qachannels/0/readout/result/enable 0
2025.05.15 12:17:11.176   get /dev12195/raw/error/json/errors -
2025.05.15 12:17:11.176   get /dev12195/raw/error/json/errors -
2025.05.15 12:17:11.177   set /dev12195/qachannels/0/spectroscopy/envelope/enable 1
2025.05.15 12:18:18.701 Node log from the data server with id 'zi_server':
2025.05.15 12:18:18.701   get /dev12195/raw/system/awg/runtimechecks/enable -
2025.05.15 12:18:18.701   get /dev12195/raw/system/awg/runtimechecks/enable -
2025.05.15 12:18:18.702   get /dev12195/system/clocks/referenceclock/in/freq -
2025.05.15 12:18:18.702   get /dev12195/system/clocks/referenceclock/in/sourceactual -
2025.05.15 12:18:18.702   get /dev12195/system/clocks/referenceclock/in/source -
2025.05.15 12:18:18.702   get /dev12195/system/clocks/referenceclock/in/status -
2025.05.15 12:18:18.702   get /dev12195/system/clocks/referenceclock/in/freq -
2025.05.15 12:18:18.702   get /dev12195/system/clocks/referenceclock/in/sourceactual -
2025.05.15 12:18:18.702   get /dev12195/system/clocks/referenceclock/in/source -
2025.05.15 12:18:18.703   get /dev12195/system/clocks/referenceclock/in/status -
2025.05.15 12:18:27.521 Node log from the data server with id 'zi_server':
2025.05.15 12:18:27.521   get /dev12195/raw/system/awg/runtimechecks/enable -
2025.05.15 12:18:27.521   get /dev12195/raw/system/awg/runtimechecks/enable -
2025.05.15 12:18:27.521   get /dev12195/system/clocks/referenceclock/in/freq -
2025.05.15 12:18:27.522   get /dev12195/system/clocks/referenceclock/in/sourceactual -
2025.05.15 12:18:27.522   get /dev12195/system/clocks/referenceclock/in/source -
2025.05.15 12:18:27.522   get /dev12195/system/clocks/referenceclock/in/status -
2025.05.15 12:18:27.522   get /dev12195/system/clocks/referenceclock/in/freq -
2025.05.15 12:18:27.522   get /dev12195/system/clocks/referenceclock/in/sourceactual -
2025.05.15 12:18:27.522   get /dev12195/system/clocks/referenceclock/in/source -
2025.05.15 12:18:27.523   get /dev12195/system/clocks/referenceclock/in/status -
2025.05.15 12:18:34.585 Node log from the data server with id 'zi_server':
2025.05.15 12:18:34.585   set /dev12195/raw/error/clear 1
2025.05.15 12:18:34.586   set /dev12195/sgchannels/0/pipeliner/mode 0
2025.05.15 12:18:34.586   set /dev12195/sgchannels/1/pipeliner/mode 0
2025.05.15 12:18:34.586   set /dev12195/sgchannels/2/pipeliner/mode 0
2025.05.15 12:18:34.586   set /dev12195/sgchannels/3/pipeliner/mode 0
2025.05.15 12:18:34.586   set /dev12195/sgchannels/4/pipeliner/mode 0
2025.05.15 12:18:34.587   set /dev12195/sgchannels/5/pipeliner/mode 0
2025.05.15 12:18:34.587   set /dev12195/sgchannels/0/synchronization/enable 0
2025.05.15 12:18:34.587   set /dev12195/sgchannels/1/synchronization/enable 0
2025.05.15 12:18:34.587   set /dev12195/sgchannels/2/synchronization/enable 0
2025.05.15 12:18:34.587   set /dev12195/sgchannels/3/synchronization/enable 0
2025.05.15 12:18:34.587   set /dev12195/sgchannels/4/synchronization/enable 0
2025.05.15 12:18:34.587   set /dev12195/sgchannels/5/synchronization/enable 0
2025.05.15 12:18:34.588   set /dev12195/sgchannels/0/awg/enable 0
2025.05.15 12:18:34.588   set /dev12195/sgchannels/1/awg/enable 0
2025.05.15 12:18:34.588   set /dev12195/sgchannels/2/awg/enable 0
2025.05.15 12:18:34.588   set /dev12195/sgchannels/3/awg/enable 0
2025.05.15 12:18:34.588   set /dev12195/sgchannels/4/awg/enable 0
2025.05.15 12:18:34.588   set /dev12195/sgchannels/5/awg/enable 0
2025.05.15 12:18:34.589   set /dev12195/system/synchronization/source 0
2025.05.15 12:18:34.589   set /dev12195/system/internaltrigger/synchronization/enable 0
2025.05.15 12:18:34.590   set /dev12195/scopes/0/enable 0
2025.05.15 12:18:34.590   set /dev12195/qachannels/0/pipeliner/mode 0
2025.05.15 12:18:34.590   set /dev12195/qachannels/0/synchronization/enable 0
2025.05.15 12:18:34.590   set /dev12195/qachannels/0/generator/enable 0
2025.05.15 12:18:34.590   set /dev12195/qachannels/0/readout/result/enable 0
2025.05.15 12:18:34.590   set /dev12195/qachannels/0/spectroscopy/psd/enable 0
2025.05.15 12:18:34.590   set /dev12195/qachannels/0/spectroscopy/result/enable 0
2025.05.15 12:18:34.591   set /dev12195/qachannels/0/output/rflfinterlock 1
2025.05.15 12:18:34.591   set /dev12195/qachannels/0/oscs/0/gain 1
2025.05.15 12:18:34.591   set /dev12195/scopes/0/channels/0/enable 0
2025.05.15 12:18:34.591   set /dev12195/scopes/0/channels/1/enable 0
2025.05.15 12:18:34.591   set /dev12195/scopes/0/channels/2/enable 0
2025.05.15 12:18:34.591   set /dev12195/scopes/0/channels/3/enable 0
2025.05.15 12:18:34.595   get /dev12195/sgchannels/0/output/overrangecount -
2025.05.15 12:18:34.595   get /dev12195/sgchannels/1/output/overrangecount -
2025.05.15 12:18:34.595   get /dev12195/sgchannels/2/output/overrangecount -
2025.05.15 12:18:34.595   get /dev12195/sgchannels/3/output/overrangecount -
2025.05.15 12:18:34.595   get /dev12195/sgchannels/4/output/overrangecount -
2025.05.15 12:18:34.596   get /dev12195/sgchannels/5/output/overrangecount -
2025.05.15 12:18:34.596   get /dev12195/qachannels/0/output/overrangecount -
2025.05.15 12:18:34.596   get /dev12195/qachannels/0/input/overrangecount -
2025.05.15 12:18:34.596   set /dev12195/sgchannels/4/output/on 1
2025.05.15 12:18:34.596   set /dev12195/sgchannels/4/awg/single 1
2025.05.15 12:18:34.596   set /dev12195/sgchannels/4/awg/modulation/enable 1
2025.05.15 12:18:34.597   set /dev12195/sgchannels/4/marker/source 0
2025.05.15 12:18:34.597   set /dev12195/sgchannels/4/trigger/delay 0
2025.05.15 12:18:34.597   set /dev12195/sgchannels/4/output/rflfpath 1
2025.05.15 12:18:34.597   set /dev12195/sgchannels/4/output/muting/enable 0
2025.05.15 12:18:34.597   set /dev12195/sgchannels/4/sines/0/oscselect 0
2025.05.15 12:18:34.597   set /dev12195/sgchannels/4/sines/0/harmonic 1
2025.05.15 12:18:34.597   set /dev12195/sgchannels/4/sines/0/phaseshift 0
2025.05.15 12:18:34.598   set /dev12195/qachannels/0/output/on 1
2025.05.15 12:18:34.598   set /dev12195/qachannels/0/generator/single 1
2025.05.15 12:18:34.598   set /dev12195/qachannels/0/output/muting/enable 0
2025.05.15 12:18:34.598   set /dev12195/qachannels/0/input/rflfpath 1
2025.05.15 12:18:34.598   set /dev12195/qachannels/0/input/on 1
2025.05.15 12:18:34.598   set /dev12195/sgchannels/4/oscs/0/freq 4e+07
2025.05.15 12:18:34.598   set /dev12195/sgchannels/4/awg/auxtriggers/0/slope 1
2025.05.15 12:18:34.599   set /dev12195/sgchannels/4/awg/auxtriggers/0/channel 8
2025.05.15 12:18:34.599   set /dev12195/system/internaltrigger/enable 0
2025.05.15 12:18:34.599   set /dev12195/system/internaltrigger/repetitions 1
2025.05.15 12:18:34.599   set /dev12195/qachannels/0/markers/0/source 32
2025.05.15 12:18:34.599   set /dev12195/qachannels/0/markers/1/source 36
2025.05.15 12:18:34.599   set /dev12195/qachannels/0/generator/auxtriggers/0/channel 8
2025.05.15 12:18:34.599   set /dev12195/sgchannels/4/oscs/0/freq 4e+07
2025.05.15 12:18:34.600   set /dev12195/synthesizers/3/centerfreq 3.6e+09
2025.05.15 12:18:34.600   set /dev12195/sgchannels/4/output/delay 0
2025.05.15 12:18:34.600   set /dev12195/qachannels/0/centerfreq 6.8e+09
2025.05.15 12:18:34.600   set /dev12195/qachannels/0/generator/delay 0
2025.05.15 12:18:34.600   set /dev12195/qachannels/0/readout/integration/delay 2.12e-07
2025.05.15 12:18:34.600   set /dev12195/qachannels/0/mode 1
2025.05.15 12:18:34.601   set /dev12195/qachannels/0/readout/multistate/qudits/0/enable 0
2025.05.15 12:18:34.601   set /dev12195/qachannels/0/readout/multistate/qudits/1/enable 0
2025.05.15 12:18:34.601   set /dev12195/qachannels/0/readout/multistate/qudits/2/enable 0
2025.05.15 12:18:34.601   set /dev12195/qachannels/0/readout/multistate/qudits/3/enable 0
2025.05.15 12:18:34.601   set /dev12195/qachannels/0/readout/multistate/qudits/4/enable 0
2025.05.15 12:18:34.601   set /dev12195/qachannels/0/readout/multistate/qudits/5/enable 0
2025.05.15 12:18:34.601   set /dev12195/qachannels/0/readout/multistate/qudits/6/enable 0
2025.05.15 12:18:34.602   set /dev12195/qachannels/0/readout/multistate/qudits/7/enable 0
2025.05.15 12:18:34.602   set /dev12195/qachannels/0/readout/multistate/enable 1
2025.05.15 12:18:34.602   set /dev12195/qachannels/0/readout/multistate/zsync/packed 1
2025.05.15 12:18:34.602   set /dev12195/qachannels/0/readout/multistate/qudits/0/numstates 2
2025.05.15 12:18:34.602   set /dev12195/qachannels/0/readout/multistate/qudits/0/enable 1
2025.05.15 12:18:34.602   set /dev12195/qachannels/0/readout/multistate/qudits/0/assignmentvec vector (8 B)
2025.05.15 12:18:34.602   set /dev12195/qachannels/0/readout/result/enable 0
2025.05.15 12:18:34.603   set /dev12195/qachannels/0/readout/result/source 1
2025.05.15 12:18:34.603   set /dev12195/qachannels/0/readout/result/length 1
2025.05.15 12:18:34.603   set /dev12195/qachannels/0/readout/result/averages 3
2025.05.15 12:18:34.603   set /dev12195/qachannels/0/readout/result/mode 0
2025.05.15 12:18:34.603   set /dev12195/qachannels/0/readout/multistate/qudits/0/thresholds/0/value 0
2025.05.15 12:18:34.603   set /dev12195/sgchannels/4/awg/elf/data vector (1528 B)
2025.05.15 12:18:34.603   set /dev12195/sgchannels/4/awg/commandtable/data vector (152 B)
2025.05.15 12:18:34.604   set /dev12195/qachannels/0/readout/result/enable 1
2025.05.15 12:18:34.604   set /dev12195/qachannels/0/spectroscopy/result/enable 0
2025.05.15 12:18:34.604   set /dev12195/scopes/0/enable 0
2025.05.15 12:18:34.604   set /dev12195/qachannels/0/generator/elf/data vector (1828 B)
2025.05.15 12:18:34.604   set /dev12195/qachannels/0/generator/clearwave 1
2025.05.15 12:18:34.604   set /dev12195/qachannels/0/generator/waveforms/0/wave vector (32000 B)
2025.05.15 12:18:34.605   get /dev12195/qachannels/0/generator/waveforms/0/wave -
2025.05.15 12:18:34.605   set /dev12195/qachannels/0/spectroscopy/envelope/enable 0
2025.05.15 12:18:34.605   set /dev12195/qachannels/0/readout/multistate/qudits/0/weights/0/wave vector (64000 B)
2025.05.15 12:18:34.605   set /dev12195/qachannels/0/readout/integration/length 4000
2025.05.15 12:18:34.605   set /dev12195/sgchannels/4/awg/enable 1
2025.05.15 12:18:34.605   set /dev12195/qachannels/0/generator/enable 1
2025.05.15 12:18:34.606   set /dev12195/system/internaltrigger/enable 1
2025.05.15 12:18:34.607   set /dev12195/raw/system/awg/runtimechecks/enable 0
2025.05.15 12:18:34.607   set /dev12195/qachannels/0/readout/result/enable 0
2025.05.15 12:18:34.608   get /dev12195/raw/error/json/errors -
2025.05.15 12:18:34.608   get /dev12195/raw/error/json/errors -
2025.05.15 12:18:34.609   set /dev12195/qachannels/0/spectroscopy/envelope/enable 1
2025.05.15 12:26:23.671 Node log from the data server with id 'zi_server':
2025.05.15 12:26:23.672   get /dev12195/raw/system/awg/runtimechecks/enable -
2025.05.15 12:26:23.672   get /dev12195/raw/system/awg/runtimechecks/enable -
2025.05.15 12:26:23.672   get /dev12195/system/clocks/referenceclock/in/freq -
2025.05.15 12:26:23.672   get /dev12195/system/clocks/referenceclock/in/sourceactual -
2025.05.15 12:26:23.672   get /dev12195/system/clocks/referenceclock/in/source -
2025.05.15 12:26:23.673   get /dev12195/system/clocks/referenceclock/in/status -
2025.05.15 12:26:23.673   get /dev12195/system/clocks/referenceclock/in/freq -
2025.05.15 12:26:23.673   get /dev12195/system/clocks/referenceclock/in/sourceactual -
2025.05.15 12:26:23.673   get /dev12195/system/clocks/referenceclock/in/source -
2025.05.15 12:26:23.673   get /dev12195/system/clocks/referenceclock/in/status -
2025.05.15 12:26:25.462 Node log from the data server with id 'zi_server':
2025.05.15 12:26:25.462   set /dev12195/raw/error/clear 1
2025.05.15 12:26:25.463   set /dev12195/sgchannels/0/pipeliner/mode 0
2025.05.15 12:26:25.463   set /dev12195/sgchannels/1/pipeliner/mode 0
2025.05.15 12:26:25.463   set /dev12195/sgchannels/2/pipeliner/mode 0
2025.05.15 12:26:25.463   set /dev12195/sgchannels/3/pipeliner/mode 0
2025.05.15 12:26:25.463   set /dev12195/sgchannels/4/pipeliner/mode 0
2025.05.15 12:26:25.463   set /dev12195/sgchannels/5/pipeliner/mode 0
2025.05.15 12:26:25.463   set /dev12195/sgchannels/0/synchronization/enable 0
2025.05.15 12:26:25.464   set /dev12195/sgchannels/1/synchronization/enable 0
2025.05.15 12:26:25.464   set /dev12195/sgchannels/2/synchronization/enable 0
2025.05.15 12:26:25.464   set /dev12195/sgchannels/3/synchronization/enable 0
2025.05.15 12:26:25.464   set /dev12195/sgchannels/4/synchronization/enable 0
2025.05.15 12:26:25.464   set /dev12195/sgchannels/5/synchronization/enable 0
2025.05.15 12:26:25.464   set /dev12195/sgchannels/0/awg/enable 0
2025.05.15 12:26:25.464   set /dev12195/sgchannels/1/awg/enable 0
2025.05.15 12:26:25.465   set /dev12195/sgchannels/2/awg/enable 0
2025.05.15 12:26:25.465   set /dev12195/sgchannels/3/awg/enable 0
2025.05.15 12:26:25.465   set /dev12195/sgchannels/4/awg/enable 0
2025.05.15 12:26:25.465   set /dev12195/sgchannels/5/awg/enable 0
2025.05.15 12:26:25.466   set /dev12195/system/synchronization/source 0
2025.05.15 12:26:25.466   set /dev12195/system/internaltrigger/synchronization/enable 0
2025.05.15 12:26:25.466   set /dev12195/scopes/0/enable 0
2025.05.15 12:26:25.466   set /dev12195/qachannels/0/pipeliner/mode 0
2025.05.15 12:26:25.467   set /dev12195/qachannels/0/synchronization/enable 0
2025.05.15 12:26:25.467   set /dev12195/qachannels/0/generator/enable 0
2025.05.15 12:26:25.467   set /dev12195/qachannels/0/readout/result/enable 0
2025.05.15 12:26:25.467   set /dev12195/qachannels/0/spectroscopy/psd/enable 0
2025.05.15 12:26:25.467   set /dev12195/qachannels/0/spectroscopy/result/enable 0
2025.05.15 12:26:25.467   set /dev12195/qachannels/0/output/rflfinterlock 1
2025.05.15 12:26:25.468   set /dev12195/qachannels/0/oscs/0/gain 1
2025.05.15 12:26:25.468   set /dev12195/scopes/0/channels/0/enable 0
2025.05.15 12:26:25.468   set /dev12195/scopes/0/channels/1/enable 0
2025.05.15 12:26:25.468   set /dev12195/scopes/0/channels/2/enable 0
2025.05.15 12:26:25.468   set /dev12195/scopes/0/channels/3/enable 0
2025.05.15 12:26:25.472   get /dev12195/sgchannels/0/output/overrangecount -
2025.05.15 12:26:25.472   get /dev12195/sgchannels/1/output/overrangecount -
2025.05.15 12:26:25.472   get /dev12195/sgchannels/2/output/overrangecount -
2025.05.15 12:26:25.472   get /dev12195/sgchannels/3/output/overrangecount -
2025.05.15 12:26:25.472   get /dev12195/sgchannels/4/output/overrangecount -
2025.05.15 12:26:25.472   get /dev12195/sgchannels/5/output/overrangecount -
2025.05.15 12:26:25.473   get /dev12195/qachannels/0/output/overrangecount -
2025.05.15 12:26:25.473   get /dev12195/qachannels/0/input/overrangecount -
2025.05.15 12:26:25.473   set /dev12195/sgchannels/4/output/on 1
2025.05.15 12:26:25.473   set /dev12195/sgchannels/4/awg/single 1
2025.05.15 12:26:25.473   set /dev12195/sgchannels/4/awg/modulation/enable 1
2025.05.15 12:26:25.473   set /dev12195/sgchannels/4/marker/source 0
2025.05.15 12:26:25.473   set /dev12195/sgchannels/4/trigger/delay 0
2025.05.15 12:26:25.474   set /dev12195/sgchannels/4/output/rflfpath 1
2025.05.15 12:26:25.474   set /dev12195/sgchannels/4/output/muting/enable 0
2025.05.15 12:26:25.474   set /dev12195/sgchannels/4/sines/0/oscselect 0
2025.05.15 12:26:25.474   set /dev12195/sgchannels/4/sines/0/harmonic 1
2025.05.15 12:26:25.474   set /dev12195/sgchannels/4/sines/0/phaseshift 0
2025.05.15 12:26:25.474   set /dev12195/qachannels/0/output/on 1
2025.05.15 12:26:25.474   set /dev12195/qachannels/0/generator/single 1
2025.05.15 12:26:25.475   set /dev12195/qachannels/0/output/muting/enable 0
2025.05.15 12:26:25.475   set /dev12195/qachannels/0/input/rflfpath 1
2025.05.15 12:26:25.475   set /dev12195/qachannels/0/input/on 1
2025.05.15 12:26:25.475   set /dev12195/sgchannels/4/oscs/0/freq 4e+07
2025.05.15 12:26:25.475   set /dev12195/sgchannels/4/awg/auxtriggers/0/slope 1
2025.05.15 12:26:25.475   set /dev12195/sgchannels/4/awg/auxtriggers/0/channel 8
2025.05.15 12:26:25.475   set /dev12195/system/internaltrigger/enable 0
2025.05.15 12:26:25.475   set /dev12195/system/internaltrigger/repetitions 1
2025.05.15 12:26:25.475   set /dev12195/qachannels/0/markers/0/source 32
2025.05.15 12:26:25.475   set /dev12195/qachannels/0/markers/1/source 36
2025.05.15 12:26:25.475   set /dev12195/qachannels/0/generator/auxtriggers/0/channel 8
2025.05.15 12:26:25.477   set /dev12195/sgchannels/4/oscs/0/freq 4e+07
2025.05.15 12:26:25.477   set /dev12195/synthesizers/3/centerfreq 3.6e+09
2025.05.15 12:26:25.477   set /dev12195/sgchannels/4/output/delay 0
2025.05.15 12:26:25.477   set /dev12195/qachannels/0/centerfreq 6.8e+09
2025.05.15 12:26:25.477   set /dev12195/qachannels/0/generator/delay 0
2025.05.15 12:26:25.477   set /dev12195/qachannels/0/readout/integration/delay 2.12e-07
2025.05.15 12:26:25.478   set /dev12195/qachannels/0/mode 1
2025.05.15 12:26:25.478   set /dev12195/qachannels/0/readout/multistate/qudits/0/enable 0
2025.05.15 12:26:25.478   set /dev12195/qachannels/0/readout/multistate/qudits/1/enable 0
2025.05.15 12:26:25.478   set /dev12195/qachannels/0/readout/multistate/qudits/2/enable 0
2025.05.15 12:26:25.478   set /dev12195/qachannels/0/readout/multistate/qudits/3/enable 0
2025.05.15 12:26:25.478   set /dev12195/qachannels/0/readout/multistate/qudits/4/enable 0
2025.05.15 12:26:25.478   set /dev12195/qachannels/0/readout/multistate/qudits/5/enable 0
2025.05.15 12:26:25.478   set /dev12195/qachannels/0/readout/multistate/qudits/6/enable 0
2025.05.15 12:26:25.478   set /dev12195/qachannels/0/readout/multistate/qudits/7/enable 0
2025.05.15 12:26:25.479   set /dev12195/qachannels/0/readout/multistate/enable 1
2025.05.15 12:26:25.479   set /dev12195/qachannels/0/readout/multistate/zsync/packed 1
2025.05.15 12:26:25.479   set /dev12195/qachannels/0/readout/multistate/qudits/0/numstates 2
2025.05.15 12:26:25.479   set /dev12195/qachannels/0/readout/multistate/qudits/0/enable 1
2025.05.15 12:26:25.479   set /dev12195/qachannels/0/readout/multistate/qudits/0/assignmentvec vector (8 B)
2025.05.15 12:26:25.479   set /dev12195/qachannels/0/readout/result/enable 0
2025.05.15 12:26:25.479   set /dev12195/qachannels/0/readout/result/source 1
2025.05.15 12:26:25.480   set /dev12195/qachannels/0/readout/result/length 1
2025.05.15 12:26:25.480   set /dev12195/qachannels/0/readout/result/averages 3
2025.05.15 12:26:25.480   set /dev12195/qachannels/0/readout/result/mode 0
2025.05.15 12:26:25.480   set /dev12195/qachannels/0/readout/multistate/qudits/0/thresholds/0/value 0
2025.05.15 12:26:25.480   set /dev12195/sgchannels/4/awg/elf/data vector (1528 B)
2025.05.15 12:26:25.480   set /dev12195/sgchannels/4/awg/commandtable/data vector (152 B)
2025.05.15 12:26:25.481   set /dev12195/qachannels/0/readout/result/enable 1
2025.05.15 12:26:25.481   set /dev12195/qachannels/0/spectroscopy/result/enable 0
2025.05.15 12:26:25.481   set /dev12195/scopes/0/enable 0
2025.05.15 12:26:25.481   set /dev12195/qachannels/0/generator/elf/data vector (1828 B)
2025.05.15 12:26:25.482   set /dev12195/qachannels/0/generator/clearwave 1
2025.05.15 12:26:25.482   set /dev12195/qachannels/0/generator/waveforms/0/wave vector (32000 B)
2025.05.15 12:26:25.482   get /dev12195/qachannels/0/generator/waveforms/0/wave -
2025.05.15 12:26:25.482   set /dev12195/qachannels/0/spectroscopy/envelope/enable 0
2025.05.15 12:26:25.482   set /dev12195/qachannels/0/readout/multistate/qudits/0/weights/0/wave vector (64000 B)
2025.05.15 12:26:25.482   set /dev12195/qachannels/0/readout/integration/length 4000
2025.05.15 12:26:25.482   set /dev12195/sgchannels/4/awg/enable 1
2025.05.15 12:26:25.483   set /dev12195/qachannels/0/generator/enable 1
2025.05.15 12:26:25.483   set /dev12195/system/internaltrigger/enable 1
2025.05.15 12:26:25.484   set /dev12195/raw/system/awg/runtimechecks/enable 0
2025.05.15 12:26:25.484   set /dev12195/qachannels/0/readout/result/enable 0
2025.05.15 12:26:25.485   get /dev12195/raw/error/json/errors -
2025.05.15 12:26:25.485   get /dev12195/raw/error/json/errors -
2025.05.15 12:26:25.486   set /dev12195/qachannels/0/spectroscopy/envelope/enable 1
2025.05.15 12:28:26.390 Node log from the data server with id 'zi_server':
2025.05.15 12:28:26.390   get /dev12195/raw/system/awg/runtimechecks/enable -
2025.05.15 12:28:26.390   get /dev12195/raw/system/awg/runtimechecks/enable -
2025.05.15 12:28:26.390   get /dev12195/system/clocks/referenceclock/in/freq -
2025.05.15 12:28:26.390   get /dev12195/system/clocks/referenceclock/in/sourceactual -
2025.05.15 12:28:26.391   get /dev12195/system/clocks/referenceclock/in/source -
2025.05.15 12:28:26.391   get /dev12195/system/clocks/referenceclock/in/status -
2025.05.15 12:28:26.391   get /dev12195/system/clocks/referenceclock/in/freq -
2025.05.15 12:28:26.391   get /dev12195/system/clocks/referenceclock/in/sourceactual -
2025.05.15 12:28:26.391   get /dev12195/system/clocks/referenceclock/in/source -
2025.05.15 12:28:26.391   get /dev12195/system/clocks/referenceclock/in/status -
2025.05.15 12:28:40.949 Node log from the data server with id 'zi_server':
2025.05.15 12:28:40.950   get /dev12195/raw/system/awg/runtimechecks/enable -
2025.05.15 12:28:40.950   get /dev12195/raw/system/awg/runtimechecks/enable -
2025.05.15 12:28:40.950   get /dev12195/system/clocks/referenceclock/in/freq -
2025.05.15 12:28:40.950   get /dev12195/system/clocks/referenceclock/in/sourceactual -
2025.05.15 12:28:40.950   get /dev12195/system/clocks/referenceclock/in/source -
2025.05.15 12:28:40.950   get /dev12195/system/clocks/referenceclock/in/status -
2025.05.15 12:28:40.951   get /dev12195/system/clocks/referenceclock/in/freq -
2025.05.15 12:28:40.951   get /dev12195/system/clocks/referenceclock/in/sourceactual -
2025.05.15 12:28:40.951   get /dev12195/system/clocks/referenceclock/in/source -
2025.05.15 12:28:40.951   get /dev12195/system/clocks/referenceclock/in/status -
2025.05.15 12:29:11.139 Node log from the data server with id 'zi_server':
2025.05.15 12:29:11.140   get /dev12195/raw/system/awg/runtimechecks/enable -
2025.05.15 12:29:11.140   get /dev12195/raw/system/awg/runtimechecks/enable -
2025.05.15 12:29:11.140   get /dev12195/system/clocks/referenceclock/in/freq -
2025.05.15 12:29:11.140   get /dev12195/system/clocks/referenceclock/in/sourceactual -
2025.05.15 12:29:11.141   get /dev12195/system/clocks/referenceclock/in/source -
2025.05.15 12:29:11.141   get /dev12195/system/clocks/referenceclock/in/status -
2025.05.15 12:29:11.141   get /dev12195/system/clocks/referenceclock/in/freq -
2025.05.15 12:29:11.141   get /dev12195/system/clocks/referenceclock/in/sourceactual -
2025.05.15 12:29:11.141   get /dev12195/system/clocks/referenceclock/in/source -
2025.05.15 12:29:11.141   get /dev12195/system/clocks/referenceclock/in/status -
2025.05.15 12:29:55.688 Node log from the data server with id 'zi_server':
2025.05.15 12:29:55.688   get /dev12195/raw/system/awg/runtimechecks/enable -
2025.05.15 12:29:55.689   get /dev12195/raw/system/awg/runtimechecks/enable -
2025.05.15 12:29:55.689   get /dev12195/system/clocks/referenceclock/in/freq -
2025.05.15 12:29:55.689   get /dev12195/system/clocks/referenceclock/in/sourceactual -
2025.05.15 12:29:55.689   get /dev12195/system/clocks/referenceclock/in/source -
2025.05.15 12:29:55.689   get /dev12195/system/clocks/referenceclock/in/status -
2025.05.15 12:29:55.689   get /dev12195/system/clocks/referenceclock/in/freq -
2025.05.15 12:29:55.689   get /dev12195/system/clocks/referenceclock/in/sourceactual -
2025.05.15 12:29:55.690   get /dev12195/system/clocks/referenceclock/in/source -
2025.05.15 12:29:55.690   get /dev12195/system/clocks/referenceclock/in/status -
2025.05.15 12:30:00.546 Node log from the data server with id 'zi_server':
2025.05.15 12:30:00.546   set /dev12195/raw/error/clear 1
2025.05.15 12:30:00.546   set /dev12195/sgchannels/0/pipeliner/mode 0
2025.05.15 12:30:00.547   set /dev12195/sgchannels/1/pipeliner/mode 0
2025.05.15 12:30:00.547   set /dev12195/sgchannels/2/pipeliner/mode 0
2025.05.15 12:30:00.547   set /dev12195/sgchannels/3/pipeliner/mode 0
2025.05.15 12:30:00.547   set /dev12195/sgchannels/4/pipeliner/mode 0
2025.05.15 12:30:00.547   set /dev12195/sgchannels/5/pipeliner/mode 0
2025.05.15 12:30:00.547   set /dev12195/sgchannels/0/synchronization/enable 0
2025.05.15 12:30:00.548   set /dev12195/sgchannels/1/synchronization/enable 0
2025.05.15 12:30:00.548   set /dev12195/sgchannels/2/synchronization/enable 0
2025.05.15 12:30:00.548   set /dev12195/sgchannels/3/synchronization/enable 0
2025.05.15 12:30:00.548   set /dev12195/sgchannels/4/synchronization/enable 0
2025.05.15 12:30:00.548   set /dev12195/sgchannels/5/synchronization/enable 0
2025.05.15 12:30:00.548   set /dev12195/sgchannels/0/awg/enable 0
2025.05.15 12:30:00.548   set /dev12195/sgchannels/1/awg/enable 0
2025.05.15 12:30:00.549   set /dev12195/sgchannels/2/awg/enable 0
2025.05.15 12:30:00.549   set /dev12195/sgchannels/3/awg/enable 0
2025.05.15 12:30:00.549   set /dev12195/sgchannels/4/awg/enable 0
2025.05.15 12:30:00.549   set /dev12195/sgchannels/5/awg/enable 0
2025.05.15 12:30:00.550   set /dev12195/system/synchronization/source 0
2025.05.15 12:30:00.550   set /dev12195/system/internaltrigger/synchronization/enable 0
2025.05.15 12:30:00.550   set /dev12195/scopes/0/enable 0
2025.05.15 12:30:00.551   set /dev12195/qachannels/0/pipeliner/mode 0
2025.05.15 12:30:00.551   set /dev12195/qachannels/0/synchronization/enable 0
2025.05.15 12:30:00.551   set /dev12195/qachannels/0/generator/enable 0
2025.05.15 12:30:00.551   set /dev12195/qachannels/0/readout/result/enable 0
2025.05.15 12:30:00.551   set /dev12195/qachannels/0/spectroscopy/psd/enable 0
2025.05.15 12:30:00.551   set /dev12195/qachannels/0/spectroscopy/result/enable 0
2025.05.15 12:30:00.551   set /dev12195/qachannels/0/output/rflfinterlock 1
2025.05.15 12:30:00.552   set /dev12195/qachannels/0/oscs/0/gain 1
2025.05.15 12:30:00.552   set /dev12195/scopes/0/channels/0/enable 0
2025.05.15 12:30:00.552   set /dev12195/scopes/0/channels/1/enable 0
2025.05.15 12:30:00.552   set /dev12195/scopes/0/channels/2/enable 0
2025.05.15 12:30:00.552   set /dev12195/scopes/0/channels/3/enable 0
2025.05.15 12:30:00.556   get /dev12195/sgchannels/0/output/overrangecount -
2025.05.15 12:30:00.556   get /dev12195/sgchannels/1/output/overrangecount -
2025.05.15 12:30:00.556   get /dev12195/sgchannels/2/output/overrangecount -
2025.05.15 12:30:00.556   get /dev12195/sgchannels/3/output/overrangecount -
2025.05.15 12:30:00.556   get /dev12195/sgchannels/4/output/overrangecount -
2025.05.15 12:30:00.556   get /dev12195/sgchannels/5/output/overrangecount -
2025.05.15 12:30:00.557   get /dev12195/qachannels/0/output/overrangecount -
2025.05.15 12:30:00.557   get /dev12195/qachannels/0/input/overrangecount -
2025.05.15 12:30:00.557   set /dev12195/sgchannels/4/output/on 1
2025.05.15 12:30:00.557   set /dev12195/sgchannels/4/awg/single 1
2025.05.15 12:30:00.557   set /dev12195/sgchannels/4/awg/modulation/enable 1
2025.05.15 12:30:00.557   set /dev12195/sgchannels/4/marker/source 0
2025.05.15 12:30:00.557   set /dev12195/sgchannels/4/trigger/delay 0
2025.05.15 12:30:00.558   set /dev12195/sgchannels/4/output/rflfpath 1
2025.05.15 12:30:00.558   set /dev12195/sgchannels/4/output/muting/enable 0
2025.05.15 12:30:00.558   set /dev12195/sgchannels/4/sines/0/oscselect 0
2025.05.15 12:30:00.558   set /dev12195/sgchannels/4/sines/0/harmonic 1
2025.05.15 12:30:00.558   set /dev12195/sgchannels/4/sines/0/phaseshift 0
2025.05.15 12:30:00.558   set /dev12195/qachannels/0/output/on 1
2025.05.15 12:30:00.558   set /dev12195/qachannels/0/generator/single 1
2025.05.15 12:30:00.559   set /dev12195/qachannels/0/output/muting/enable 0
2025.05.15 12:30:00.559   set /dev12195/qachannels/0/input/rflfpath 1
2025.05.15 12:30:00.559   set /dev12195/qachannels/0/input/on 1
2025.05.15 12:30:00.559   set /dev12195/sgchannels/4/oscs/0/freq 4e+07
2025.05.15 12:30:00.559   set /dev12195/sgchannels/4/awg/auxtriggers/0/slope 1
2025.05.15 12:30:00.559   set /dev12195/sgchannels/4/awg/auxtriggers/0/channel 8
2025.05.15 12:30:00.559   set /dev12195/system/internaltrigger/enable 0
2025.05.15 12:30:00.560   set /dev12195/system/internaltrigger/repetitions 1
2025.05.15 12:30:00.560   set /dev12195/qachannels/0/markers/0/source 32
2025.05.15 12:30:00.560   set /dev12195/qachannels/0/markers/1/source 36
2025.05.15 12:30:00.560   set /dev12195/qachannels/0/generator/auxtriggers/0/channel 8
2025.05.15 12:30:00.560   set /dev12195/sgchannels/4/oscs/0/freq 4e+07
2025.05.15 12:30:00.560   set /dev12195/synthesizers/3/centerfreq 3.6e+09
2025.05.15 12:30:00.560   set /dev12195/sgchannels/4/output/delay 0
2025.05.15 12:30:00.561   set /dev12195/qachannels/0/centerfreq 6.8e+09
2025.05.15 12:30:00.561   set /dev12195/qachannels/0/generator/delay 0
2025.05.15 12:30:00.561   set /dev12195/qachannels/0/readout/integration/delay 2.12e-07
2025.05.15 12:30:00.561   set /dev12195/qachannels/0/mode 1
2025.05.15 12:30:00.561   set /dev12195/qachannels/0/readout/multistate/qudits/0/enable 0
2025.05.15 12:30:00.561   set /dev12195/qachannels/0/readout/multistate/qudits/1/enable 0
2025.05.15 12:30:00.562   set /dev12195/qachannels/0/readout/multistate/qudits/2/enable 0
2025.05.15 12:30:00.562   set /dev12195/qachannels/0/readout/multistate/qudits/3/enable 0
2025.05.15 12:30:00.562   set /dev12195/qachannels/0/readout/multistate/qudits/4/enable 0
2025.05.15 12:30:00.562   set /dev12195/qachannels/0/readout/multistate/qudits/5/enable 0
2025.05.15 12:30:00.562   set /dev12195/qachannels/0/readout/multistate/qudits/6/enable 0
2025.05.15 12:30:00.562   set /dev12195/qachannels/0/readout/multistate/qudits/7/enable 0
2025.05.15 12:30:00.562   set /dev12195/qachannels/0/readout/multistate/enable 1
2025.05.15 12:30:00.563   set /dev12195/qachannels/0/readout/multistate/zsync/packed 1
2025.05.15 12:30:00.563   set /dev12195/qachannels/0/readout/multistate/qudits/0/numstates 2
2025.05.15 12:30:00.563   set /dev12195/qachannels/0/readout/multistate/qudits/0/enable 1
2025.05.15 12:30:00.563   set /dev12195/qachannels/0/readout/multistate/qudits/0/assignmentvec vector (8 B)
2025.05.15 12:30:00.563   set /dev12195/qachannels/0/readout/result/enable 0
2025.05.15 12:30:00.563   set /dev12195/qachannels/0/readout/result/source 1
2025.05.15 12:30:00.564   set /dev12195/qachannels/0/readout/result/length 1
2025.05.15 12:30:00.564   set /dev12195/qachannels/0/readout/result/averages 3
2025.05.15 12:30:00.564   set /dev12195/qachannels/0/readout/result/mode 0
2025.05.15 12:30:00.564   set /dev12195/qachannels/0/readout/multistate/qudits/0/thresholds/0/value 0
2025.05.15 12:30:00.564   set /dev12195/sgchannels/4/awg/elf/data vector (1528 B)
2025.05.15 12:30:00.564   set /dev12195/sgchannels/4/awg/commandtable/data vector (152 B)
2025.05.15 12:30:00.564   set /dev12195/qachannels/0/readout/result/enable 1
2025.05.15 12:30:00.565   set /dev12195/qachannels/0/spectroscopy/result/enable 0
2025.05.15 12:30:00.565   set /dev12195/scopes/0/enable 0
2025.05.15 12:30:00.565   set /dev12195/qachannels/0/generator/elf/data vector (1828 B)
2025.05.15 12:30:00.565   set /dev12195/qachannels/0/generator/clearwave 1
2025.05.15 12:30:00.565   set /dev12195/qachannels/0/generator/waveforms/0/wave vector (32000 B)
2025.05.15 12:30:00.565   get /dev12195/qachannels/0/generator/waveforms/0/wave -
2025.05.15 12:30:00.565   set /dev12195/qachannels/0/spectroscopy/envelope/enable 0
2025.05.15 12:30:00.566   set /dev12195/qachannels/0/readout/multistate/qudits/0/weights/0/wave vector (64000 B)
2025.05.15 12:30:00.566   set /dev12195/qachannels/0/readout/integration/length 4000
2025.05.15 12:30:00.566   set /dev12195/sgchannels/4/awg/enable 1
2025.05.15 12:30:00.566   set /dev12195/qachannels/0/generator/enable 1
2025.05.15 12:30:00.567   set /dev12195/system/internaltrigger/enable 1
2025.05.15 12:30:00.567   set /dev12195/raw/system/awg/runtimechecks/enable 0
2025.05.15 12:30:00.568   set /dev12195/qachannels/0/readout/result/enable 0
2025.05.15 12:30:00.568   get /dev12195/raw/error/json/errors -
2025.05.15 12:30:00.569   get /dev12195/raw/error/json/errors -
2025.05.15 12:30:00.569   set /dev12195/qachannels/0/spectroscopy/envelope/enable 1
2025.05.15 12:33:15.104 Node log from the data server with id 'zi_server':
2025.05.15 12:33:15.105   get /dev12195/raw/system/awg/runtimechecks/enable -
2025.05.15 12:33:15.105   get /dev12195/raw/system/awg/runtimechecks/enable -
2025.05.15 12:33:15.105   get /dev12195/system/clocks/referenceclock/in/freq -
2025.05.15 12:33:15.105   get /dev12195/system/clocks/referenceclock/in/sourceactual -
2025.05.15 12:33:15.105   get /dev12195/system/clocks/referenceclock/in/source -
2025.05.15 12:33:15.106   get /dev12195/system/clocks/referenceclock/in/status -
2025.05.15 12:33:15.106   get /dev12195/system/clocks/referenceclock/in/freq -
2025.05.15 12:33:15.106   get /dev12195/system/clocks/referenceclock/in/sourceactual -
2025.05.15 12:33:15.106   get /dev12195/system/clocks/referenceclock/in/source -
2025.05.15 12:33:15.106   get /dev12195/system/clocks/referenceclock/in/status -
2025.05.15 12:33:33.503 Node log from the data server with id 'zi_server':
2025.05.15 12:33:33.503   get /dev12195/raw/system/awg/runtimechecks/enable -
2025.05.15 12:33:33.504   get /dev12195/raw/system/awg/runtimechecks/enable -
2025.05.15 12:33:33.504   get /dev12195/system/clocks/referenceclock/in/freq -
2025.05.15 12:33:33.504   get /dev12195/system/clocks/referenceclock/in/sourceactual -
2025.05.15 12:33:33.504   get /dev12195/system/clocks/referenceclock/in/source -
2025.05.15 12:33:33.504   get /dev12195/system/clocks/referenceclock/in/status -
2025.05.15 12:33:33.504   get /dev12195/system/clocks/referenceclock/in/freq -
2025.05.15 12:33:33.505   get /dev12195/system/clocks/referenceclock/in/sourceactual -
2025.05.15 12:33:33.505   get /dev12195/system/clocks/referenceclock/in/source -
2025.05.15 12:33:33.505   get /dev12195/system/clocks/referenceclock/in/status -
2025.05.15 13:08:02.613 Node log from the data server with id 'zi_server':
2025.05.15 13:08:02.613   get /dev12195/raw/system/awg/runtimechecks/enable -
2025.05.15 13:08:02.613   get /dev12195/raw/system/awg/runtimechecks/enable -
2025.05.15 13:08:02.615   get /dev12195/system/clocks/referenceclock/in/freq -
2025.05.15 13:08:02.615   get /dev12195/system/clocks/referenceclock/in/sourceactual -
2025.05.15 13:08:02.615   get /dev12195/system/clocks/referenceclock/in/source -
2025.05.15 13:08:02.615   get /dev12195/system/clocks/referenceclock/in/status -
2025.05.15 13:08:02.615   get /dev12195/system/clocks/referenceclock/in/freq -
2025.05.15 13:08:02.615   get /dev12195/system/clocks/referenceclock/in/sourceactual -
2025.05.15 13:08:02.615   get /dev12195/system/clocks/referenceclock/in/source -
2025.05.15 13:08:02.615   get /dev12195/system/clocks/referenceclock/in/status -
2025.05.15 13:08:06.821 Node log from the data server with id 'zi_server':
2025.05.15 13:08:06.822   set /dev12195/raw/error/clear 1
2025.05.15 13:08:06.822   set /dev12195/sgchannels/0/pipeliner/mode 0
2025.05.15 13:08:06.822   set /dev12195/sgchannels/1/pipeliner/mode 0
2025.05.15 13:08:06.823   set /dev12195/sgchannels/2/pipeliner/mode 0
2025.05.15 13:08:06.823   set /dev12195/sgchannels/3/pipeliner/mode 0
2025.05.15 13:08:06.823   set /dev12195/sgchannels/4/pipeliner/mode 0
2025.05.15 13:08:06.823   set /dev12195/sgchannels/5/pipeliner/mode 0
2025.05.15 13:08:06.823   set /dev12195/sgchannels/0/synchronization/enable 0
2025.05.15 13:08:06.823   set /dev12195/sgchannels/1/synchronization/enable 0
2025.05.15 13:08:06.823   set /dev12195/sgchannels/2/synchronization/enable 0
2025.05.15 13:08:06.824   set /dev12195/sgchannels/3/synchronization/enable 0
2025.05.15 13:08:06.824   set /dev12195/sgchannels/4/synchronization/enable 0
2025.05.15 13:08:06.824   set /dev12195/sgchannels/5/synchronization/enable 0
2025.05.15 13:08:06.824   set /dev12195/sgchannels/0/awg/enable 0
2025.05.15 13:08:06.824   set /dev12195/sgchannels/1/awg/enable 0
2025.05.15 13:08:06.824   set /dev12195/sgchannels/2/awg/enable 0
2025.05.15 13:08:06.824   set /dev12195/sgchannels/3/awg/enable 0
2025.05.15 13:08:06.825   set /dev12195/sgchannels/4/awg/enable 0
2025.05.15 13:08:06.825   set /dev12195/sgchannels/5/awg/enable 0
2025.05.15 13:08:06.826   set /dev12195/system/synchronization/source 0
2025.05.15 13:08:06.826   set /dev12195/system/internaltrigger/synchronization/enable 0
2025.05.15 13:08:06.826   set /dev12195/scopes/0/enable 0
2025.05.15 13:08:06.826   set /dev12195/qachannels/0/pipeliner/mode 0
2025.05.15 13:08:06.826   set /dev12195/qachannels/0/synchronization/enable 0
2025.05.15 13:08:06.826   set /dev12195/qachannels/0/generator/enable 0
2025.05.15 13:08:06.827   set /dev12195/qachannels/0/readout/result/enable 0
2025.05.15 13:08:06.827   set /dev12195/qachannels/0/spectroscopy/psd/enable 0
2025.05.15 13:08:06.827   set /dev12195/qachannels/0/spectroscopy/result/enable 0
2025.05.15 13:08:06.827   set /dev12195/qachannels/0/output/rflfinterlock 1
2025.05.15 13:08:06.827   set /dev12195/qachannels/0/oscs/0/gain 1
2025.05.15 13:08:06.827   set /dev12195/scopes/0/channels/0/enable 0
2025.05.15 13:08:06.827   set /dev12195/scopes/0/channels/1/enable 0
2025.05.15 13:08:06.828   set /dev12195/scopes/0/channels/2/enable 0
2025.05.15 13:08:06.828   set /dev12195/scopes/0/channels/3/enable 0
2025.05.15 13:08:06.831   get /dev12195/sgchannels/0/output/overrangecount -
2025.05.15 13:08:06.831   get /dev12195/sgchannels/1/output/overrangecount -
2025.05.15 13:08:06.832   get /dev12195/sgchannels/2/output/overrangecount -
2025.05.15 13:08:06.832   get /dev12195/sgchannels/3/output/overrangecount -
2025.05.15 13:08:06.832   get /dev12195/sgchannels/4/output/overrangecount -
2025.05.15 13:08:06.832   get /dev12195/sgchannels/5/output/overrangecount -
2025.05.15 13:08:06.832   get /dev12195/qachannels/0/output/overrangecount -
2025.05.15 13:08:06.832   get /dev12195/qachannels/0/input/overrangecount -
2025.05.15 13:08:06.832   set /dev12195/sgchannels/4/output/on 1
2025.05.15 13:08:06.833   set /dev12195/sgchannels/4/awg/single 1
2025.05.15 13:08:06.833   set /dev12195/sgchannels/4/awg/modulation/enable 1
2025.05.15 13:08:06.833   set /dev12195/sgchannels/4/marker/source 0
2025.05.15 13:08:06.833   set /dev12195/sgchannels/4/trigger/delay 0
2025.05.15 13:08:06.833   set /dev12195/sgchannels/4/output/rflfpath 1
2025.05.15 13:08:06.833   set /dev12195/sgchannels/4/output/muting/enable 0
2025.05.15 13:08:06.833   set /dev12195/sgchannels/4/sines/0/oscselect 0
2025.05.15 13:08:06.834   set /dev12195/sgchannels/4/sines/0/harmonic 1
2025.05.15 13:08:06.834   set /dev12195/sgchannels/4/sines/0/phaseshift 0
2025.05.15 13:08:06.834   set /dev12195/qachannels/0/output/on 1
2025.05.15 13:08:06.834   set /dev12195/qachannels/0/generator/single 1
2025.05.15 13:08:06.834   set /dev12195/qachannels/0/output/muting/enable 0
2025.05.15 13:08:06.834   set /dev12195/qachannels/0/input/rflfpath 1
2025.05.15 13:08:06.834   set /dev12195/qachannels/0/input/on 1
2025.05.15 13:08:06.835   set /dev12195/sgchannels/4/oscs/0/freq 4e+07
2025.05.15 13:08:06.835   set /dev12195/sgchannels/4/awg/auxtriggers/0/slope 1
2025.05.15 13:08:06.835   set /dev12195/sgchannels/4/awg/auxtriggers/0/channel 8
2025.05.15 13:08:06.835   set /dev12195/system/internaltrigger/enable 0
2025.05.15 13:08:06.835   set /dev12195/system/internaltrigger/repetitions 1
2025.05.15 13:08:06.835   set /dev12195/qachannels/0/markers/0/source 32
2025.05.15 13:08:06.835   set /dev12195/qachannels/0/markers/1/source 36
2025.05.15 13:08:06.836   set /dev12195/sgchannels/4/oscs/0/freq 4e+07
2025.05.15 13:08:06.836   set /dev12195/synthesizers/3/centerfreq 3.6e+09
2025.05.15 13:08:06.836   set /dev12195/sgchannels/4/output/delay 0
2025.05.15 13:08:06.836   set /dev12195/qachannels/0/centerfreq 6.8e+09
2025.05.15 13:08:06.836   set /dev12195/qachannels/0/generator/delay 0
2025.05.15 13:08:06.836   set /dev12195/qachannels/0/readout/integration/delay 2.12e-07
2025.05.15 13:08:06.836   set /dev12195/qachannels/0/mode 1
2025.05.15 13:08:06.837   set /dev12195/qachannels/0/readout/result/enable 0
2025.05.15 13:08:06.837   set /dev12195/scopes/0/enable 0
2025.05.15 13:08:06.837   set /dev12195/qachannels/0/generator/elf/data vector (2052 B)
2025.05.15 13:08:06.837   set /dev12195/qachannels/0/generator/clearwave 1
2025.05.15 13:08:06.837   set /dev12195/sgchannels/4/awg/elf/data vector (1528 B)
2025.05.15 13:08:06.837   set /dev12195/sgchannels/4/awg/commandtable/data vector (152 B)
2025.05.15 13:08:06.837   set /dev12195/qachannels/0/generator/waveforms/0/wave vector (32000 B)
2025.05.15 13:08:06.838   get /dev12195/qachannels/0/generator/waveforms/0/wave -
2025.05.15 13:08:06.838   set /dev12195/qachannels/0/spectroscopy/envelope/enable 0
2025.05.15 13:08:06.838   set /dev12195/sgchannels/4/awg/enable 1
2025.05.15 13:08:06.838   set /dev12195/qachannels/0/generator/enable 1
2025.05.15 13:08:06.839   set /dev12195/system/internaltrigger/enable 1
2025.05.15 13:08:06.840   set /dev12195/raw/system/awg/runtimechecks/enable 0
2025.05.15 13:08:06.840   set /dev12195/qachannels/0/readout/result/enable 0
2025.05.15 13:08:06.841   get /dev12195/raw/error/json/errors -
2025.05.15 13:08:06.841   get /dev12195/raw/error/json/errors -
2025.05.15 13:08:06.842   set /dev12195/qachannels/0/spectroscopy/envelope/enable 1
2025.05.15 13:11:31.430 Node log from the data server with id 'zi_server':
2025.05.15 13:11:31.430   get /dev12195/raw/system/awg/runtimechecks/enable -
2025.05.15 13:11:31.430   get /dev12195/raw/system/awg/runtimechecks/enable -
2025.05.15 13:11:31.430   get /dev12195/system/clocks/referenceclock/in/freq -
2025.05.15 13:11:31.430   get /dev12195/system/clocks/referenceclock/in/sourceactual -
2025.05.15 13:11:31.430   get /dev12195/system/clocks/referenceclock/in/source -
2025.05.15 13:11:31.432   get /dev12195/system/clocks/referenceclock/in/status -
2025.05.15 13:11:31.432   get /dev12195/system/clocks/referenceclock/in/freq -
2025.05.15 13:11:31.432   get /dev12195/system/clocks/referenceclock/in/sourceactual -
2025.05.15 13:11:31.432   get /dev12195/system/clocks/referenceclock/in/source -
2025.05.15 13:11:31.432   get /dev12195/system/clocks/referenceclock/in/status -
2025.05.15 13:11:33.199 Node log from the data server with id 'zi_server':
2025.05.15 13:11:33.200   set /dev12195/raw/error/clear 1
2025.05.15 13:11:33.200   set /dev12195/sgchannels/0/pipeliner/mode 0
2025.05.15 13:11:33.200   set /dev12195/sgchannels/1/pipeliner/mode 0
2025.05.15 13:11:33.200   set /dev12195/sgchannels/2/pipeliner/mode 0
2025.05.15 13:11:33.201   set /dev12195/sgchannels/3/pipeliner/mode 0
2025.05.15 13:11:33.201   set /dev12195/sgchannels/4/pipeliner/mode 0
2025.05.15 13:11:33.201   set /dev12195/sgchannels/5/pipeliner/mode 0
2025.05.15 13:11:33.201   set /dev12195/sgchannels/0/synchronization/enable 0
2025.05.15 13:11:33.201   set /dev12195/sgchannels/1/synchronization/enable 0
2025.05.15 13:11:33.201   set /dev12195/sgchannels/2/synchronization/enable 0
2025.05.15 13:11:33.201   set /dev12195/sgchannels/3/synchronization/enable 0
2025.05.15 13:11:33.202   set /dev12195/sgchannels/4/synchronization/enable 0
2025.05.15 13:11:33.202   set /dev12195/sgchannels/5/synchronization/enable 0
2025.05.15 13:11:33.202   set /dev12195/sgchannels/0/awg/enable 0
2025.05.15 13:11:33.202   set /dev12195/sgchannels/1/awg/enable 0
2025.05.15 13:11:33.202   set /dev12195/sgchannels/2/awg/enable 0
2025.05.15 13:11:33.202   set /dev12195/sgchannels/3/awg/enable 0
2025.05.15 13:11:33.202   set /dev12195/sgchannels/4/awg/enable 0
2025.05.15 13:11:33.203   set /dev12195/sgchannels/5/awg/enable 0
2025.05.15 13:11:33.204   set /dev12195/system/synchronization/source 0
2025.05.15 13:11:33.204   set /dev12195/system/internaltrigger/synchronization/enable 0
2025.05.15 13:11:33.204   set /dev12195/scopes/0/enable 0
2025.05.15 13:11:33.204   set /dev12195/qachannels/0/pipeliner/mode 0
2025.05.15 13:11:33.204   set /dev12195/qachannels/0/synchronization/enable 0
2025.05.15 13:11:33.204   set /dev12195/qachannels/0/generator/enable 0
2025.05.15 13:11:33.204   set /dev12195/qachannels/0/readout/result/enable 0
2025.05.15 13:11:33.205   set /dev12195/qachannels/0/spectroscopy/psd/enable 0
2025.05.15 13:11:33.205   set /dev12195/qachannels/0/spectroscopy/result/enable 0
2025.05.15 13:11:33.205   set /dev12195/qachannels/0/output/rflfinterlock 1
2025.05.15 13:11:33.205   set /dev12195/qachannels/0/oscs/0/gain 1
2025.05.15 13:11:33.205   set /dev12195/scopes/0/channels/0/enable 0
2025.05.15 13:11:33.205   set /dev12195/scopes/0/channels/1/enable 0
2025.05.15 13:11:33.205   set /dev12195/scopes/0/channels/2/enable 0
2025.05.15 13:11:33.206   set /dev12195/scopes/0/channels/3/enable 0
2025.05.15 13:11:33.209   get /dev12195/sgchannels/0/output/overrangecount -
2025.05.15 13:11:33.209   get /dev12195/sgchannels/1/output/overrangecount -
2025.05.15 13:11:33.209   get /dev12195/sgchannels/2/output/overrangecount -
2025.05.15 13:11:33.210   get /dev12195/sgchannels/3/output/overrangecount -
2025.05.15 13:11:33.210   get /dev12195/sgchannels/4/output/overrangecount -
2025.05.15 13:11:33.210   get /dev12195/sgchannels/5/output/overrangecount -
2025.05.15 13:11:33.210   get /dev12195/qachannels/0/output/overrangecount -
2025.05.15 13:11:33.210   get /dev12195/qachannels/0/input/overrangecount -
2025.05.15 13:11:33.210   set /dev12195/sgchannels/4/output/on 1
2025.05.15 13:11:33.210   set /dev12195/sgchannels/4/awg/single 1
2025.05.15 13:11:33.210   set /dev12195/sgchannels/4/awg/modulation/enable 1
2025.05.15 13:11:33.211   set /dev12195/sgchannels/4/marker/source 0
2025.05.15 13:11:33.211   set /dev12195/sgchannels/4/trigger/delay 0
2025.05.15 13:11:33.211   set /dev12195/sgchannels/4/output/rflfpath 1
2025.05.15 13:11:33.211   set /dev12195/sgchannels/4/output/muting/enable 0
2025.05.15 13:11:33.211   set /dev12195/sgchannels/4/sines/0/oscselect 0
2025.05.15 13:11:33.211   set /dev12195/sgchannels/4/sines/0/harmonic 1
2025.05.15 13:11:33.212   set /dev12195/sgchannels/4/sines/0/phaseshift 0
2025.05.15 13:11:33.212   set /dev12195/qachannels/0/output/on 1
2025.05.15 13:11:33.212   set /dev12195/qachannels/0/generator/single 1
2025.05.15 13:11:33.212   set /dev12195/qachannels/0/output/muting/enable 0
2025.05.15 13:11:33.212   set /dev12195/qachannels/0/input/rflfpath 1
2025.05.15 13:11:33.212   set /dev12195/qachannels/0/input/on 1
2025.05.15 13:11:33.212   set /dev12195/sgchannels/4/oscs/0/freq 4e+07
2025.05.15 13:11:33.213   set /dev12195/sgchannels/4/awg/auxtriggers/0/slope 1
2025.05.15 13:11:33.213   set /dev12195/sgchannels/4/awg/auxtriggers/0/channel 8
2025.05.15 13:11:33.213   set /dev12195/system/internaltrigger/enable 0
2025.05.15 13:11:33.213   set /dev12195/system/internaltrigger/repetitions 1
2025.05.15 13:11:33.213   set /dev12195/qachannels/0/markers/0/source 32
2025.05.15 13:11:33.213   set /dev12195/qachannels/0/markers/1/source 36
2025.05.15 13:11:33.213   set /dev12195/qachannels/0/generator/auxtriggers/0/channel 8
2025.05.15 13:11:33.214   set /dev12195/sgchannels/4/oscs/0/freq 4e+07
2025.05.15 13:11:33.214   set /dev12195/synthesizers/3/centerfreq 3.6e+09
2025.05.15 13:11:33.214   set /dev12195/sgchannels/4/output/delay 0
2025.05.15 13:11:33.214   set /dev12195/qachannels/0/centerfreq 6.8e+09
2025.05.15 13:11:33.214   set /dev12195/qachannels/0/generator/delay 0
2025.05.15 13:11:33.214   set /dev12195/qachannels/0/readout/integration/delay 2.12e-07
2025.05.15 13:11:33.214   set /dev12195/qachannels/0/mode 1
2025.05.15 13:11:33.215   set /dev12195/qachannels/0/readout/multistate/qudits/0/enable 0
2025.05.15 13:11:33.215   set /dev12195/qachannels/0/readout/multistate/qudits/1/enable 0
2025.05.15 13:11:33.215   set /dev12195/qachannels/0/readout/multistate/qudits/2/enable 0
2025.05.15 13:11:33.215   set /dev12195/qachannels/0/readout/multistate/qudits/3/enable 0
2025.05.15 13:11:33.215   set /dev12195/qachannels/0/readout/multistate/qudits/4/enable 0
2025.05.15 13:11:33.215   set /dev12195/qachannels/0/readout/multistate/qudits/5/enable 0
2025.05.15 13:11:33.215   set /dev12195/qachannels/0/readout/multistate/qudits/6/enable 0
2025.05.15 13:11:33.216   set /dev12195/qachannels/0/readout/multistate/qudits/7/enable 0
2025.05.15 13:11:33.216   set /dev12195/qachannels/0/readout/multistate/enable 1
2025.05.15 13:11:33.216   set /dev12195/qachannels/0/readout/multistate/zsync/packed 1
2025.05.15 13:11:33.216   set /dev12195/qachannels/0/readout/multistate/qudits/0/numstates 2
2025.05.15 13:11:33.216   set /dev12195/qachannels/0/readout/multistate/qudits/0/enable 1
2025.05.15 13:11:33.216   set /dev12195/qachannels/0/readout/multistate/qudits/0/assignmentvec vector (8 B)
2025.05.15 13:11:33.216   set /dev12195/qachannels/0/readout/result/enable 0
2025.05.15 13:11:33.217   set /dev12195/qachannels/0/readout/result/source 1
2025.05.15 13:11:33.217   set /dev12195/qachannels/0/readout/result/length 1
2025.05.15 13:11:33.217   set /dev12195/qachannels/0/readout/result/averages 3
2025.05.15 13:11:33.217   set /dev12195/qachannels/0/readout/result/mode 0
2025.05.15 13:11:33.217   set /dev12195/qachannels/0/readout/multistate/qudits/0/thresholds/0/value 0
2025.05.15 13:11:33.217   set /dev12195/sgchannels/4/awg/elf/data vector (1528 B)
2025.05.15 13:11:33.218   set /dev12195/sgchannels/4/awg/commandtable/data vector (152 B)
2025.05.15 13:11:33.218   set /dev12195/qachannels/0/readout/result/enable 1
2025.05.15 13:11:33.218   set /dev12195/qachannels/0/spectroscopy/result/enable 0
2025.05.15 13:11:33.218   set /dev12195/scopes/0/enable 0
2025.05.15 13:11:33.218   set /dev12195/qachannels/0/generator/elf/data vector (1828 B)
2025.05.15 13:11:33.218   set /dev12195/qachannels/0/generator/clearwave 1
2025.05.15 13:11:33.218   set /dev12195/qachannels/0/generator/waveforms/0/wave vector (32000 B)
2025.05.15 13:11:33.219   get /dev12195/qachannels/0/generator/waveforms/0/wave -
2025.05.15 13:11:33.219   set /dev12195/qachannels/0/spectroscopy/envelope/enable 0
2025.05.15 13:11:33.219   set /dev12195/qachannels/0/readout/multistate/qudits/0/weights/0/wave vector (64000 B)
2025.05.15 13:11:33.219   set /dev12195/qachannels/0/readout/integration/length 4000
2025.05.15 13:11:33.219   set /dev12195/sgchannels/4/awg/enable 1
2025.05.15 13:11:33.219   set /dev12195/qachannels/0/generator/enable 1
2025.05.15 13:11:33.220   set /dev12195/system/internaltrigger/enable 1
2025.05.15 13:11:33.221   set /dev12195/raw/system/awg/runtimechecks/enable 0
2025.05.15 13:11:33.221   set /dev12195/qachannels/0/readout/result/enable 0
2025.05.15 13:11:33.222   get /dev12195/raw/error/json/errors -
2025.05.15 13:11:33.222   get /dev12195/raw/error/json/errors -
2025.05.15 13:11:33.222   set /dev12195/qachannels/0/spectroscopy/envelope/enable 1
2025.05.15 13:15:20.735 Node log from the data server with id 'zi_server':
2025.05.15 13:15:20.737   get /dev12195/raw/system/awg/runtimechecks/enable -
2025.05.15 13:15:20.737   get /dev12195/raw/system/awg/runtimechecks/enable -
2025.05.15 13:15:20.737   get /dev12195/system/clocks/referenceclock/in/freq -
2025.05.15 13:15:20.737   get /dev12195/system/clocks/referenceclock/in/sourceactual -
2025.05.15 13:15:20.737   get /dev12195/system/clocks/referenceclock/in/source -
2025.05.15 13:15:20.737   get /dev12195/system/clocks/referenceclock/in/status -
2025.05.15 13:15:20.737   get /dev12195/system/clocks/referenceclock/in/freq -
2025.05.15 13:15:20.737   get /dev12195/system/clocks/referenceclock/in/sourceactual -
2025.05.15 13:15:20.737   get /dev12195/system/clocks/referenceclock/in/source -
2025.05.15 13:15:20.737   get /dev12195/system/clocks/referenceclock/in/status -
2025.05.15 13:15:22.491 Node log from the data server with id 'zi_server':
2025.05.15 13:15:22.491   set /dev12195/raw/error/clear 1
2025.05.15 13:15:22.492   set /dev12195/sgchannels/0/pipeliner/mode 0
2025.05.15 13:15:22.492   set /dev12195/sgchannels/1/pipeliner/mode 0
2025.05.15 13:15:22.492   set /dev12195/sgchannels/2/pipeliner/mode 0
2025.05.15 13:15:22.492   set /dev12195/sgchannels/3/pipeliner/mode 0
2025.05.15 13:15:22.492   set /dev12195/sgchannels/4/pipeliner/mode 0
2025.05.15 13:15:22.492   set /dev12195/sgchannels/5/pipeliner/mode 0
2025.05.15 13:15:22.493   set /dev12195/sgchannels/0/synchronization/enable 0
2025.05.15 13:15:22.493   set /dev12195/sgchannels/1/synchronization/enable 0
2025.05.15 13:15:22.493   set /dev12195/sgchannels/2/synchronization/enable 0
2025.05.15 13:15:22.493   set /dev12195/sgchannels/3/synchronization/enable 0
2025.05.15 13:15:22.493   set /dev12195/sgchannels/4/synchronization/enable 0
2025.05.15 13:15:22.493   set /dev12195/sgchannels/5/synchronization/enable 0
2025.05.15 13:15:22.493   set /dev12195/sgchannels/0/awg/enable 0
2025.05.15 13:15:22.494   set /dev12195/sgchannels/1/awg/enable 0
2025.05.15 13:15:22.494   set /dev12195/sgchannels/2/awg/enable 0
2025.05.15 13:15:22.494   set /dev12195/sgchannels/3/awg/enable 0
2025.05.15 13:15:22.494   set /dev12195/sgchannels/4/awg/enable 0
2025.05.15 13:15:22.494   set /dev12195/sgchannels/5/awg/enable 0
2025.05.15 13:15:22.495   set /dev12195/system/synchronization/source 0
2025.05.15 13:15:22.495   set /dev12195/system/internaltrigger/synchronization/enable 0
2025.05.15 13:15:22.495   set /dev12195/scopes/0/enable 0
2025.05.15 13:15:22.496   set /dev12195/qachannels/0/pipeliner/mode 0
2025.05.15 13:15:22.496   set /dev12195/qachannels/0/synchronization/enable 0
2025.05.15 13:15:22.496   set /dev12195/qachannels/0/generator/enable 0
2025.05.15 13:15:22.496   set /dev12195/qachannels/0/readout/result/enable 0
2025.05.15 13:15:22.496   set /dev12195/qachannels/0/spectroscopy/psd/enable 0
2025.05.15 13:15:22.496   set /dev12195/qachannels/0/spectroscopy/result/enable 0
2025.05.15 13:15:22.497   set /dev12195/qachannels/0/output/rflfinterlock 1
2025.05.15 13:15:22.497   set /dev12195/qachannels/0/oscs/0/gain 1
2025.05.15 13:15:22.497   set /dev12195/scopes/0/channels/0/enable 0
2025.05.15 13:15:22.497   set /dev12195/scopes/0/channels/1/enable 0
2025.05.15 13:15:22.497   set /dev12195/scopes/0/channels/2/enable 0
2025.05.15 13:15:22.497   set /dev12195/scopes/0/channels/3/enable 0
2025.05.15 13:15:22.501   get /dev12195/sgchannels/0/output/overrangecount -
2025.05.15 13:15:22.501   get /dev12195/sgchannels/1/output/overrangecount -
2025.05.15 13:15:22.501   get /dev12195/sgchannels/2/output/overrangecount -
2025.05.15 13:15:22.501   get /dev12195/sgchannels/3/output/overrangecount -
2025.05.15 13:15:22.501   get /dev12195/sgchannels/4/output/overrangecount -
2025.05.15 13:15:22.502   get /dev12195/sgchannels/5/output/overrangecount -
2025.05.15 13:15:22.502   get /dev12195/qachannels/0/output/overrangecount -
2025.05.15 13:15:22.502   get /dev12195/qachannels/0/input/overrangecount -
2025.05.15 13:15:22.502   set /dev12195/sgchannels/4/output/on 1
2025.05.15 13:15:22.502   set /dev12195/sgchannels/4/awg/single 1
2025.05.15 13:15:22.502   set /dev12195/sgchannels/4/awg/modulation/enable 1
2025.05.15 13:15:22.502   set /dev12195/sgchannels/4/marker/source 0
2025.05.15 13:15:22.503   set /dev12195/sgchannels/4/trigger/delay 0
2025.05.15 13:15:22.503   set /dev12195/sgchannels/4/output/rflfpath 1
2025.05.15 13:15:22.503   set /dev12195/sgchannels/4/output/muting/enable 0
2025.05.15 13:15:22.503   set /dev12195/sgchannels/4/sines/0/oscselect 0
2025.05.15 13:15:22.503   set /dev12195/sgchannels/4/sines/0/harmonic 1
2025.05.15 13:15:22.503   set /dev12195/sgchannels/4/sines/0/phaseshift 0
2025.05.15 13:15:22.503   set /dev12195/qachannels/0/output/on 1
2025.05.15 13:15:22.504   set /dev12195/qachannels/0/generator/single 1
2025.05.15 13:15:22.504   set /dev12195/qachannels/0/output/muting/enable 0
2025.05.15 13:15:22.504   set /dev12195/qachannels/0/input/rflfpath 1
2025.05.15 13:15:22.504   set /dev12195/qachannels/0/input/on 1
2025.05.15 13:15:22.504   set /dev12195/sgchannels/4/oscs/0/freq 4e+07
2025.05.15 13:15:22.504   set /dev12195/sgchannels/4/awg/auxtriggers/0/slope 1
2025.05.15 13:15:22.504   set /dev12195/sgchannels/4/awg/auxtriggers/0/channel 8
2025.05.15 13:15:22.504   set /dev12195/system/internaltrigger/enable 0
2025.05.15 13:15:22.505   set /dev12195/system/internaltrigger/repetitions 1
2025.05.15 13:15:22.505   set /dev12195/qachannels/0/markers/0/source 32
2025.05.15 13:15:22.505   set /dev12195/qachannels/0/markers/1/source 36
2025.05.15 13:15:22.505   set /dev12195/qachannels/0/generator/auxtriggers/0/channel 8
2025.05.15 13:15:22.505   set /dev12195/sgchannels/4/oscs/0/freq 4e+07
2025.05.15 13:15:22.505   set /dev12195/synthesizers/3/centerfreq 3.6e+09
2025.05.15 13:15:22.505   set /dev12195/sgchannels/4/output/delay 0
2025.05.15 13:15:22.506   set /dev12195/qachannels/0/centerfreq 6.8e+09
2025.05.15 13:15:22.506   set /dev12195/qachannels/0/generator/delay 0
2025.05.15 13:15:22.506   set /dev12195/qachannels/0/readout/integration/delay 2.12e-07
2025.05.15 13:15:22.506   set /dev12195/qachannels/0/mode 1
2025.05.15 13:15:22.506   set /dev12195/qachannels/0/readout/multistate/qudits/0/enable 0
2025.05.15 13:15:22.507   set /dev12195/qachannels/0/readout/multistate/qudits/1/enable 0
2025.05.15 13:15:22.507   set /dev12195/qachannels/0/readout/multistate/qudits/2/enable 0
2025.05.15 13:15:22.507   set /dev12195/qachannels/0/readout/multistate/qudits/3/enable 0
2025.05.15 13:15:22.507   set /dev12195/qachannels/0/readout/multistate/qudits/4/enable 0
2025.05.15 13:15:22.507   set /dev12195/qachannels/0/readout/multistate/qudits/5/enable 0
2025.05.15 13:15:22.507   set /dev12195/qachannels/0/readout/multistate/qudits/6/enable 0
2025.05.15 13:15:22.508   set /dev12195/qachannels/0/readout/multistate/qudits/7/enable 0
2025.05.15 13:15:22.508   set /dev12195/qachannels/0/readout/multistate/enable 1
2025.05.15 13:15:22.508   set /dev12195/qachannels/0/readout/multistate/zsync/packed 1
2025.05.15 13:15:22.508   set /dev12195/qachannels/0/readout/multistate/qudits/0/numstates 2
2025.05.15 13:15:22.508   set /dev12195/qachannels/0/readout/multistate/qudits/0/enable 1
2025.05.15 13:15:22.508   set /dev12195/qachannels/0/readout/multistate/qudits/0/assignmentvec vector (8 B)
2025.05.15 13:15:22.508   set /dev12195/sgchannels/4/awg/elf/data vector (1528 B)
2025.05.15 13:15:22.509   set /dev12195/qachannels/0/readout/result/enable 0
2025.05.15 13:15:22.509   set /dev12195/qachannels/0/readout/result/source 1
2025.05.15 13:15:22.509   set /dev12195/qachannels/0/readout/result/length 1
2025.05.15 13:15:22.509   set /dev12195/qachannels/0/readout/result/averages 3
2025.05.15 13:15:22.509   set /dev12195/qachannels/0/readout/result/mode 0
2025.05.15 13:15:22.509   set /dev12195/qachannels/0/readout/multistate/qudits/0/thresholds/0/value 0
2025.05.15 13:15:22.509   set /dev12195/sgchannels/4/awg/commandtable/data vector (152 B)
2025.05.15 13:15:22.510   set /dev12195/qachannels/0/readout/result/enable 1
2025.05.15 13:15:22.510   set /dev12195/qachannels/0/spectroscopy/result/enable 0
2025.05.15 13:15:22.510   set /dev12195/scopes/0/enable 0
2025.05.15 13:15:22.510   set /dev12195/qachannels/0/generator/elf/data vector (1828 B)
2025.05.15 13:15:22.510   set /dev12195/qachannels/0/generator/clearwave 1
2025.05.15 13:15:22.510   set /dev12195/qachannels/0/generator/waveforms/0/wave vector (32000 B)
2025.05.15 13:15:22.510   get /dev12195/qachannels/0/generator/waveforms/0/wave -
2025.05.15 13:15:22.511   set /dev12195/qachannels/0/spectroscopy/envelope/enable 0
2025.05.15 13:15:22.511   set /dev12195/sgchannels/4/awg/enable 1
2025.05.15 13:15:22.511   set /dev12195/qachannels/0/generator/enable 1
2025.05.15 13:15:22.512   set /dev12195/system/internaltrigger/enable 1
2025.05.15 13:15:22.512   set /dev12195/raw/system/awg/runtimechecks/enable 0
2025.05.15 13:15:22.512   set /dev12195/qachannels/0/readout/result/enable 0
2025.05.15 13:15:22.513   get /dev12195/raw/error/json/errors -
2025.05.15 13:15:22.513   get /dev12195/raw/error/json/errors -
2025.05.15 13:15:22.514   set /dev12195/qachannels/0/spectroscopy/envelope/enable 1
2025.05.15 14:04:53.769 Node log from the data server with id 'zi_server':
2025.05.15 14:04:53.770   get /dev12195/raw/system/awg/runtimechecks/enable -
2025.05.15 14:04:53.770   get /dev12195/raw/system/awg/runtimechecks/enable -
2025.05.15 14:04:53.770   get /dev12195/system/clocks/referenceclock/in/freq -
2025.05.15 14:04:53.770   get /dev12195/system/clocks/referenceclock/in/sourceactual -
2025.05.15 14:04:53.771   get /dev12195/system/clocks/referenceclock/in/source -
2025.05.15 14:04:53.771   get /dev12195/system/clocks/referenceclock/in/status -
2025.05.15 14:04:53.771   get /dev12195/system/clocks/referenceclock/in/freq -
2025.05.15 14:04:53.771   get /dev12195/system/clocks/referenceclock/in/sourceactual -
2025.05.15 14:04:53.771   get /dev12195/system/clocks/referenceclock/in/source -
2025.05.15 14:04:53.771   get /dev12195/system/clocks/referenceclock/in/status -
2025.05.15 14:05:05.668 Node log from the data server with id 'zi_server':
2025.05.15 14:05:05.669   get /dev12195/raw/system/awg/runtimechecks/enable -
2025.05.15 14:05:05.669   get /dev12195/raw/system/awg/runtimechecks/enable -
2025.05.15 14:05:05.669   get /dev12195/system/clocks/referenceclock/in/freq -
2025.05.15 14:05:05.669   get /dev12195/system/clocks/referenceclock/in/sourceactual -
2025.05.15 14:05:05.669   get /dev12195/system/clocks/referenceclock/in/source -
2025.05.15 14:05:05.670   get /dev12195/system/clocks/referenceclock/in/status -
2025.05.15 14:05:05.670   get /dev12195/system/clocks/referenceclock/in/freq -
2025.05.15 14:05:05.670   get /dev12195/system/clocks/referenceclock/in/sourceactual -
2025.05.15 14:05:05.670   get /dev12195/system/clocks/referenceclock/in/source -
2025.05.15 14:05:05.670   get /dev12195/system/clocks/referenceclock/in/status -
2025.05.15 14:08:54.204 Node log from the data server with id 'zi_server':
2025.05.15 14:08:54.205   get /dev12195/raw/system/awg/runtimechecks/enable -
2025.05.15 14:08:54.205   get /dev12195/raw/system/awg/runtimechecks/enable -
2025.05.15 14:08:54.205   get /dev12195/system/clocks/referenceclock/in/freq -
2025.05.15 14:08:54.205   get /dev12195/system/clocks/referenceclock/in/sourceactual -
2025.05.15 14:08:54.205   get /dev12195/system/clocks/referenceclock/in/source -
2025.05.15 14:08:54.205   get /dev12195/system/clocks/referenceclock/in/status -
2025.05.15 14:08:54.206   get /dev12195/system/clocks/referenceclock/in/freq -
2025.05.15 14:08:54.206   get /dev12195/system/clocks/referenceclock/in/sourceactual -
2025.05.15 14:08:54.206   get /dev12195/system/clocks/referenceclock/in/source -
2025.05.15 14:08:54.206   get /dev12195/system/clocks/referenceclock/in/status -
2025.05.15 14:10:25.672 Node log from the data server with id 'zi_server':
2025.05.15 14:10:25.673   get /dev12195/raw/system/awg/runtimechecks/enable -
2025.05.15 14:10:25.673   get /dev12195/raw/system/awg/runtimechecks/enable -
2025.05.15 14:10:25.673   get /dev12195/system/clocks/referenceclock/in/freq -
2025.05.15 14:10:25.673   get /dev12195/system/clocks/referenceclock/in/sourceactual -
2025.05.15 14:10:25.673   get /dev12195/system/clocks/referenceclock/in/source -
2025.05.15 14:10:25.673   get /dev12195/system/clocks/referenceclock/in/status -
2025.05.15 14:10:25.674   get /dev12195/system/clocks/referenceclock/in/freq -
2025.05.15 14:10:25.674   get /dev12195/system/clocks/referenceclock/in/sourceactual -
2025.05.15 14:10:25.674   get /dev12195/system/clocks/referenceclock/in/source -
2025.05.15 14:10:25.674   get /dev12195/system/clocks/referenceclock/in/status -
2025.05.15 14:10:47.202 Node log from the data server with id 'zi_server':
2025.05.15 14:10:47.202   get /dev12195/raw/system/awg/runtimechecks/enable -
2025.05.15 14:10:47.202   get /dev12195/raw/system/awg/runtimechecks/enable -
2025.05.15 14:10:47.203   get /dev12195/system/clocks/referenceclock/in/freq -
2025.05.15 14:10:47.203   get /dev12195/system/clocks/referenceclock/in/sourceactual -
2025.05.15 14:10:47.203   get /dev12195/system/clocks/referenceclock/in/source -
2025.05.15 14:10:47.203   get /dev12195/system/clocks/referenceclock/in/status -
2025.05.15 14:10:47.203   get /dev12195/system/clocks/referenceclock/in/freq -
2025.05.15 14:10:47.203   get /dev12195/system/clocks/referenceclock/in/sourceactual -
2025.05.15 14:10:47.204   get /dev12195/system/clocks/referenceclock/in/source -
2025.05.15 14:10:47.204   get /dev12195/system/clocks/referenceclock/in/status -
2025.05.15 14:10:57.053 Node log from the data server with id 'zi_server':
2025.05.15 14:10:57.053   get /dev12195/raw/system/awg/runtimechecks/enable -
2025.05.15 14:10:57.054   get /dev12195/raw/system/awg/runtimechecks/enable -
2025.05.15 14:10:57.054   get /dev12195/system/clocks/referenceclock/in/freq -
2025.05.15 14:10:57.054   get /dev12195/system/clocks/referenceclock/in/sourceactual -
2025.05.15 14:10:57.054   get /dev12195/system/clocks/referenceclock/in/source -
2025.05.15 14:10:57.054   get /dev12195/system/clocks/referenceclock/in/status -
2025.05.15 14:10:57.054   get /dev12195/system/clocks/referenceclock/in/freq -
2025.05.15 14:10:57.054   get /dev12195/system/clocks/referenceclock/in/sourceactual -
2025.05.15 14:10:57.055   get /dev12195/system/clocks/referenceclock/in/source -
2025.05.15 14:10:57.055   get /dev12195/system/clocks/referenceclock/in/status -
2025.05.15 14:11:13.222 Node log from the data server with id 'zi_server':
2025.05.15 14:11:13.222   get /dev12195/raw/system/awg/runtimechecks/enable -
2025.05.15 14:11:13.223   get /dev12195/raw/system/awg/runtimechecks/enable -
2025.05.15 14:11:13.223   get /dev12195/system/clocks/referenceclock/in/freq -
2025.05.15 14:11:13.223   get /dev12195/system/clocks/referenceclock/in/sourceactual -
2025.05.15 14:11:13.223   get /dev12195/system/clocks/referenceclock/in/source -
2025.05.15 14:11:13.223   get /dev12195/system/clocks/referenceclock/in/status -
2025.05.15 14:11:13.223   get /dev12195/system/clocks/referenceclock/in/freq -
2025.05.15 14:11:13.224   get /dev12195/system/clocks/referenceclock/in/sourceactual -
2025.05.15 14:11:13.224   get /dev12195/system/clocks/referenceclock/in/source -
2025.05.15 14:11:13.224   get /dev12195/system/clocks/referenceclock/in/status -
2025.05.15 14:11:32.231 Node log from the data server with id 'zi_server':
2025.05.15 14:11:32.231   get /dev12195/raw/system/awg/runtimechecks/enable -
2025.05.15 14:11:32.232   get /dev12195/raw/system/awg/runtimechecks/enable -
2025.05.15 14:11:32.232   get /dev12195/system/clocks/referenceclock/in/freq -
2025.05.15 14:11:32.232   get /dev12195/system/clocks/referenceclock/in/sourceactual -
2025.05.15 14:11:32.232   get /dev12195/system/clocks/referenceclock/in/source -
2025.05.15 14:11:32.232   get /dev12195/system/clocks/referenceclock/in/status -
2025.05.15 14:11:32.232   get /dev12195/system/clocks/referenceclock/in/freq -
2025.05.15 14:11:32.232   get /dev12195/system/clocks/referenceclock/in/sourceactual -
2025.05.15 14:11:32.233   get /dev12195/system/clocks/referenceclock/in/source -
2025.05.15 14:11:32.233   get /dev12195/system/clocks/referenceclock/in/status -
2025.05.15 14:11:36.822 Node log from the data server with id 'zi_server':
2025.05.15 14:11:36.822   set /dev12195/raw/error/clear 1
2025.05.15 14:11:36.823   set /dev12195/sgchannels/0/pipeliner/mode 0
2025.05.15 14:11:36.823   set /dev12195/sgchannels/1/pipeliner/mode 0
2025.05.15 14:11:36.823   set /dev12195/sgchannels/2/pipeliner/mode 0
2025.05.15 14:11:36.823   set /dev12195/sgchannels/3/pipeliner/mode 0
2025.05.15 14:11:36.824   set /dev12195/sgchannels/4/pipeliner/mode 0
2025.05.15 14:11:36.824   set /dev12195/sgchannels/5/pipeliner/mode 0
2025.05.15 14:11:36.824   set /dev12195/sgchannels/0/synchronization/enable 0
2025.05.15 14:11:36.824   set /dev12195/sgchannels/1/synchronization/enable 0
2025.05.15 14:11:36.824   set /dev12195/sgchannels/2/synchronization/enable 0
2025.05.15 14:11:36.825   set /dev12195/sgchannels/3/synchronization/enable 0
2025.05.15 14:11:36.825   set /dev12195/sgchannels/4/synchronization/enable 0
2025.05.15 14:11:36.825   set /dev12195/sgchannels/5/synchronization/enable 0
2025.05.15 14:11:36.825   set /dev12195/sgchannels/0/awg/enable 0
2025.05.15 14:11:36.826   set /dev12195/sgchannels/1/awg/enable 0
2025.05.15 14:11:36.826   set /dev12195/sgchannels/2/awg/enable 0
2025.05.15 14:11:36.826   set /dev12195/sgchannels/3/awg/enable 0
2025.05.15 14:11:36.826   set /dev12195/sgchannels/4/awg/enable 0
2025.05.15 14:11:36.826   set /dev12195/sgchannels/5/awg/enable 0
2025.05.15 14:11:36.828   set /dev12195/system/synchronization/source 0
2025.05.15 14:11:36.828   set /dev12195/system/internaltrigger/synchronization/enable 0
2025.05.15 14:11:36.828   set /dev12195/scopes/0/enable 0
2025.05.15 14:11:36.829   set /dev12195/qachannels/0/pipeliner/mode 0
2025.05.15 14:11:36.829   set /dev12195/qachannels/0/synchronization/enable 0
2025.05.15 14:11:36.829   set /dev12195/qachannels/0/generator/enable 0
2025.05.15 14:11:36.829   set /dev12195/qachannels/0/readout/result/enable 0
2025.05.15 14:11:36.830   set /dev12195/qachannels/0/spectroscopy/psd/enable 0
2025.05.15 14:11:36.830   set /dev12195/qachannels/0/spectroscopy/result/enable 0
2025.05.15 14:11:36.830   set /dev12195/qachannels/0/output/rflfinterlock 1
2025.05.15 14:11:36.830   set /dev12195/qachannels/0/oscs/0/gain 1
2025.05.15 14:11:36.831   set /dev12195/scopes/0/channels/0/enable 0
2025.05.15 14:11:36.831   set /dev12195/scopes/0/channels/1/enable 0
2025.05.15 14:11:36.831   set /dev12195/scopes/0/channels/2/enable 0
2025.05.15 14:11:36.831   set /dev12195/scopes/0/channels/3/enable 0
2025.05.15 14:11:36.831   get /dev12195/raw/error/json/errors -
2025.05.15 14:11:36.832   get /dev12195/raw/error/json/errors -
2025.05.15 14:11:36.832   set /dev12195/qachannels/0/spectroscopy/envelope/enable 1
2025.05.15 14:12:26.970 Node log from the data server with id 'zi_server':
2025.05.15 14:12:26.971   get /dev12195/raw/system/awg/runtimechecks/enable -
2025.05.15 14:12:26.971   get /dev12195/raw/system/awg/runtimechecks/enable -
2025.05.15 14:12:26.971   get /dev12195/system/clocks/referenceclock/in/freq -
2025.05.15 14:12:26.971   get /dev12195/system/clocks/referenceclock/in/sourceactual -
2025.05.15 14:12:26.972   get /dev12195/system/clocks/referenceclock/in/source -
2025.05.15 14:12:26.972   get /dev12195/system/clocks/referenceclock/in/status -
2025.05.15 14:12:26.972   get /dev12195/system/clocks/referenceclock/in/freq -
2025.05.15 14:12:26.972   get /dev12195/system/clocks/referenceclock/in/sourceactual -
2025.05.15 14:12:26.972   get /dev12195/system/clocks/referenceclock/in/source -
2025.05.15 14:12:26.972   get /dev12195/system/clocks/referenceclock/in/status -
2025.05.15 14:12:28.607 Node log from the data server with id 'zi_server':
2025.05.15 14:12:28.608   set /dev12195/raw/error/clear 1
2025.05.15 14:12:28.608   set /dev12195/sgchannels/0/pipeliner/mode 0
2025.05.15 14:12:28.608   set /dev12195/sgchannels/1/pipeliner/mode 0
2025.05.15 14:12:28.609   set /dev12195/sgchannels/2/pipeliner/mode 0
2025.05.15 14:12:28.609   set /dev12195/sgchannels/3/pipeliner/mode 0
2025.05.15 14:12:28.609   set /dev12195/sgchannels/4/pipeliner/mode 0
2025.05.15 14:12:28.609   set /dev12195/sgchannels/5/pipeliner/mode 0
2025.05.15 14:12:28.609   set /dev12195/sgchannels/0/synchronization/enable 0
2025.05.15 14:12:28.609   set /dev12195/sgchannels/1/synchronization/enable 0
2025.05.15 14:12:28.609   set /dev12195/sgchannels/2/synchronization/enable 0
2025.05.15 14:12:28.610   set /dev12195/sgchannels/3/synchronization/enable 0
2025.05.15 14:12:28.610   set /dev12195/sgchannels/4/synchronization/enable 0
2025.05.15 14:12:28.610   set /dev12195/sgchannels/5/synchronization/enable 0
2025.05.15 14:12:28.610   set /dev12195/sgchannels/0/awg/enable 0
2025.05.15 14:12:28.610   set /dev12195/sgchannels/1/awg/enable 0
2025.05.15 14:12:28.610   set /dev12195/sgchannels/2/awg/enable 0
2025.05.15 14:12:28.610   set /dev12195/sgchannels/3/awg/enable 0
2025.05.15 14:12:28.611   set /dev12195/sgchannels/4/awg/enable 0
2025.05.15 14:12:28.611   set /dev12195/sgchannels/5/awg/enable 0
2025.05.15 14:12:28.612   set /dev12195/system/synchronization/source 0
2025.05.15 14:12:28.612   set /dev12195/system/internaltrigger/synchronization/enable 0
2025.05.15 14:12:28.612   set /dev12195/scopes/0/enable 0
2025.05.15 14:12:28.612   set /dev12195/qachannels/0/pipeliner/mode 0
2025.05.15 14:12:28.612   set /dev12195/qachannels/0/synchronization/enable 0
2025.05.15 14:12:28.612   set /dev12195/qachannels/0/generator/enable 0
2025.05.15 14:12:28.613   set /dev12195/qachannels/0/readout/result/enable 0
2025.05.15 14:12:28.613   set /dev12195/qachannels/0/spectroscopy/psd/enable 0
2025.05.15 14:12:28.613   set /dev12195/qachannels/0/spectroscopy/result/enable 0
2025.05.15 14:12:28.613   set /dev12195/qachannels/0/output/rflfinterlock 1
2025.05.15 14:12:28.613   set /dev12195/qachannels/0/oscs/0/gain 1
2025.05.15 14:12:28.613   set /dev12195/scopes/0/channels/0/enable 0
2025.05.15 14:12:28.613   set /dev12195/scopes/0/channels/1/enable 0
2025.05.15 14:12:28.614   set /dev12195/scopes/0/channels/2/enable 0
2025.05.15 14:12:28.614   set /dev12195/scopes/0/channels/3/enable 0
2025.05.15 14:12:28.617   get /dev12195/sgchannels/0/output/overrangecount -
2025.05.15 14:12:28.617   get /dev12195/sgchannels/1/output/overrangecount -
2025.05.15 14:12:28.618   get /dev12195/sgchannels/2/output/overrangecount -
2025.05.15 14:12:28.618   get /dev12195/sgchannels/3/output/overrangecount -
2025.05.15 14:12:28.618   get /dev12195/sgchannels/4/output/overrangecount -
2025.05.15 14:12:28.618   get /dev12195/sgchannels/5/output/overrangecount -
2025.05.15 14:12:28.618   get /dev12195/qachannels/0/output/overrangecount -
2025.05.15 14:12:28.618   get /dev12195/qachannels/0/input/overrangecount -
2025.05.15 14:12:28.619   set /dev12195/sgchannels/4/output/on 1
2025.05.15 14:12:28.619   set /dev12195/sgchannels/4/awg/single 1
2025.05.15 14:12:28.619   set /dev12195/sgchannels/4/awg/modulation/enable 1
2025.05.15 14:12:28.619   set /dev12195/sgchannels/4/marker/source 0
2025.05.15 14:12:28.619   set /dev12195/sgchannels/4/trigger/delay 0
2025.05.15 14:12:28.619   set /dev12195/sgchannels/4/output/rflfpath 1
2025.05.15 14:12:28.619   set /dev12195/sgchannels/4/output/muting/enable 0
2025.05.15 14:12:28.620   set /dev12195/sgchannels/4/sines/0/oscselect 0
2025.05.15 14:12:28.620   set /dev12195/sgchannels/4/sines/0/harmonic 1
2025.05.15 14:12:28.620   set /dev12195/sgchannels/4/sines/0/phaseshift 0
2025.05.15 14:12:28.620   set /dev12195/qachannels/0/output/on 1
2025.05.15 14:12:28.620   set /dev12195/qachannels/0/generator/single 1
2025.05.15 14:12:28.620   set /dev12195/qachannels/0/output/muting/enable 0
2025.05.15 14:12:28.620   set /dev12195/qachannels/0/input/rflfpath 1
2025.05.15 14:12:28.621   set /dev12195/qachannels/0/input/on 1
2025.05.15 14:12:28.621   set /dev12195/sgchannels/4/oscs/0/freq 4e+07
2025.05.15 14:12:28.621   set /dev12195/qachannels/0/oscs/0/freq 6.67597e+07
2025.05.15 14:12:28.621   set /dev12195/sgchannels/4/awg/auxtriggers/0/slope 1
2025.05.15 14:12:28.621   set /dev12195/sgchannels/4/awg/auxtriggers/0/channel 8
2025.05.15 14:12:28.621   set /dev12195/system/internaltrigger/enable 0
2025.05.15 14:12:28.621   set /dev12195/system/internaltrigger/repetitions 1
2025.05.15 14:12:28.622   set /dev12195/qachannels/0/markers/0/source 32
2025.05.15 14:12:28.622   set /dev12195/qachannels/0/markers/1/source 36
2025.05.15 14:12:28.622   set /dev12195/qachannels/0/generator/auxtriggers/0/channel 8
2025.05.15 14:12:28.622   set /dev12195/sgchannels/4/oscs/0/freq 4e+07
2025.05.15 14:12:28.622   set /dev12195/synthesizers/3/centerfreq 3.6e+09
2025.05.15 14:12:28.622   set /dev12195/sgchannels/4/output/delay 0
2025.05.15 14:12:28.622   set /dev12195/qachannels/0/oscs/0/freq 6.67597e+07
2025.05.15 14:12:28.623   set /dev12195/qachannels/0/centerfreq 6.8e+09
2025.05.15 14:12:28.623   set /dev12195/qachannels/0/spectroscopy/envelope/delay 0
2025.05.15 14:12:28.623   set /dev12195/qachannels/0/spectroscopy/delay 2.2e-07
2025.05.15 14:12:28.623   set /dev12195/qachannels/0/mode 0
2025.05.15 14:12:28.623   set /dev12195/qachannels/0/spectroscopy/trigger/channel 36
2025.05.15 14:12:28.623   set /dev12195/qachannels/0/spectroscopy/length 4000
2025.05.15 14:12:28.624   set /dev12195/qachannels/0/readout/result/enable 0
2025.05.15 14:12:28.624   set /dev12195/qachannels/0/spectroscopy/result/length 1
2025.05.15 14:12:28.624   set /dev12195/qachannels/0/spectroscopy/result/averages 3
2025.05.15 14:12:28.624   set /dev12195/qachannels/0/spectroscopy/result/mode 0
2025.05.15 14:12:28.624   set /dev12195/qachannels/0/spectroscopy/psd/enable 0
2025.05.15 14:12:28.624   set /dev12195/qachannels/0/spectroscopy/result/enable 0
2025.05.15 14:12:28.624   set /dev12195/sgchannels/4/awg/elf/data vector (1528 B)
2025.05.15 14:12:28.625   set /dev12195/sgchannels/4/awg/commandtable/data vector (152 B)
2025.05.15 14:12:28.625   set /dev12195/qachannels/0/spectroscopy/result/enable 1
2025.05.15 14:12:28.625   set /dev12195/scopes/0/enable 0
2025.05.15 14:12:28.625   set /dev12195/qachannels/0/generator/elf/data vector (1920 B)
2025.05.15 14:12:28.625   set /dev12195/qachannels/0/spectroscopy/envelope/wave vector (32000 B)
2025.05.15 14:12:28.625   get /dev12195/qachannels/0/spectroscopy/envelope/wave -
2025.05.15 14:12:28.625   set /dev12195/qachannels/0/spectroscopy/envelope/enable 1
2025.05.15 14:12:28.626   set /dev12195/qachannels/0/readout/multistate/qudits/0/weights/0/wave vector (64000 B)
2025.05.15 14:12:28.626   set /dev12195/qachannels/0/readout/integration/length 4000
2025.05.15 14:12:28.626   set /dev12195/sgchannels/4/awg/enable 1
2025.05.15 14:12:28.626   set /dev12195/qachannels/0/generator/enable 1
2025.05.15 14:12:28.627   set /dev12195/system/internaltrigger/enable 1
2025.05.15 14:12:28.628   set /dev12195/raw/system/awg/runtimechecks/enable 0
2025.05.15 14:12:28.628   set /dev12195/qachannels/0/readout/result/enable 0
2025.05.15 14:12:28.628   get /dev12195/raw/error/json/errors -
2025.05.15 14:12:28.629   get /dev12195/raw/error/json/errors -
2025.05.15 14:12:28.629   set /dev12195/qachannels/0/spectroscopy/envelope/enable 1
2025.05.15 14:12:59.140 Node log from the data server with id 'zi_server':
2025.05.15 14:12:59.140   get /dev12195/raw/system/awg/runtimechecks/enable -
2025.05.15 14:12:59.140   get /dev12195/raw/system/awg/runtimechecks/enable -
2025.05.15 14:12:59.140   get /dev12195/system/clocks/referenceclock/in/freq -
2025.05.15 14:12:59.141   get /dev12195/system/clocks/referenceclock/in/sourceactual -
2025.05.15 14:12:59.141   get /dev12195/system/clocks/referenceclock/in/source -
2025.05.15 14:12:59.141   get /dev12195/system/clocks/referenceclock/in/status -
2025.05.15 14:12:59.141   get /dev12195/system/clocks/referenceclock/in/freq -
2025.05.15 14:12:59.141   get /dev12195/system/clocks/referenceclock/in/sourceactual -
2025.05.15 14:12:59.141   get /dev12195/system/clocks/referenceclock/in/source -
2025.05.15 14:12:59.141   get /dev12195/system/clocks/referenceclock/in/status -
2025.05.15 14:13:00.264 Node log from the data server with id 'zi_server':
2025.05.15 14:13:00.265   set /dev12195/raw/error/clear 1
2025.05.15 14:13:00.265   set /dev12195/sgchannels/0/pipeliner/mode 0
2025.05.15 14:13:00.265   set /dev12195/sgchannels/1/pipeliner/mode 0
2025.05.15 14:13:00.265   set /dev12195/sgchannels/2/pipeliner/mode 0
2025.05.15 14:13:00.265   set /dev12195/sgchannels/3/pipeliner/mode 0
2025.05.15 14:13:00.265   set /dev12195/sgchannels/4/pipeliner/mode 0
2025.05.15 14:13:00.265   set /dev12195/sgchannels/5/pipeliner/mode 0
2025.05.15 14:13:00.266   set /dev12195/sgchannels/0/synchronization/enable 0
2025.05.15 14:13:00.266   set /dev12195/sgchannels/1/synchronization/enable 0
2025.05.15 14:13:00.266   set /dev12195/sgchannels/2/synchronization/enable 0
2025.05.15 14:13:00.266   set /dev12195/sgchannels/3/synchronization/enable 0
2025.05.15 14:13:00.266   set /dev12195/sgchannels/4/synchronization/enable 0
2025.05.15 14:13:00.266   set /dev12195/sgchannels/5/synchronization/enable 0
2025.05.15 14:13:00.267   set /dev12195/sgchannels/0/awg/enable 0
2025.05.15 14:13:00.267   set /dev12195/sgchannels/1/awg/enable 0
2025.05.15 14:13:00.267   set /dev12195/sgchannels/2/awg/enable 0
2025.05.15 14:13:00.267   set /dev12195/sgchannels/3/awg/enable 0
2025.05.15 14:13:00.267   set /dev12195/sgchannels/4/awg/enable 0
2025.05.15 14:13:00.267   set /dev12195/sgchannels/5/awg/enable 0
2025.05.15 14:13:00.268   set /dev12195/system/synchronization/source 0
2025.05.15 14:13:00.268   set /dev12195/system/internaltrigger/synchronization/enable 0
2025.05.15 14:13:00.269   set /dev12195/scopes/0/enable 0
2025.05.15 14:13:00.269   set /dev12195/qachannels/0/pipeliner/mode 0
2025.05.15 14:13:00.269   set /dev12195/qachannels/0/synchronization/enable 0
2025.05.15 14:13:00.269   set /dev12195/qachannels/0/generator/enable 0
2025.05.15 14:13:00.269   set /dev12195/qachannels/0/readout/result/enable 0
2025.05.15 14:13:00.269   set /dev12195/qachannels/0/spectroscopy/psd/enable 0
2025.05.15 14:13:00.269   set /dev12195/qachannels/0/spectroscopy/result/enable 0
2025.05.15 14:13:00.270   set /dev12195/qachannels/0/output/rflfinterlock 1
2025.05.15 14:13:00.270   set /dev12195/qachannels/0/oscs/0/gain 1
2025.05.15 14:13:00.270   set /dev12195/scopes/0/channels/0/enable 0
2025.05.15 14:13:00.270   set /dev12195/scopes/0/channels/1/enable 0
2025.05.15 14:13:00.270   set /dev12195/scopes/0/channels/2/enable 0
2025.05.15 14:13:00.270   set /dev12195/scopes/0/channels/3/enable 0
2025.05.15 14:13:00.274   get /dev12195/sgchannels/0/output/overrangecount -
2025.05.15 14:13:00.274   get /dev12195/sgchannels/1/output/overrangecount -
2025.05.15 14:13:00.274   get /dev12195/sgchannels/2/output/overrangecount -
2025.05.15 14:13:00.274   get /dev12195/sgchannels/3/output/overrangecount -
2025.05.15 14:13:00.275   get /dev12195/sgchannels/4/output/overrangecount -
2025.05.15 14:13:00.275   get /dev12195/sgchannels/5/output/overrangecount -
2025.05.15 14:13:00.275   get /dev12195/qachannels/0/output/overrangecount -
2025.05.15 14:13:00.275   get /dev12195/qachannels/0/input/overrangecount -
2025.05.15 14:13:00.275   set /dev12195/sgchannels/4/output/on 1
2025.05.15 14:13:00.275   set /dev12195/sgchannels/4/awg/single 1
2025.05.15 14:13:00.275   set /dev12195/sgchannels/4/awg/modulation/enable 1
2025.05.15 14:13:00.276   set /dev12195/sgchannels/4/marker/source 0
2025.05.15 14:13:00.276   set /dev12195/sgchannels/4/trigger/delay 0
2025.05.15 14:13:00.276   set /dev12195/sgchannels/4/output/rflfpath 1
2025.05.15 14:13:00.276   set /dev12195/sgchannels/4/output/muting/enable 0
2025.05.15 14:13:00.276   set /dev12195/sgchannels/4/sines/0/oscselect 0
2025.05.15 14:13:00.276   set /dev12195/sgchannels/4/sines/0/harmonic 1
2025.05.15 14:13:00.276   set /dev12195/sgchannels/4/sines/0/phaseshift 0
2025.05.15 14:13:00.277   set /dev12195/qachannels/0/output/on 1
2025.05.15 14:13:00.277   set /dev12195/qachannels/0/generator/single 1
2025.05.15 14:13:00.277   set /dev12195/qachannels/0/output/muting/enable 0
2025.05.15 14:13:00.277   set /dev12195/qachannels/0/input/rflfpath 1
2025.05.15 14:13:00.277   set /dev12195/qachannels/0/input/on 1
2025.05.15 14:13:00.277   set /dev12195/sgchannels/4/oscs/0/freq 4e+07
2025.05.15 14:13:00.277   set /dev12195/qachannels/0/oscs/0/freq 6.67597e+07
2025.05.15 14:13:00.278   set /dev12195/sgchannels/4/awg/auxtriggers/0/slope 1
2025.05.15 14:13:00.278   set /dev12195/sgchannels/4/awg/auxtriggers/0/channel 8
2025.05.15 14:13:00.278   set /dev12195/system/internaltrigger/enable 0
2025.05.15 14:13:00.278   set /dev12195/system/internaltrigger/repetitions 1
2025.05.15 14:13:00.278   set /dev12195/qachannels/0/markers/0/source 32
2025.05.15 14:13:00.278   set /dev12195/qachannels/0/markers/1/source 36
2025.05.15 14:13:00.278   set /dev12195/qachannels/0/generator/auxtriggers/0/channel 8
2025.05.15 14:13:00.279   set /dev12195/sgchannels/4/oscs/0/freq 4e+07
2025.05.15 14:13:00.279   set /dev12195/synthesizers/3/centerfreq 3.6e+09
2025.05.15 14:13:00.279   set /dev12195/sgchannels/4/output/delay 0
2025.05.15 14:13:00.279   set /dev12195/qachannels/0/oscs/0/freq 6.67597e+07
2025.05.15 14:13:00.279   set /dev12195/qachannels/0/centerfreq 6.8e+09
2025.05.15 14:13:00.279   set /dev12195/qachannels/0/spectroscopy/envelope/delay 0
2025.05.15 14:13:00.280   set /dev12195/qachannels/0/spectroscopy/delay 2.2e-07
2025.05.15 14:13:00.280   set /dev12195/qachannels/0/mode 0
2025.05.15 14:13:00.280   set /dev12195/qachannels/0/spectroscopy/trigger/channel 36
2025.05.15 14:13:00.280   set /dev12195/qachannels/0/spectroscopy/length 4000
2025.05.15 14:13:00.280   set /dev12195/qachannels/0/readout/result/enable 0
2025.05.15 14:13:00.280   set /dev12195/qachannels/0/spectroscopy/result/length 1
2025.05.15 14:13:00.280   set /dev12195/qachannels/0/spectroscopy/result/averages 3
2025.05.15 14:13:00.281   set /dev12195/qachannels/0/spectroscopy/result/mode 0
2025.05.15 14:13:00.281   set /dev12195/qachannels/0/spectroscopy/psd/enable 0
2025.05.15 14:13:00.281   set /dev12195/qachannels/0/spectroscopy/result/enable 0
2025.05.15 14:13:00.281   set /dev12195/sgchannels/4/awg/elf/data vector (1528 B)
2025.05.15 14:13:00.281   set /dev12195/sgchannels/4/awg/commandtable/data vector (152 B)
2025.05.15 14:13:00.282   set /dev12195/qachannels/0/spectroscopy/result/enable 1
2025.05.15 14:13:00.282   set /dev12195/scopes/0/enable 0
2025.05.15 14:13:00.282   set /dev12195/qachannels/0/generator/elf/data vector (1920 B)
2025.05.15 14:13:00.282   set /dev12195/qachannels/0/spectroscopy/envelope/wave vector (32000 B)
2025.05.15 14:13:00.282   get /dev12195/qachannels/0/spectroscopy/envelope/wave -
2025.05.15 14:13:00.283   set /dev12195/qachannels/0/spectroscopy/envelope/enable 1
2025.05.15 14:13:00.283   set /dev12195/qachannels/0/readout/multistate/qudits/0/weights/0/wave vector (64000 B)
2025.05.15 14:13:00.283   set /dev12195/qachannels/0/readout/integration/length 4000
2025.05.15 14:13:00.283   set /dev12195/sgchannels/4/awg/enable 1
2025.05.15 14:13:00.283   set /dev12195/qachannels/0/generator/enable 1
2025.05.15 14:13:00.284   set /dev12195/system/internaltrigger/enable 1
2025.05.15 14:13:00.285   set /dev12195/raw/system/awg/runtimechecks/enable 0
2025.05.15 14:13:00.285   set /dev12195/qachannels/0/readout/result/enable 0
2025.05.15 14:13:00.285   get /dev12195/raw/error/json/errors -
2025.05.15 14:13:00.286   get /dev12195/raw/error/json/errors -
2025.05.15 14:13:00.286   set /dev12195/qachannels/0/spectroscopy/envelope/enable 1
2025.05.15 14:13:23.479 Node log from the data server with id 'zi_server':
2025.05.15 14:13:23.480   get /dev12195/raw/system/awg/runtimechecks/enable -
2025.05.15 14:13:23.480   get /dev12195/raw/system/awg/runtimechecks/enable -
2025.05.15 14:13:23.480   get /dev12195/system/clocks/referenceclock/in/freq -
2025.05.15 14:13:23.480   get /dev12195/system/clocks/referenceclock/in/sourceactual -
2025.05.15 14:13:23.480   get /dev12195/system/clocks/referenceclock/in/source -
2025.05.15 14:13:23.481   get /dev12195/system/clocks/referenceclock/in/status -
2025.05.15 14:13:23.481   get /dev12195/system/clocks/referenceclock/in/freq -
2025.05.15 14:13:23.481   get /dev12195/system/clocks/referenceclock/in/sourceactual -
2025.05.15 14:13:23.481   get /dev12195/system/clocks/referenceclock/in/source -
2025.05.15 14:13:23.481   get /dev12195/system/clocks/referenceclock/in/status -
2025.05.15 14:13:24.856 Node log from the data server with id 'zi_server':
2025.05.15 14:13:24.857   set /dev12195/raw/error/clear 1
2025.05.15 14:13:24.857   set /dev12195/sgchannels/0/pipeliner/mode 0
2025.05.15 14:13:24.857   set /dev12195/sgchannels/1/pipeliner/mode 0
2025.05.15 14:13:24.857   set /dev12195/sgchannels/2/pipeliner/mode 0
2025.05.15 14:13:24.858   set /dev12195/sgchannels/3/pipeliner/mode 0
2025.05.15 14:13:24.858   set /dev12195/sgchannels/4/pipeliner/mode 0
2025.05.15 14:13:24.858   set /dev12195/sgchannels/5/pipeliner/mode 0
2025.05.15 14:13:24.858   set /dev12195/sgchannels/0/synchronization/enable 0
2025.05.15 14:13:24.858   set /dev12195/sgchannels/1/synchronization/enable 0
2025.05.15 14:13:24.858   set /dev12195/sgchannels/2/synchronization/enable 0
2025.05.15 14:13:24.858   set /dev12195/sgchannels/3/synchronization/enable 0
2025.05.15 14:13:24.859   set /dev12195/sgchannels/4/synchronization/enable 0
2025.05.15 14:13:24.859   set /dev12195/sgchannels/5/synchronization/enable 0
2025.05.15 14:13:24.859   set /dev12195/sgchannels/0/awg/enable 0
2025.05.15 14:13:24.859   set /dev12195/sgchannels/1/awg/enable 0
2025.05.15 14:13:24.859   set /dev12195/sgchannels/2/awg/enable 0
2025.05.15 14:13:24.859   set /dev12195/sgchannels/3/awg/enable 0
2025.05.15 14:13:24.859   set /dev12195/sgchannels/4/awg/enable 0
2025.05.15 14:13:24.860   set /dev12195/sgchannels/5/awg/enable 0
2025.05.15 14:13:24.861   set /dev12195/system/synchronization/source 0
2025.05.15 14:13:24.861   set /dev12195/system/internaltrigger/synchronization/enable 0
2025.05.15 14:13:24.861   set /dev12195/scopes/0/enable 0
2025.05.15 14:13:24.861   set /dev12195/qachannels/0/pipeliner/mode 0
2025.05.15 14:13:24.861   set /dev12195/qachannels/0/synchronization/enable 0
2025.05.15 14:13:24.861   set /dev12195/qachannels/0/generator/enable 0
2025.05.15 14:13:24.861   set /dev12195/qachannels/0/readout/result/enable 0
2025.05.15 14:13:24.862   set /dev12195/qachannels/0/spectroscopy/psd/enable 0
2025.05.15 14:13:24.862   set /dev12195/qachannels/0/spectroscopy/result/enable 0
2025.05.15 14:13:24.862   set /dev12195/qachannels/0/output/rflfinterlock 1
2025.05.15 14:13:24.862   set /dev12195/qachannels/0/oscs/0/gain 1
2025.05.15 14:13:24.862   set /dev12195/scopes/0/channels/0/enable 0
2025.05.15 14:13:24.862   set /dev12195/scopes/0/channels/1/enable 0
2025.05.15 14:13:24.862   set /dev12195/scopes/0/channels/2/enable 0
2025.05.15 14:13:24.863   set /dev12195/scopes/0/channels/3/enable 0
2025.05.15 14:13:24.863   get /dev12195/raw/error/json/errors -
2025.05.15 14:13:24.863   get /dev12195/raw/error/json/errors -
2025.05.15 14:13:24.863   set /dev12195/qachannels/0/spectroscopy/envelope/enable 1
2025.05.15 14:13:57.949 Node log from the data server with id 'zi_server':
2025.05.15 14:13:57.950   get /dev12195/raw/system/awg/runtimechecks/enable -
2025.05.15 14:13:57.950   get /dev12195/raw/system/awg/runtimechecks/enable -
2025.05.15 14:13:57.950   get /dev12195/system/clocks/referenceclock/in/freq -
2025.05.15 14:13:57.950   get /dev12195/system/clocks/referenceclock/in/sourceactual -
2025.05.15 14:13:57.950   get /dev12195/system/clocks/referenceclock/in/source -
2025.05.15 14:13:57.951   get /dev12195/system/clocks/referenceclock/in/status -
2025.05.15 14:13:57.951   get /dev12195/system/clocks/referenceclock/in/freq -
2025.05.15 14:13:57.951   get /dev12195/system/clocks/referenceclock/in/sourceactual -
2025.05.15 14:13:57.951   get /dev12195/system/clocks/referenceclock/in/source -
2025.05.15 14:13:57.951   get /dev12195/system/clocks/referenceclock/in/status -
2025.05.15 14:13:59.333 Node log from the data server with id 'zi_server':
2025.05.15 14:13:59.334   set /dev12195/raw/error/clear 1
2025.05.15 14:13:59.334   set /dev12195/sgchannels/0/pipeliner/mode 0
2025.05.15 14:13:59.335   set /dev12195/sgchannels/1/pipeliner/mode 0
2025.05.15 14:13:59.335   set /dev12195/sgchannels/2/pipeliner/mode 0
2025.05.15 14:13:59.335   set /dev12195/sgchannels/3/pipeliner/mode 0
2025.05.15 14:13:59.335   set /dev12195/sgchannels/4/pipeliner/mode 0
2025.05.15 14:13:59.335   set /dev12195/sgchannels/5/pipeliner/mode 0
2025.05.15 14:13:59.335   set /dev12195/sgchannels/0/synchronization/enable 0
2025.05.15 14:13:59.335   set /dev12195/sgchannels/1/synchronization/enable 0
2025.05.15 14:13:59.336   set /dev12195/sgchannels/2/synchronization/enable 0
2025.05.15 14:13:59.336   set /dev12195/sgchannels/3/synchronization/enable 0
2025.05.15 14:13:59.336   set /dev12195/sgchannels/4/synchronization/enable 0
2025.05.15 14:13:59.336   set /dev12195/sgchannels/5/synchronization/enable 0
2025.05.15 14:13:59.336   set /dev12195/sgchannels/0/awg/enable 0
2025.05.15 14:13:59.336   set /dev12195/sgchannels/1/awg/enable 0
2025.05.15 14:13:59.337   set /dev12195/sgchannels/2/awg/enable 0
2025.05.15 14:13:59.337   set /dev12195/sgchannels/3/awg/enable 0
2025.05.15 14:13:59.337   set /dev12195/sgchannels/4/awg/enable 0
2025.05.15 14:13:59.337   set /dev12195/sgchannels/5/awg/enable 0
2025.05.15 14:13:59.338   set /dev12195/system/synchronization/source 0
2025.05.15 14:13:59.338   set /dev12195/system/internaltrigger/synchronization/enable 0
2025.05.15 14:13:59.338   set /dev12195/scopes/0/enable 0
2025.05.15 14:13:59.338   set /dev12195/qachannels/0/pipeliner/mode 0
2025.05.15 14:13:59.339   set /dev12195/qachannels/0/synchronization/enable 0
2025.05.15 14:13:59.339   set /dev12195/qachannels/0/generator/enable 0
2025.05.15 14:13:59.339   set /dev12195/qachannels/0/readout/result/enable 0
2025.05.15 14:13:59.339   set /dev12195/qachannels/0/spectroscopy/psd/enable 0
2025.05.15 14:13:59.339   set /dev12195/qachannels/0/spectroscopy/result/enable 0
2025.05.15 14:13:59.339   set /dev12195/qachannels/0/output/rflfinterlock 1
2025.05.15 14:13:59.339   set /dev12195/qachannels/0/oscs/0/gain 1
2025.05.15 14:13:59.340   set /dev12195/scopes/0/channels/0/enable 0
2025.05.15 14:13:59.340   set /dev12195/scopes/0/channels/1/enable 0
2025.05.15 14:13:59.340   set /dev12195/scopes/0/channels/2/enable 0
2025.05.15 14:13:59.340   set /dev12195/scopes/0/channels/3/enable 0
2025.05.15 14:13:59.343   get /dev12195/sgchannels/0/output/overrangecount -
2025.05.15 14:13:59.344   get /dev12195/sgchannels/1/output/overrangecount -
2025.05.15 14:13:59.344   get /dev12195/sgchannels/2/output/overrangecount -
2025.05.15 14:13:59.344   get /dev12195/sgchannels/3/output/overrangecount -
2025.05.15 14:13:59.344   get /dev12195/sgchannels/4/output/overrangecount -
2025.05.15 14:13:59.344   get /dev12195/sgchannels/5/output/overrangecount -
2025.05.15 14:13:59.344   get /dev12195/qachannels/0/output/overrangecount -
2025.05.15 14:13:59.344   get /dev12195/qachannels/0/input/overrangecount -
2025.05.15 14:13:59.345   set /dev12195/sgchannels/4/output/on 1
2025.05.15 14:13:59.345   set /dev12195/sgchannels/4/awg/single 1
2025.05.15 14:13:59.345   set /dev12195/sgchannels/4/awg/modulation/enable 1
2025.05.15 14:13:59.345   set /dev12195/sgchannels/4/marker/source 0
2025.05.15 14:13:59.345   set /dev12195/sgchannels/4/trigger/delay 0
2025.05.15 14:13:59.345   set /dev12195/sgchannels/4/output/rflfpath 1
2025.05.15 14:13:59.345   set /dev12195/sgchannels/4/output/muting/enable 0
2025.05.15 14:13:59.346   set /dev12195/sgchannels/4/sines/0/oscselect 0
2025.05.15 14:13:59.346   set /dev12195/sgchannels/4/sines/0/harmonic 1
2025.05.15 14:13:59.346   set /dev12195/sgchannels/4/sines/0/phaseshift 0
2025.05.15 14:13:59.346   set /dev12195/qachannels/0/output/on 1
2025.05.15 14:13:59.346   set /dev12195/qachannels/0/generator/single 1
2025.05.15 14:13:59.346   set /dev12195/qachannels/0/output/muting/enable 0
2025.05.15 14:13:59.346   set /dev12195/qachannels/0/input/rflfpath 1
2025.05.15 14:13:59.346   set /dev12195/qachannels/0/input/on 1
2025.05.15 14:13:59.347   set /dev12195/sgchannels/4/oscs/0/freq 4e+07
2025.05.15 14:13:59.347   set /dev12195/sgchannels/4/awg/auxtriggers/0/slope 1
2025.05.15 14:13:59.347   set /dev12195/sgchannels/4/awg/auxtriggers/0/channel 8
2025.05.15 14:13:59.347   set /dev12195/system/internaltrigger/enable 0
2025.05.15 14:13:59.347   set /dev12195/system/internaltrigger/repetitions 1
2025.05.15 14:13:59.347   set /dev12195/qachannels/0/markers/0/source 32
2025.05.15 14:13:59.347   set /dev12195/qachannels/0/markers/1/source 36
2025.05.15 14:13:59.348   set /dev12195/qachannels/0/generator/auxtriggers/0/channel 8
2025.05.15 14:13:59.348   set /dev12195/sgchannels/4/oscs/0/freq 4e+07
2025.05.15 14:13:59.348   set /dev12195/synthesizers/3/centerfreq 3.6e+09
2025.05.15 14:13:59.348   set /dev12195/sgchannels/4/output/delay 0
2025.05.15 14:13:59.348   set /dev12195/qachannels/0/centerfreq 6.8e+09
2025.05.15 14:13:59.348   set /dev12195/qachannels/0/generator/delay 0
2025.05.15 14:13:59.348   set /dev12195/qachannels/0/readout/integration/delay 2.12e-07
2025.05.15 14:13:59.349   set /dev12195/qachannels/0/mode 1
2025.05.15 14:13:59.349   set /dev12195/qachannels/0/readout/multistate/qudits/0/enable 0
2025.05.15 14:13:59.349   set /dev12195/qachannels/0/readout/multistate/qudits/1/enable 0
2025.05.15 14:13:59.349   set /dev12195/qachannels/0/readout/multistate/qudits/2/enable 0
2025.05.15 14:13:59.349   set /dev12195/qachannels/0/readout/multistate/qudits/3/enable 0
2025.05.15 14:13:59.350   set /dev12195/qachannels/0/readout/multistate/qudits/4/enable 0
2025.05.15 14:13:59.350   set /dev12195/qachannels/0/readout/multistate/qudits/5/enable 0
2025.05.15 14:13:59.350   set /dev12195/qachannels/0/readout/multistate/qudits/6/enable 0
2025.05.15 14:13:59.350   set /dev12195/qachannels/0/readout/multistate/qudits/7/enable 0
2025.05.15 14:13:59.350   set /dev12195/qachannels/0/readout/multistate/enable 1
2025.05.15 14:13:59.350   set /dev12195/qachannels/0/readout/multistate/zsync/packed 1
2025.05.15 14:13:59.350   set /dev12195/qachannels/0/readout/multistate/qudits/0/numstates 2
2025.05.15 14:13:59.351   set /dev12195/qachannels/0/readout/multistate/qudits/0/enable 1
2025.05.15 14:13:59.351   set /dev12195/qachannels/0/readout/multistate/qudits/0/assignmentvec vector (8 B)
2025.05.15 14:13:59.351   set /dev12195/qachannels/0/readout/result/enable 0
2025.05.15 14:13:59.351   set /dev12195/qachannels/0/readout/result/source 1
2025.05.15 14:13:59.351   set /dev12195/qachannels/0/readout/result/length 1
2025.05.15 14:13:59.351   set /dev12195/qachannels/0/readout/result/averages 3
2025.05.15 14:13:59.351   set /dev12195/qachannels/0/readout/result/mode 0
2025.05.15 14:13:59.351   set /dev12195/qachannels/0/readout/multistate/qudits/0/thresholds/0/value 0
2025.05.15 14:13:59.351   set /dev12195/sgchannels/4/awg/elf/data vector (1528 B)
2025.05.15 14:13:59.351   set /dev12195/sgchannels/4/awg/commandtable/data vector (152 B)
2025.05.15 14:13:59.353   set /dev12195/qachannels/0/readout/result/enable 1
2025.05.15 14:13:59.353   set /dev12195/qachannels/0/spectroscopy/result/enable 0
2025.05.15 14:13:59.353   set /dev12195/scopes/0/enable 0
2025.05.15 14:13:59.353   set /dev12195/qachannels/0/generator/elf/data vector (1828 B)
2025.05.15 14:13:59.353   set /dev12195/qachannels/0/generator/clearwave 1
2025.05.15 14:13:59.353   set /dev12195/qachannels/0/generator/waveforms/0/wave vector (32000 B)
2025.05.15 14:13:59.353   get /dev12195/qachannels/0/generator/waveforms/0/wave -
2025.05.15 14:13:59.354   set /dev12195/qachannels/0/spectroscopy/envelope/enable 0
2025.05.15 14:13:59.354   set /dev12195/qachannels/0/readout/multistate/qudits/0/weights/0/wave vector (64000 B)
2025.05.15 14:13:59.354   set /dev12195/qachannels/0/readout/integration/length 4000
2025.05.15 14:13:59.354   set /dev12195/sgchannels/4/awg/enable 1
2025.05.15 14:13:59.354   set /dev12195/qachannels/0/generator/enable 1
2025.05.15 14:13:59.355   set /dev12195/system/internaltrigger/enable 1
2025.05.15 14:13:59.356   set /dev12195/raw/system/awg/runtimechecks/enable 0
2025.05.15 14:13:59.356   set /dev12195/qachannels/0/readout/result/enable 0
2025.05.15 14:13:59.356   get /dev12195/raw/error/json/errors -
2025.05.15 14:13:59.357   get /dev12195/raw/error/json/errors -
2025.05.15 14:13:59.357   set /dev12195/qachannels/0/spectroscopy/envelope/enable 1
2025.05.15 14:14:01.916 Node log from the data server with id 'zi_server':
2025.05.15 14:14:01.917   set /dev12195/raw/error/clear 1
2025.05.15 14:14:01.917   set /dev12195/sgchannels/0/pipeliner/mode 0
2025.05.15 14:14:01.917   set /dev12195/sgchannels/1/pipeliner/mode 0
2025.05.15 14:14:01.917   set /dev12195/sgchannels/2/pipeliner/mode 0
2025.05.15 14:14:01.918   set /dev12195/sgchannels/3/pipeliner/mode 0
2025.05.15 14:14:01.918   set /dev12195/sgchannels/4/pipeliner/mode 0
2025.05.15 14:14:01.918   set /dev12195/sgchannels/5/pipeliner/mode 0
2025.05.15 14:14:01.918   set /dev12195/sgchannels/0/synchronization/enable 0
2025.05.15 14:14:01.918   set /dev12195/sgchannels/1/synchronization/enable 0
2025.05.15 14:14:01.918   set /dev12195/sgchannels/2/synchronization/enable 0
2025.05.15 14:14:01.918   set /dev12195/sgchannels/3/synchronization/enable 0
2025.05.15 14:14:01.919   set /dev12195/sgchannels/4/synchronization/enable 0
2025.05.15 14:14:01.919   set /dev12195/sgchannels/5/synchronization/enable 0
2025.05.15 14:14:01.919   set /dev12195/sgchannels/0/awg/enable 0
2025.05.15 14:14:01.919   set /dev12195/sgchannels/1/awg/enable 0
2025.05.15 14:14:01.919   set /dev12195/sgchannels/2/awg/enable 0
2025.05.15 14:14:01.920   set /dev12195/sgchannels/3/awg/enable 0
2025.05.15 14:14:01.920   set /dev12195/sgchannels/4/awg/enable 0
2025.05.15 14:14:01.920   set /dev12195/sgchannels/5/awg/enable 0
2025.05.15 14:14:01.920   set /dev12195/system/synchronization/source 0
2025.05.15 14:14:01.920   set /dev12195/system/internaltrigger/synchronization/enable 0
2025.05.15 14:14:01.920   set /dev12195/scopes/0/enable 0
2025.05.15 14:14:01.920   set /dev12195/qachannels/0/pipeliner/mode 0
2025.05.15 14:14:01.920   set /dev12195/qachannels/0/synchronization/enable 0
2025.05.15 14:14:01.920   set /dev12195/qachannels/0/generator/enable 0
2025.05.15 14:14:01.923   set /dev12195/qachannels/0/readout/result/enable 0
2025.05.15 14:14:01.923   set /dev12195/qachannels/0/spectroscopy/psd/enable 0
2025.05.15 14:14:01.923   set /dev12195/qachannels/0/spectroscopy/result/enable 0
2025.05.15 14:14:01.923   set /dev12195/qachannels/0/output/rflfinterlock 1
2025.05.15 14:14:01.923   set /dev12195/qachannels/0/oscs/0/gain 1
2025.05.15 14:14:01.923   set /dev12195/scopes/0/channels/0/enable 0
2025.05.15 14:14:01.923   set /dev12195/scopes/0/channels/1/enable 0
2025.05.15 14:14:01.923   set /dev12195/scopes/0/channels/2/enable 0
2025.05.15 14:14:01.923   set /dev12195/scopes/0/channels/3/enable 0
2025.05.15 14:14:01.927   get /dev12195/sgchannels/0/output/overrangecount -
2025.05.15 14:14:01.927   get /dev12195/sgchannels/1/output/overrangecount -
2025.05.15 14:14:01.927   get /dev12195/sgchannels/2/output/overrangecount -
2025.05.15 14:14:01.929   get /dev12195/sgchannels/3/output/overrangecount -
2025.05.15 14:14:01.929   get /dev12195/sgchannels/4/output/overrangecount -
2025.05.15 14:14:01.929   get /dev12195/sgchannels/5/output/overrangecount -
2025.05.15 14:14:01.929   get /dev12195/qachannels/0/output/overrangecount -
2025.05.15 14:14:01.929   get /dev12195/qachannels/0/input/overrangecount -
2025.05.15 14:14:01.929   set /dev12195/sgchannels/4/output/on 1
2025.05.15 14:14:01.929   set /dev12195/sgchannels/4/awg/single 1
2025.05.15 14:14:01.929   set /dev12195/sgchannels/4/awg/modulation/enable 1
2025.05.15 14:14:01.929   set /dev12195/sgchannels/4/marker/source 0
2025.05.15 14:14:01.929   set /dev12195/sgchannels/4/trigger/delay 0
2025.05.15 14:14:01.929   set /dev12195/sgchannels/4/output/rflfpath 1
2025.05.15 14:14:01.929   set /dev12195/sgchannels/4/output/muting/enable 0
2025.05.15 14:14:01.929   set /dev12195/sgchannels/4/sines/0/oscselect 0
2025.05.15 14:14:01.929   set /dev12195/sgchannels/4/sines/0/harmonic 1
2025.05.15 14:14:01.929   set /dev12195/sgchannels/4/sines/0/phaseshift 0
2025.05.15 14:14:01.931   set /dev12195/qachannels/0/output/on 1
2025.05.15 14:14:01.931   set /dev12195/qachannels/0/generator/single 1
2025.05.15 14:14:01.931   set /dev12195/qachannels/0/output/muting/enable 0
2025.05.15 14:14:01.931   set /dev12195/qachannels/0/input/rflfpath 1
2025.05.15 14:14:01.931   set /dev12195/qachannels/0/input/on 1
2025.05.15 14:14:01.931   set /dev12195/sgchannels/4/oscs/0/freq 4e+07
2025.05.15 14:14:01.931   set /dev12195/sgchannels/4/awg/auxtriggers/0/slope 1
2025.05.15 14:14:01.931   set /dev12195/sgchannels/4/awg/auxtriggers/0/channel 8
2025.05.15 14:14:01.931   set /dev12195/system/internaltrigger/enable 0
2025.05.15 14:14:01.931   set /dev12195/system/internaltrigger/repetitions 1
2025.05.15 14:14:01.931   set /dev12195/qachannels/0/markers/0/source 32
2025.05.15 14:14:01.931   set /dev12195/qachannels/0/markers/1/source 36
2025.05.15 14:14:01.931   set /dev12195/qachannels/0/generator/auxtriggers/0/channel 8
2025.05.15 14:14:01.931   set /dev12195/sgchannels/4/oscs/0/freq 4e+07
2025.05.15 14:14:01.933   set /dev12195/synthesizers/3/centerfreq 3.6e+09
2025.05.15 14:14:01.933   set /dev12195/sgchannels/4/output/delay 0
2025.05.15 14:14:01.933   set /dev12195/qachannels/0/centerfreq 6.8e+09
2025.05.15 14:14:01.933   set /dev12195/qachannels/0/generator/delay 0
2025.05.15 14:14:01.933   set /dev12195/qachannels/0/readout/integration/delay 2.12e-07
2025.05.15 14:14:01.933   set /dev12195/qachannels/0/mode 1
2025.05.15 14:14:01.933   set /dev12195/qachannels/0/readout/multistate/qudits/0/enable 0
2025.05.15 14:14:01.933   set /dev12195/qachannels/0/readout/multistate/qudits/1/enable 0
2025.05.15 14:14:01.933   set /dev12195/qachannels/0/readout/multistate/qudits/2/enable 0
2025.05.15 14:14:01.933   set /dev12195/qachannels/0/readout/multistate/qudits/3/enable 0
2025.05.15 14:14:01.933   set /dev12195/qachannels/0/readout/multistate/qudits/4/enable 0
2025.05.15 14:14:01.933   set /dev12195/qachannels/0/readout/multistate/qudits/5/enable 0
2025.05.15 14:14:01.933   set /dev12195/qachannels/0/readout/multistate/qudits/6/enable 0
2025.05.15 14:14:01.935   set /dev12195/qachannels/0/readout/multistate/qudits/7/enable 0
2025.05.15 14:14:01.935   set /dev12195/qachannels/0/readout/multistate/enable 1
2025.05.15 14:14:01.935   set /dev12195/qachannels/0/readout/multistate/zsync/packed 1
2025.05.15 14:14:01.935   set /dev12195/qachannels/0/readout/multistate/qudits/0/numstates 2
2025.05.15 14:14:01.935   set /dev12195/qachannels/0/readout/multistate/qudits/0/enable 1
2025.05.15 14:14:01.935   set /dev12195/qachannels/0/readout/multistate/qudits/0/assignmentvec vector (8 B)
2025.05.15 14:14:01.935   set /dev12195/qachannels/0/readout/result/enable 0
2025.05.15 14:14:01.936   set /dev12195/qachannels/0/readout/result/source 1
2025.05.15 14:14:01.936   set /dev12195/qachannels/0/readout/result/length 1
2025.05.15 14:14:01.936   set /dev12195/qachannels/0/readout/result/averages 3
2025.05.15 14:14:01.936   set /dev12195/qachannels/0/readout/result/mode 0
2025.05.15 14:14:01.936   set /dev12195/qachannels/0/readout/multistate/qudits/0/thresholds/0/value 0
2025.05.15 14:14:01.936   set /dev12195/sgchannels/4/awg/elf/data vector (1528 B)
2025.05.15 14:14:01.936   set /dev12195/sgchannels/4/awg/commandtable/data vector (152 B)
2025.05.15 14:14:01.936   set /dev12195/qachannels/0/readout/result/enable 1
2025.05.15 14:14:01.938   set /dev12195/qachannels/0/spectroscopy/result/enable 0
2025.05.15 14:14:01.938   set /dev12195/scopes/0/enable 0
2025.05.15 14:14:01.938   set /dev12195/qachannels/0/generator/elf/data vector (1828 B)
2025.05.15 14:14:01.938   set /dev12195/qachannels/0/generator/clearwave 1
2025.05.15 14:14:01.938   set /dev12195/qachannels/0/generator/waveforms/0/wave vector (32000 B)
2025.05.15 14:14:01.938   get /dev12195/qachannels/0/generator/waveforms/0/wave -
2025.05.15 14:14:01.938   set /dev12195/qachannels/0/spectroscopy/envelope/enable 0
2025.05.15 14:14:01.938   set /dev12195/qachannels/0/readout/multistate/qudits/0/weights/0/wave vector (64000 B)
2025.05.15 14:14:01.940   set /dev12195/qachannels/0/readout/integration/length 4000
2025.05.15 14:14:01.940   set /dev12195/sgchannels/4/awg/enable 1
2025.05.15 14:14:01.940   set /dev12195/qachannels/0/generator/enable 1
2025.05.15 14:14:01.942   set /dev12195/system/internaltrigger/enable 1
2025.05.15 14:14:01.942   set /dev12195/raw/system/awg/runtimechecks/enable 0
2025.05.15 14:14:01.942   set /dev12195/qachannels/0/readout/result/enable 0
2025.05.15 14:14:01.944   get /dev12195/raw/error/json/errors -
2025.05.15 14:14:01.944   get /dev12195/raw/error/json/errors -
2025.05.15 14:14:01.944   set /dev12195/qachannels/0/spectroscopy/envelope/enable 1
2025.05.15 14:14:12.088 Node log from the data server with id 'zi_server':
2025.05.15 14:14:12.089   get /dev12195/raw/system/awg/runtimechecks/enable -
2025.05.15 14:14:12.089   get /dev12195/raw/system/awg/runtimechecks/enable -
2025.05.15 14:14:12.089   get /dev12195/system/clocks/referenceclock/in/freq -
2025.05.15 14:14:12.089   get /dev12195/system/clocks/referenceclock/in/sourceactual -
2025.05.15 14:14:12.089   get /dev12195/system/clocks/referenceclock/in/source -
2025.05.15 14:14:12.090   get /dev12195/system/clocks/referenceclock/in/status -
2025.05.15 14:14:12.090   get /dev12195/system/clocks/referenceclock/in/freq -
2025.05.15 14:14:12.090   get /dev12195/system/clocks/referenceclock/in/sourceactual -
2025.05.15 14:14:12.090   get /dev12195/system/clocks/referenceclock/in/source -
2025.05.15 14:14:12.090   get /dev12195/system/clocks/referenceclock/in/status -
2025.05.15 14:14:13.122 Node log from the data server with id 'zi_server':
2025.05.15 14:14:13.123   set /dev12195/raw/error/clear 1
2025.05.15 14:14:13.123   set /dev12195/sgchannels/0/pipeliner/mode 0
2025.05.15 14:14:13.123   set /dev12195/sgchannels/1/pipeliner/mode 0
2025.05.15 14:14:13.124   set /dev12195/sgchannels/2/pipeliner/mode 0
2025.05.15 14:14:13.124   set /dev12195/sgchannels/3/pipeliner/mode 0
2025.05.15 14:14:13.124   set /dev12195/sgchannels/4/pipeliner/mode 0
2025.05.15 14:14:13.124   set /dev12195/sgchannels/5/pipeliner/mode 0
2025.05.15 14:14:13.124   set /dev12195/sgchannels/0/synchronization/enable 0
2025.05.15 14:14:13.124   set /dev12195/sgchannels/1/synchronization/enable 0
2025.05.15 14:14:13.125   set /dev12195/sgchannels/2/synchronization/enable 0
2025.05.15 14:14:13.125   set /dev12195/sgchannels/3/synchronization/enable 0
2025.05.15 14:14:13.125   set /dev12195/sgchannels/4/synchronization/enable 0
2025.05.15 14:14:13.125   set /dev12195/sgchannels/5/synchronization/enable 0
2025.05.15 14:14:13.125   set /dev12195/sgchannels/0/awg/enable 0
2025.05.15 14:14:13.125   set /dev12195/sgchannels/1/awg/enable 0
2025.05.15 14:14:13.125   set /dev12195/sgchannels/2/awg/enable 0
2025.05.15 14:14:13.126   set /dev12195/sgchannels/3/awg/enable 0
2025.05.15 14:14:13.126   set /dev12195/sgchannels/4/awg/enable 0
2025.05.15 14:14:13.126   set /dev12195/sgchannels/5/awg/enable 0
2025.05.15 14:14:13.127   set /dev12195/system/synchronization/source 0
2025.05.15 14:14:13.127   set /dev12195/system/internaltrigger/synchronization/enable 0
2025.05.15 14:14:13.127   set /dev12195/scopes/0/enable 0
2025.05.15 14:14:13.127   set /dev12195/qachannels/0/pipeliner/mode 0
2025.05.15 14:14:13.127   set /dev12195/qachannels/0/synchronization/enable 0
2025.05.15 14:14:13.128   set /dev12195/qachannels/0/generator/enable 0
2025.05.15 14:14:13.128   set /dev12195/qachannels/0/readout/result/enable 0
2025.05.15 14:14:13.128   set /dev12195/qachannels/0/spectroscopy/psd/enable 0
2025.05.15 14:14:13.128   set /dev12195/qachannels/0/spectroscopy/result/enable 0
2025.05.15 14:14:13.128   set /dev12195/qachannels/0/output/rflfinterlock 1
2025.05.15 14:14:13.128   set /dev12195/qachannels/0/oscs/0/gain 1
2025.05.15 14:14:13.128   set /dev12195/scopes/0/channels/0/enable 0
2025.05.15 14:14:13.129   set /dev12195/scopes/0/channels/1/enable 0
2025.05.15 14:14:13.129   set /dev12195/scopes/0/channels/2/enable 0
2025.05.15 14:14:13.129   set /dev12195/scopes/0/channels/3/enable 0
2025.05.15 14:14:13.133   get /dev12195/sgchannels/0/output/overrangecount -
2025.05.15 14:14:13.133   get /dev12195/sgchannels/1/output/overrangecount -
2025.05.15 14:14:13.133   get /dev12195/sgchannels/2/output/overrangecount -
2025.05.15 14:14:13.133   get /dev12195/sgchannels/3/output/overrangecount -
2025.05.15 14:14:13.133   get /dev12195/sgchannels/4/output/overrangecount -
2025.05.15 14:14:13.133   get /dev12195/sgchannels/5/output/overrangecount -
2025.05.15 14:14:13.134   get /dev12195/qachannels/0/output/overrangecount -
2025.05.15 14:14:13.134   get /dev12195/qachannels/0/input/overrangecount -
2025.05.15 14:14:13.134   set /dev12195/sgchannels/4/output/on 1
2025.05.15 14:14:13.134   set /dev12195/sgchannels/4/awg/single 1
2025.05.15 14:14:13.134   set /dev12195/sgchannels/4/awg/modulation/enable 1
2025.05.15 14:14:13.134   set /dev12195/sgchannels/4/marker/source 0
2025.05.15 14:14:13.134   set /dev12195/sgchannels/4/trigger/delay 0
2025.05.15 14:14:13.134   set /dev12195/sgchannels/4/output/rflfpath 1
2025.05.15 14:14:13.135   set /dev12195/sgchannels/4/output/muting/enable 0
2025.05.15 14:14:13.135   set /dev12195/sgchannels/4/sines/0/oscselect 0
2025.05.15 14:14:13.135   set /dev12195/sgchannels/4/sines/0/harmonic 1
2025.05.15 14:14:13.135   set /dev12195/sgchannels/4/sines/0/phaseshift 0
2025.05.15 14:14:13.135   set /dev12195/qachannels/0/output/on 1
2025.05.15 14:14:13.135   set /dev12195/qachannels/0/generator/single 1
2025.05.15 14:14:13.135   set /dev12195/qachannels/0/output/muting/enable 0
2025.05.15 14:14:13.136   set /dev12195/qachannels/0/input/rflfpath 1
2025.05.15 14:14:13.136   set /dev12195/qachannels/0/input/on 1
2025.05.15 14:14:13.136   set /dev12195/sgchannels/4/oscs/0/freq 4e+07
2025.05.15 14:14:13.136   set /dev12195/sgchannels/4/awg/auxtriggers/0/slope 1
2025.05.15 14:14:13.136   set /dev12195/sgchannels/4/awg/auxtriggers/0/channel 8
2025.05.15 14:14:13.136   set /dev12195/system/internaltrigger/enable 0
2025.05.15 14:14:13.136   set /dev12195/system/internaltrigger/repetitions 1
2025.05.15 14:14:13.137   set /dev12195/qachannels/0/markers/0/source 32
2025.05.15 14:14:13.137   set /dev12195/qachannels/0/markers/1/source 36
2025.05.15 14:14:13.137   set /dev12195/qachannels/0/generator/auxtriggers/0/channel 8
2025.05.15 14:14:13.137   set /dev12195/sgchannels/4/oscs/0/freq 4e+07
2025.05.15 14:14:13.137   set /dev12195/synthesizers/3/centerfreq 3.6e+09
2025.05.15 14:14:13.137   set /dev12195/sgchannels/4/output/delay 0
2025.05.15 14:14:13.137   set /dev12195/qachannels/0/centerfreq 6.8e+09
2025.05.15 14:14:13.138   set /dev12195/qachannels/0/generator/delay 0
2025.05.15 14:14:13.138   set /dev12195/qachannels/0/readout/integration/delay 2.12e-07
2025.05.15 14:14:13.138   set /dev12195/qachannels/0/mode 1
2025.05.15 14:14:13.138   set /dev12195/qachannels/0/readout/multistate/qudits/0/enable 0
2025.05.15 14:14:13.138   set /dev12195/qachannels/0/readout/multistate/qudits/1/enable 0
2025.05.15 14:14:13.138   set /dev12195/qachannels/0/readout/multistate/qudits/2/enable 0
2025.05.15 14:14:13.139   set /dev12195/qachannels/0/readout/multistate/qudits/3/enable 0
2025.05.15 14:14:13.139   set /dev12195/qachannels/0/readout/multistate/qudits/4/enable 0
2025.05.15 14:14:13.139   set /dev12195/qachannels/0/readout/multistate/qudits/5/enable 0
2025.05.15 14:14:13.139   set /dev12195/qachannels/0/readout/multistate/qudits/6/enable 0
2025.05.15 14:14:13.139   set /dev12195/qachannels/0/readout/multistate/qudits/7/enable 0
2025.05.15 14:14:13.139   set /dev12195/qachannels/0/readout/multistate/enable 1
2025.05.15 14:14:13.139   set /dev12195/qachannels/0/readout/multistate/zsync/packed 1
2025.05.15 14:14:13.140   set /dev12195/qachannels/0/readout/multistate/qudits/0/numstates 2
2025.05.15 14:14:13.140   set /dev12195/qachannels/0/readout/multistate/qudits/0/enable 1
2025.05.15 14:14:13.140   set /dev12195/qachannels/0/readout/multistate/qudits/0/assignmentvec vector (8 B)
2025.05.15 14:14:13.140   set /dev12195/qachannels/0/readout/result/enable 0
2025.05.15 14:14:13.140   set /dev12195/qachannels/0/readout/result/source 1
2025.05.15 14:14:13.140   set /dev12195/qachannels/0/readout/result/length 1
2025.05.15 14:14:13.140   set /dev12195/qachannels/0/readout/result/averages 3
2025.05.15 14:14:13.141   set /dev12195/qachannels/0/readout/result/mode 0
2025.05.15 14:14:13.141   set /dev12195/qachannels/0/readout/multistate/qudits/0/thresholds/0/value 0
2025.05.15 14:14:13.141   set /dev12195/sgchannels/4/awg/elf/data vector (1528 B)
2025.05.15 14:14:13.141   set /dev12195/sgchannels/4/awg/commandtable/data vector (152 B)
2025.05.15 14:14:13.141   set /dev12195/qachannels/0/readout/result/enable 1
2025.05.15 14:14:13.141   set /dev12195/qachannels/0/spectroscopy/result/enable 0
2025.05.15 14:14:13.141   set /dev12195/scopes/0/enable 0
2025.05.15 14:14:13.142   set /dev12195/qachannels/0/generator/elf/data vector (1828 B)
2025.05.15 14:14:13.142   set /dev12195/qachannels/0/generator/clearwave 1
2025.05.15 14:14:13.142   set /dev12195/qachannels/0/generator/waveforms/0/wave vector (32000 B)
2025.05.15 14:14:13.142   get /dev12195/qachannels/0/generator/waveforms/0/wave -
2025.05.15 14:14:13.142   set /dev12195/qachannels/0/spectroscopy/envelope/enable 0
2025.05.15 14:14:13.142   set /dev12195/qachannels/0/readout/multistate/qudits/0/weights/0/wave vector (64000 B)
2025.05.15 14:14:13.142   set /dev12195/qachannels/0/readout/integration/length 4000
2025.05.15 14:14:13.143   set /dev12195/sgchannels/4/awg/enable 1
2025.05.15 14:14:13.143   set /dev12195/qachannels/0/generator/enable 1
2025.05.15 14:14:13.144   set /dev12195/system/internaltrigger/enable 1
2025.05.15 14:14:13.145   set /dev12195/raw/system/awg/runtimechecks/enable 0
2025.05.15 14:14:13.145   set /dev12195/qachannels/0/readout/result/enable 0
2025.05.15 14:14:13.146   get /dev12195/raw/error/json/errors -
2025.05.15 14:14:13.147   get /dev12195/raw/error/json/errors -
2025.05.15 14:14:13.147   set /dev12195/qachannels/0/spectroscopy/envelope/enable 1
2025.05.15 14:22:17.869 Node log from the data server with id 'zi_server':
2025.05.15 14:22:17.869   get /dev12195/raw/system/awg/runtimechecks/enable -
2025.05.15 14:22:17.869   get /dev12195/raw/system/awg/runtimechecks/enable -
2025.05.15 14:22:17.870   get /dev12195/system/clocks/referenceclock/in/freq -
2025.05.15 14:22:17.870   get /dev12195/system/clocks/referenceclock/in/sourceactual -
2025.05.15 14:22:17.870   get /dev12195/system/clocks/referenceclock/in/source -
2025.05.15 14:22:17.870   get /dev12195/system/clocks/referenceclock/in/status -
2025.05.15 14:22:17.870   get /dev12195/system/clocks/referenceclock/in/freq -
2025.05.15 14:22:17.870   get /dev12195/system/clocks/referenceclock/in/sourceactual -
2025.05.15 14:22:17.871   get /dev12195/system/clocks/referenceclock/in/source -
2025.05.15 14:22:17.871   get /dev12195/system/clocks/referenceclock/in/status -
2025.05.15 14:23:29.626 Node log from the data server with id 'zi_server':
2025.05.15 14:23:29.628   get /dev12195/raw/system/awg/runtimechecks/enable -
2025.05.15 14:23:29.628   get /dev12195/raw/system/awg/runtimechecks/enable -
2025.05.15 14:23:29.628   get /dev12195/system/clocks/referenceclock/in/freq -
2025.05.15 14:23:29.628   get /dev12195/system/clocks/referenceclock/in/sourceactual -
2025.05.15 14:23:29.628   get /dev12195/system/clocks/referenceclock/in/source -
2025.05.15 14:23:29.628   get /dev12195/system/clocks/referenceclock/in/status -
2025.05.15 14:23:29.628   get /dev12195/system/clocks/referenceclock/in/freq -
2025.05.15 14:23:29.628   get /dev12195/system/clocks/referenceclock/in/sourceactual -
2025.05.15 14:23:29.628   get /dev12195/system/clocks/referenceclock/in/source -
2025.05.15 14:23:29.628   get /dev12195/system/clocks/referenceclock/in/status -
2025.05.15 14:23:32.543 Node log from the data server with id 'zi_server':
2025.05.15 14:23:32.545   set /dev12195/raw/error/clear 1
2025.05.15 14:23:32.545   set /dev12195/sgchannels/0/pipeliner/mode 0
2025.05.15 14:23:32.545   set /dev12195/sgchannels/1/pipeliner/mode 0
2025.05.15 14:23:32.545   set /dev12195/sgchannels/2/pipeliner/mode 0
2025.05.15 14:23:32.545   set /dev12195/sgchannels/3/pipeliner/mode 0
2025.05.15 14:23:32.545   set /dev12195/sgchannels/4/pipeliner/mode 0
2025.05.15 14:23:32.545   set /dev12195/sgchannels/5/pipeliner/mode 0
2025.05.15 14:23:32.545   set /dev12195/sgchannels/0/synchronization/enable 0
2025.05.15 14:23:32.545   set /dev12195/sgchannels/1/synchronization/enable 0
2025.05.15 14:23:32.545   set /dev12195/sgchannels/2/synchronization/enable 0
2025.05.15 14:23:32.545   set /dev12195/sgchannels/3/synchronization/enable 0
2025.05.15 14:23:32.545   set /dev12195/sgchannels/4/synchronization/enable 0
2025.05.15 14:23:32.547   set /dev12195/sgchannels/5/synchronization/enable 0
2025.05.15 14:23:32.547   set /dev12195/sgchannels/0/awg/enable 0
2025.05.15 14:23:32.547   set /dev12195/sgchannels/1/awg/enable 0
2025.05.15 14:23:32.547   set /dev12195/sgchannels/2/awg/enable 0
2025.05.15 14:23:32.547   set /dev12195/sgchannels/3/awg/enable 0
2025.05.15 14:23:32.547   set /dev12195/sgchannels/4/awg/enable 0
2025.05.15 14:23:32.547   set /dev12195/sgchannels/5/awg/enable 0
2025.05.15 14:23:32.547   set /dev12195/system/synchronization/source 0
2025.05.15 14:23:32.549   set /dev12195/system/internaltrigger/synchronization/enable 0
2025.05.15 14:23:32.549   set /dev12195/scopes/0/enable 0
2025.05.15 14:23:32.549   set /dev12195/qachannels/0/pipeliner/mode 0
2025.05.15 14:23:32.549   set /dev12195/qachannels/0/synchronization/enable 0
2025.05.15 14:23:32.549   set /dev12195/qachannels/0/generator/enable 0
2025.05.15 14:23:32.549   set /dev12195/qachannels/0/readout/result/enable 0
2025.05.15 14:23:32.549   set /dev12195/qachannels/0/spectroscopy/psd/enable 0
2025.05.15 14:23:32.549   set /dev12195/qachannels/0/spectroscopy/result/enable 0
2025.05.15 14:23:32.549   set /dev12195/qachannels/0/output/rflfinterlock 1
2025.05.15 14:23:32.549   set /dev12195/qachannels/0/oscs/0/gain 1
2025.05.15 14:23:32.549   set /dev12195/scopes/0/channels/0/enable 0
2025.05.15 14:23:32.549   set /dev12195/scopes/0/channels/1/enable 0
2025.05.15 14:23:32.549   set /dev12195/scopes/0/channels/2/enable 0
2025.05.15 14:23:32.549   set /dev12195/scopes/0/channels/3/enable 0
2025.05.15 14:23:32.553   get /dev12195/sgchannels/0/output/overrangecount -
2025.05.15 14:23:32.553   get /dev12195/sgchannels/1/output/overrangecount -
2025.05.15 14:23:32.553   get /dev12195/sgchannels/2/output/overrangecount -
2025.05.15 14:23:32.553   get /dev12195/sgchannels/3/output/overrangecount -
2025.05.15 14:23:32.555   get /dev12195/sgchannels/4/output/overrangecount -
2025.05.15 14:23:32.555   get /dev12195/sgchannels/5/output/overrangecount -
2025.05.15 14:23:32.555   get /dev12195/qachannels/0/output/overrangecount -
2025.05.15 14:23:32.555   get /dev12195/qachannels/0/input/overrangecount -
2025.05.15 14:23:32.555   set /dev12195/sgchannels/4/output/on 1
2025.05.15 14:23:32.555   set /dev12195/sgchannels/4/awg/single 1
2025.05.15 14:23:32.555   set /dev12195/sgchannels/4/awg/modulation/enable 1
2025.05.15 14:23:32.555   set /dev12195/sgchannels/4/marker/source 0
2025.05.15 14:23:32.555   set /dev12195/sgchannels/4/trigger/delay 0
2025.05.15 14:23:32.555   set /dev12195/sgchannels/4/output/rflfpath 1
2025.05.15 14:23:32.555   set /dev12195/sgchannels/4/output/muting/enable 0
2025.05.15 14:23:32.555   set /dev12195/sgchannels/4/sines/0/oscselect 0
2025.05.15 14:23:32.555   set /dev12195/sgchannels/4/sines/0/harmonic 1
2025.05.15 14:23:32.555   set /dev12195/sgchannels/4/sines/0/phaseshift 0
2025.05.15 14:23:32.557   set /dev12195/qachannels/0/output/on 1
2025.05.15 14:23:32.557   set /dev12195/qachannels/0/generator/single 1
2025.05.15 14:23:32.557   set /dev12195/qachannels/0/output/muting/enable 0
2025.05.15 14:23:32.557   set /dev12195/qachannels/0/input/rflfpath 1
2025.05.15 14:23:32.557   set /dev12195/qachannels/0/input/on 1
2025.05.15 14:23:32.557   set /dev12195/sgchannels/4/oscs/0/freq 4e+07
2025.05.15 14:23:32.557   set /dev12195/sgchannels/4/awg/auxtriggers/0/slope 1
2025.05.15 14:23:32.557   set /dev12195/sgchannels/4/awg/auxtriggers/0/channel 8
2025.05.15 14:23:32.557   set /dev12195/system/internaltrigger/enable 0
2025.05.15 14:23:32.557   set /dev12195/system/internaltrigger/repetitions 1
2025.05.15 14:23:32.558   set /dev12195/qachannels/0/markers/0/source 32
2025.05.15 14:23:32.558   set /dev12195/qachannels/0/markers/1/source 36
2025.05.15 14:23:32.558   set /dev12195/qachannels/0/generator/auxtriggers/0/channel 8
2025.05.15 14:23:32.558   set /dev12195/sgchannels/4/oscs/0/freq 4e+07
2025.05.15 14:23:32.558   set /dev12195/synthesizers/3/centerfreq 3.6e+09
2025.05.15 14:23:32.558   set /dev12195/sgchannels/4/output/delay 0
2025.05.15 14:23:32.558   set /dev12195/qachannels/0/centerfreq 6.8e+09
2025.05.15 14:23:32.560   set /dev12195/qachannels/0/generator/delay 0
2025.05.15 14:23:32.560   set /dev12195/qachannels/0/readout/integration/delay 2.12e-07
2025.05.15 14:23:32.560   set /dev12195/qachannels/0/mode 1
2025.05.15 14:23:32.560   set /dev12195/qachannels/0/readout/multistate/qudits/0/enable 0
2025.05.15 14:23:32.560   set /dev12195/qachannels/0/readout/multistate/qudits/1/enable 0
2025.05.15 14:23:32.560   set /dev12195/qachannels/0/readout/multistate/qudits/2/enable 0
2025.05.15 14:23:32.561   set /dev12195/qachannels/0/readout/multistate/qudits/3/enable 0
2025.05.15 14:23:32.561   set /dev12195/qachannels/0/readout/multistate/qudits/4/enable 0
2025.05.15 14:23:32.561   set /dev12195/qachannels/0/readout/multistate/qudits/5/enable 0
2025.05.15 14:23:32.561   set /dev12195/qachannels/0/readout/multistate/qudits/6/enable 0
2025.05.15 14:23:32.561   set /dev12195/qachannels/0/readout/multistate/qudits/7/enable 0
2025.05.15 14:23:32.561   set /dev12195/qachannels/0/readout/multistate/enable 1
2025.05.15 14:23:32.562   set /dev12195/qachannels/0/readout/multistate/zsync/packed 1
2025.05.15 14:23:32.562   set /dev12195/qachannels/0/readout/multistate/qudits/0/numstates 2
2025.05.15 14:23:32.562   set /dev12195/qachannels/0/readout/multistate/qudits/0/enable 1
2025.05.15 14:23:32.562   set /dev12195/qachannels/0/readout/multistate/qudits/0/assignmentvec vector (8 B)
2025.05.15 14:23:32.562   set /dev12195/sgchannels/4/awg/elf/data vector (1528 B)
2025.05.15 14:23:32.562   set /dev12195/sgchannels/4/awg/commandtable/data vector (152 B)
2025.05.15 14:23:32.562   set /dev12195/qachannels/0/readout/result/enable 0
2025.05.15 14:23:32.563   set /dev12195/qachannels/0/readout/result/source 1
2025.05.15 14:23:32.563   set /dev12195/qachannels/0/readout/result/length 101
2025.05.15 14:23:32.563   set /dev12195/qachannels/0/readout/result/averages 3
2025.05.15 14:23:32.563   set /dev12195/qachannels/0/readout/result/mode 0
2025.05.15 14:23:32.563   set /dev12195/qachannels/0/readout/multistate/qudits/0/thresholds/0/value 0
2025.05.15 14:23:32.563   set /dev12195/qachannels/0/readout/result/enable 1
2025.05.15 14:23:32.564   set /dev12195/qachannels/0/spectroscopy/result/enable 0
2025.05.15 14:23:32.564   set /dev12195/scopes/0/enable 0
2025.05.15 14:23:32.564   set /dev12195/qachannels/0/generator/elf/data vector (1992 B)
2025.05.15 14:23:32.564   set /dev12195/qachannels/0/generator/clearwave 1
2025.05.15 14:23:32.564   set /dev12195/qachannels/0/generator/waveforms/0/wave vector (32000 B)
2025.05.15 14:23:32.564   get /dev12195/qachannels/0/generator/waveforms/0/wave -
2025.05.15 14:23:32.564   set /dev12195/qachannels/0/generator/waveforms/0/wave vector (32000 B)
2025.05.15 14:23:32.565   get /dev12195/qachannels/0/generator/waveforms/0/wave -
2025.05.15 14:23:32.565   set /dev12195/qachannels/0/generator/waveforms/0/wave vector (32000 B)
2025.05.15 14:23:32.565   get /dev12195/qachannels/0/generator/waveforms/0/wave -
2025.05.15 14:23:32.565   set /dev12195/qachannels/0/generator/waveforms/0/wave vector (32000 B)
2025.05.15 14:23:32.565   get /dev12195/qachannels/0/generator/waveforms/0/wave -
2025.05.15 14:23:32.565   set /dev12195/qachannels/0/generator/waveforms/0/wave vector (32000 B)
2025.05.15 14:23:32.565   get /dev12195/qachannels/0/generator/waveforms/0/wave -
2025.05.15 14:23:32.566   set /dev12195/qachannels/0/generator/waveforms/0/wave vector (32000 B)
2025.05.15 14:23:32.566   get /dev12195/qachannels/0/generator/waveforms/0/wave -
2025.05.15 14:23:32.566   set /dev12195/qachannels/0/generator/waveforms/0/wave vector (32000 B)
2025.05.15 14:23:32.566   get /dev12195/qachannels/0/generator/waveforms/0/wave -
2025.05.15 14:23:32.566   set /dev12195/qachannels/0/generator/waveforms/0/wave vector (32000 B)
2025.05.15 14:23:32.566   get /dev12195/qachannels/0/generator/waveforms/0/wave -
2025.05.15 14:23:32.566   set /dev12195/qachannels/0/generator/waveforms/0/wave vector (32000 B)
2025.05.15 14:23:32.567   get /dev12195/qachannels/0/generator/waveforms/0/wave -
2025.05.15 14:23:32.567   set /dev12195/qachannels/0/generator/waveforms/0/wave vector (32000 B)
2025.05.15 14:23:32.567   get /dev12195/qachannels/0/generator/waveforms/0/wave -
2025.05.15 14:23:32.567   set /dev12195/qachannels/0/generator/waveforms/0/wave vector (32000 B)
2025.05.15 14:23:32.567   get /dev12195/qachannels/0/generator/waveforms/0/wave -
2025.05.15 14:23:32.567   set /dev12195/qachannels/0/generator/waveforms/0/wave vector (32000 B)
2025.05.15 14:23:32.567   get /dev12195/qachannels/0/generator/waveforms/0/wave -
2025.05.15 14:23:32.568   set /dev12195/qachannels/0/generator/waveforms/0/wave vector (32000 B)
2025.05.15 14:23:32.568   get /dev12195/qachannels/0/generator/waveforms/0/wave -
2025.05.15 14:23:32.568   set /dev12195/qachannels/0/generator/waveforms/0/wave vector (32000 B)
2025.05.15 14:23:32.568   get /dev12195/qachannels/0/generator/waveforms/0/wave -
2025.05.15 14:23:32.568   set /dev12195/qachannels/0/generator/waveforms/0/wave vector (32000 B)
2025.05.15 14:23:32.568   get /dev12195/qachannels/0/generator/waveforms/0/wave -
2025.05.15 14:23:32.568   set /dev12195/qachannels/0/generator/waveforms/0/wave vector (32000 B)
2025.05.15 14:23:32.569   get /dev12195/qachannels/0/generator/waveforms/0/wave -
2025.05.15 14:23:32.569   set /dev12195/qachannels/0/generator/waveforms/0/wave vector (32000 B)
2025.05.15 14:23:32.569   get /dev12195/qachannels/0/generator/waveforms/0/wave -
2025.05.15 14:23:32.569   set /dev12195/qachannels/0/generator/waveforms/0/wave vector (32000 B)
2025.05.15 14:23:32.569   get /dev12195/qachannels/0/generator/waveforms/0/wave -
2025.05.15 14:23:32.569   set /dev12195/qachannels/0/generator/waveforms/0/wave vector (32000 B)
2025.05.15 14:23:32.569   get /dev12195/qachannels/0/generator/waveforms/0/wave -
2025.05.15 14:23:32.570   set /dev12195/qachannels/0/generator/waveforms/0/wave vector (32000 B)
2025.05.15 14:23:32.570   get /dev12195/qachannels/0/generator/waveforms/0/wave -
2025.05.15 14:23:32.570   set /dev12195/qachannels/0/generator/waveforms/0/wave vector (32000 B)
2025.05.15 14:23:32.570   get /dev12195/qachannels/0/generator/waveforms/0/wave -
2025.05.15 14:23:32.570   set /dev12195/qachannels/0/generator/waveforms/0/wave vector (32000 B)
2025.05.15 14:23:32.570   get /dev12195/qachannels/0/generator/waveforms/0/wave -
2025.05.15 14:23:32.570   set /dev12195/qachannels/0/generator/waveforms/0/wave vector (32000 B)
2025.05.15 14:23:32.571   get /dev12195/qachannels/0/generator/waveforms/0/wave -
2025.05.15 14:23:32.571   set /dev12195/qachannels/0/generator/waveforms/0/wave vector (32000 B)
2025.05.15 14:23:32.571   get /dev12195/qachannels/0/generator/waveforms/0/wave -
2025.05.15 14:23:32.571   set /dev12195/qachannels/0/generator/waveforms/0/wave vector (32000 B)
2025.05.15 14:23:32.571   get /dev12195/qachannels/0/generator/waveforms/0/wave -
2025.05.15 14:23:32.571   set /dev12195/qachannels/0/generator/waveforms/0/wave vector (32000 B)
2025.05.15 14:23:32.571   get /dev12195/qachannels/0/generator/waveforms/0/wave -
2025.05.15 14:23:32.572   set /dev12195/qachannels/0/generator/waveforms/0/wave vector (32000 B)
2025.05.15 14:23:32.572   get /dev12195/qachannels/0/generator/waveforms/0/wave -
2025.05.15 14:23:32.572   set /dev12195/qachannels/0/generator/waveforms/0/wave vector (32000 B)
2025.05.15 14:23:32.572   get /dev12195/qachannels/0/generator/waveforms/0/wave -
2025.05.15 14:23:32.572   set /dev12195/qachannels/0/generator/waveforms/0/wave vector (32000 B)
2025.05.15 14:23:32.572   get /dev12195/qachannels/0/generator/waveforms/0/wave -
2025.05.15 14:23:32.572   set /dev12195/qachannels/0/generator/waveforms/0/wave vector (32000 B)
2025.05.15 14:23:32.572   get /dev12195/qachannels/0/generator/waveforms/0/wave -
2025.05.15 14:23:32.573   set /dev12195/qachannels/0/generator/waveforms/0/wave vector (32000 B)
2025.05.15 14:23:32.573   get /dev12195/qachannels/0/generator/waveforms/0/wave -
2025.05.15 14:23:32.573   set /dev12195/qachannels/0/generator/waveforms/0/wave vector (32000 B)
2025.05.15 14:23:32.573   get /dev12195/qachannels/0/generator/waveforms/0/wave -
2025.05.15 14:23:32.573   set /dev12195/qachannels/0/generator/waveforms/0/wave vector (32000 B)
2025.05.15 14:23:32.573   get /dev12195/qachannels/0/generator/waveforms/0/wave -
2025.05.15 14:23:32.573   set /dev12195/qachannels/0/generator/waveforms/0/wave vector (32000 B)
2025.05.15 14:23:32.574   get /dev12195/qachannels/0/generator/waveforms/0/wave -
2025.05.15 14:23:32.574   set /dev12195/qachannels/0/generator/waveforms/0/wave vector (32000 B)
2025.05.15 14:23:32.574   get /dev12195/qachannels/0/generator/waveforms/0/wave -
2025.05.15 14:23:32.574   set /dev12195/qachannels/0/generator/waveforms/0/wave vector (32000 B)
2025.05.15 14:23:32.574   get /dev12195/qachannels/0/generator/waveforms/0/wave -
2025.05.15 14:23:32.574   set /dev12195/qachannels/0/generator/waveforms/0/wave vector (32000 B)
2025.05.15 14:23:32.575   get /dev12195/qachannels/0/generator/waveforms/0/wave -
2025.05.15 14:23:32.575   set /dev12195/qachannels/0/generator/waveforms/0/wave vector (32000 B)
2025.05.15 14:23:32.575   get /dev12195/qachannels/0/generator/waveforms/0/wave -
2025.05.15 14:23:32.575   set /dev12195/qachannels/0/generator/waveforms/0/wave vector (32000 B)
2025.05.15 14:23:32.575   get /dev12195/qachannels/0/generator/waveforms/0/wave -
2025.05.15 14:23:32.575   set /dev12195/qachannels/0/generator/waveforms/0/wave vector (32000 B)
2025.05.15 14:23:32.576   get /dev12195/qachannels/0/generator/waveforms/0/wave -
2025.05.15 14:23:32.576   set /dev12195/qachannels/0/generator/waveforms/0/wave vector (32000 B)
2025.05.15 14:23:32.576   get /dev12195/qachannels/0/generator/waveforms/0/wave -
2025.05.15 14:23:32.576   set /dev12195/qachannels/0/generator/waveforms/0/wave vector (32000 B)
2025.05.15 14:23:32.576   get /dev12195/qachannels/0/generator/waveforms/0/wave -
2025.05.15 14:23:32.576   set /dev12195/qachannels/0/generator/waveforms/0/wave vector (32000 B)
2025.05.15 14:23:32.576   get /dev12195/qachannels/0/generator/waveforms/0/wave -
2025.05.15 14:23:32.577   set /dev12195/qachannels/0/generator/waveforms/0/wave vector (32000 B)
2025.05.15 14:23:32.577   get /dev12195/qachannels/0/generator/waveforms/0/wave -
2025.05.15 14:23:32.577   set /dev12195/qachannels/0/generator/waveforms/0/wave vector (32000 B)
2025.05.15 14:23:32.577   get /dev12195/qachannels/0/generator/waveforms/0/wave -
2025.05.15 14:23:32.577   set /dev12195/qachannels/0/generator/waveforms/0/wave vector (32000 B)
2025.05.15 14:23:32.577   get /dev12195/qachannels/0/generator/waveforms/0/wave -
2025.05.15 14:23:32.577   set /dev12195/qachannels/0/generator/waveforms/0/wave vector (32000 B)
2025.05.15 14:23:32.578   get /dev12195/qachannels/0/generator/waveforms/0/wave -
2025.05.15 14:23:32.578   set /dev12195/qachannels/0/generator/waveforms/0/wave vector (32000 B)
2025.05.15 14:23:32.578   get /dev12195/qachannels/0/generator/waveforms/0/wave -
2025.05.15 14:23:32.578   set /dev12195/qachannels/0/generator/waveforms/0/wave vector (32000 B)
2025.05.15 14:23:32.578   get /dev12195/qachannels/0/generator/waveforms/0/wave -
2025.05.15 14:23:32.578   set /dev12195/qachannels/0/generator/waveforms/0/wave vector (32000 B)
2025.05.15 14:23:32.578   get /dev12195/qachannels/0/generator/waveforms/0/wave -
2025.05.15 14:23:32.579   set /dev12195/qachannels/0/generator/waveforms/0/wave vector (32000 B)
2025.05.15 14:23:32.579   get /dev12195/qachannels/0/generator/waveforms/0/wave -
2025.05.15 14:23:32.579   set /dev12195/qachannels/0/generator/waveforms/0/wave vector (32000 B)
2025.05.15 14:23:32.579   get /dev12195/qachannels/0/generator/waveforms/0/wave -
2025.05.15 14:23:32.579   set /dev12195/qachannels/0/generator/waveforms/0/wave vector (32000 B)
2025.05.15 14:23:32.579   get /dev12195/qachannels/0/generator/waveforms/0/wave -
2025.05.15 14:23:32.579   set /dev12195/qachannels/0/generator/waveforms/0/wave vector (32000 B)
2025.05.15 14:23:32.580   get /dev12195/qachannels/0/generator/waveforms/0/wave -
2025.05.15 14:23:32.580   set /dev12195/qachannels/0/generator/waveforms/0/wave vector (32000 B)
2025.05.15 14:23:32.580   get /dev12195/qachannels/0/generator/waveforms/0/wave -
2025.05.15 14:23:32.580   set /dev12195/qachannels/0/generator/waveforms/0/wave vector (32000 B)
2025.05.15 14:23:32.580   get /dev12195/qachannels/0/generator/waveforms/0/wave -
2025.05.15 14:23:32.580   set /dev12195/qachannels/0/generator/waveforms/0/wave vector (32000 B)
2025.05.15 14:23:32.580   get /dev12195/qachannels/0/generator/waveforms/0/wave -
2025.05.15 14:23:32.581   set /dev12195/qachannels/0/generator/waveforms/0/wave vector (32000 B)
2025.05.15 14:23:32.581   get /dev12195/qachannels/0/generator/waveforms/0/wave -
2025.05.15 14:23:32.581   set /dev12195/qachannels/0/generator/waveforms/0/wave vector (32000 B)
2025.05.15 14:23:32.581   get /dev12195/qachannels/0/generator/waveforms/0/wave -
2025.05.15 14:23:32.581   set /dev12195/qachannels/0/generator/waveforms/0/wave vector (32000 B)
2025.05.15 14:23:32.581   get /dev12195/qachannels/0/generator/waveforms/0/wave -
2025.05.15 14:23:32.581   set /dev12195/qachannels/0/generator/waveforms/0/wave vector (32000 B)
2025.05.15 14:23:32.582   get /dev12195/qachannels/0/generator/waveforms/0/wave -
2025.05.15 14:23:32.582   set /dev12195/qachannels/0/generator/waveforms/0/wave vector (32000 B)
2025.05.15 14:23:32.582   get /dev12195/qachannels/0/generator/waveforms/0/wave -
2025.05.15 14:23:32.582   set /dev12195/qachannels/0/generator/waveforms/0/wave vector (32000 B)
2025.05.15 14:23:32.582   get /dev12195/qachannels/0/generator/waveforms/0/wave -
2025.05.15 14:23:32.582   set /dev12195/qachannels/0/generator/waveforms/0/wave vector (32000 B)
2025.05.15 14:23:32.582   get /dev12195/qachannels/0/generator/waveforms/0/wave -
2025.05.15 14:23:32.583   set /dev12195/qachannels/0/generator/waveforms/0/wave vector (32000 B)
2025.05.15 14:23:32.583   get /dev12195/qachannels/0/generator/waveforms/0/wave -
2025.05.15 14:23:32.583   set /dev12195/qachannels/0/generator/waveforms/0/wave vector (32000 B)
2025.05.15 14:23:32.583   get /dev12195/qachannels/0/generator/waveforms/0/wave -
2025.05.15 14:23:32.583   set /dev12195/qachannels/0/generator/waveforms/0/wave vector (32000 B)
2025.05.15 14:23:32.583   get /dev12195/qachannels/0/generator/waveforms/0/wave -
2025.05.15 14:23:32.583   set /dev12195/qachannels/0/generator/waveforms/0/wave vector (32000 B)
2025.05.15 14:23:32.584   get /dev12195/qachannels/0/generator/waveforms/0/wave -
2025.05.15 14:23:32.584   set /dev12195/qachannels/0/generator/waveforms/0/wave vector (32000 B)
2025.05.15 14:23:32.584   get /dev12195/qachannels/0/generator/waveforms/0/wave -
2025.05.15 14:23:32.584   set /dev12195/qachannels/0/generator/waveforms/0/wave vector (32000 B)
2025.05.15 14:23:32.584   get /dev12195/qachannels/0/generator/waveforms/0/wave -
2025.05.15 14:23:32.584   set /dev12195/qachannels/0/generator/waveforms/0/wave vector (32000 B)
2025.05.15 14:23:32.584   get /dev12195/qachannels/0/generator/waveforms/0/wave -
2025.05.15 14:23:32.585   set /dev12195/qachannels/0/generator/waveforms/0/wave vector (32000 B)
2025.05.15 14:23:32.585   get /dev12195/qachannels/0/generator/waveforms/0/wave -
2025.05.15 14:23:32.585   set /dev12195/qachannels/0/generator/waveforms/0/wave vector (32000 B)
2025.05.15 14:23:32.585   get /dev12195/qachannels/0/generator/waveforms/0/wave -
2025.05.15 14:23:32.585   set /dev12195/qachannels/0/generator/waveforms/0/wave vector (32000 B)
2025.05.15 14:23:32.585   get /dev12195/qachannels/0/generator/waveforms/0/wave -
2025.05.15 14:23:32.586   set /dev12195/qachannels/0/generator/waveforms/0/wave vector (32000 B)
2025.05.15 14:23:32.586   get /dev12195/qachannels/0/generator/waveforms/0/wave -
2025.05.15 14:23:32.586   set /dev12195/qachannels/0/generator/waveforms/0/wave vector (32000 B)
2025.05.15 14:23:32.586   get /dev12195/qachannels/0/generator/waveforms/0/wave -
2025.05.15 14:23:32.586   set /dev12195/qachannels/0/generator/waveforms/0/wave vector (32000 B)
2025.05.15 14:23:32.586   get /dev12195/qachannels/0/generator/waveforms/0/wave -
2025.05.15 14:23:32.586   set /dev12195/qachannels/0/generator/waveforms/0/wave vector (32000 B)
2025.05.15 14:23:32.587   get /dev12195/qachannels/0/generator/waveforms/0/wave -
2025.05.15 14:23:32.587   set /dev12195/qachannels/0/generator/waveforms/0/wave vector (32000 B)
2025.05.15 14:23:32.587   get /dev12195/qachannels/0/generator/waveforms/0/wave -
2025.05.15 14:23:32.587   set /dev12195/qachannels/0/generator/waveforms/0/wave vector (32000 B)
2025.05.15 14:23:32.587   get /dev12195/qachannels/0/generator/waveforms/0/wave -
2025.05.15 14:23:32.587   set /dev12195/qachannels/0/generator/waveforms/0/wave vector (32000 B)
2025.05.15 14:23:32.587   get /dev12195/qachannels/0/generator/waveforms/0/wave -
2025.05.15 14:23:32.588   set /dev12195/qachannels/0/generator/waveforms/0/wave vector (32000 B)
2025.05.15 14:23:32.588   get /dev12195/qachannels/0/generator/waveforms/0/wave -
2025.05.15 14:23:32.588   set /dev12195/qachannels/0/generator/waveforms/0/wave vector (32000 B)
2025.05.15 14:23:32.588   get /dev12195/qachannels/0/generator/waveforms/0/wave -
2025.05.15 14:23:32.588   set /dev12195/qachannels/0/generator/waveforms/0/wave vector (32000 B)
2025.05.15 14:23:32.588   get /dev12195/qachannels/0/generator/waveforms/0/wave -
2025.05.15 14:23:32.588   set /dev12195/qachannels/0/generator/waveforms/0/wave vector (32000 B)
2025.05.15 14:23:32.589   get /dev12195/qachannels/0/generator/waveforms/0/wave -
2025.05.15 14:23:32.589   set /dev12195/qachannels/0/generator/waveforms/0/wave vector (32000 B)
2025.05.15 14:23:32.589   get /dev12195/qachannels/0/generator/waveforms/0/wave -
2025.05.15 14:23:32.589   set /dev12195/qachannels/0/generator/waveforms/0/wave vector (32000 B)
2025.05.15 14:23:32.589   get /dev12195/qachannels/0/generator/waveforms/0/wave -
2025.05.15 14:23:32.589   set /dev12195/qachannels/0/generator/waveforms/0/wave vector (32000 B)
2025.05.15 14:23:32.590   get /dev12195/qachannels/0/generator/waveforms/0/wave -
2025.05.15 14:23:32.590   set /dev12195/qachannels/0/generator/waveforms/0/wave vector (32000 B)
2025.05.15 14:23:32.590   get /dev12195/qachannels/0/generator/waveforms/0/wave -
2025.05.15 14:23:32.590   set /dev12195/qachannels/0/generator/waveforms/0/wave vector (32000 B)
2025.05.15 14:23:32.590   get /dev12195/qachannels/0/generator/waveforms/0/wave -
2025.05.15 14:23:32.590   set /dev12195/qachannels/0/generator/waveforms/0/wave vector (32000 B)
2025.05.15 14:23:32.590   get /dev12195/qachannels/0/generator/waveforms/0/wave -
2025.05.15 14:23:32.591   set /dev12195/qachannels/0/generator/waveforms/0/wave vector (32000 B)
2025.05.15 14:23:32.591   get /dev12195/qachannels/0/generator/waveforms/0/wave -
2025.05.15 14:23:32.591   set /dev12195/qachannels/0/generator/waveforms/0/wave vector (32000 B)
2025.05.15 14:23:32.591   get /dev12195/qachannels/0/generator/waveforms/0/wave -
2025.05.15 14:23:32.591   set /dev12195/qachannels/0/generator/waveforms/0/wave vector (32000 B)
2025.05.15 14:23:32.591   get /dev12195/qachannels/0/generator/waveforms/0/wave -
2025.05.15 14:23:32.591   set /dev12195/qachannels/0/generator/waveforms/0/wave vector (32000 B)
2025.05.15 14:23:32.592   get /dev12195/qachannels/0/generator/waveforms/0/wave -
2025.05.15 14:23:32.592   set /dev12195/qachannels/0/generator/waveforms/0/wave vector (32000 B)
2025.05.15 14:23:32.592   get /dev12195/qachannels/0/generator/waveforms/0/wave -
2025.05.15 14:23:32.592   set /dev12195/qachannels/0/generator/waveforms/0/wave vector (32000 B)
2025.05.15 14:23:32.592   get /dev12195/qachannels/0/generator/waveforms/0/wave -
2025.05.15 14:23:32.592   set /dev12195/qachannels/0/generator/waveforms/0/wave vector (32000 B)
2025.05.15 14:23:32.593   get /dev12195/qachannels/0/generator/waveforms/0/wave -
2025.05.15 14:23:32.593   set /dev12195/qachannels/0/generator/waveforms/0/wave vector (32000 B)
2025.05.15 14:23:32.593   get /dev12195/qachannels/0/generator/waveforms/0/wave -
2025.05.15 14:23:32.593   set /dev12195/qachannels/0/generator/waveforms/0/wave vector (32000 B)
2025.05.15 14:23:32.594   get /dev12195/qachannels/0/generator/waveforms/0/wave -
2025.05.15 14:23:32.594   set /dev12195/qachannels/0/generator/waveforms/0/wave vector (32000 B)
2025.05.15 14:23:32.594   get /dev12195/qachannels/0/generator/waveforms/0/wave -
2025.05.15 14:23:32.594   set /dev12195/qachannels/0/spectroscopy/envelope/enable 0
2025.05.15 14:23:32.594   set /dev12195/qachannels/0/readout/multistate/qudits/0/weights/0/wave vector (64000 B)
2025.05.15 14:23:32.594   set /dev12195/qachannels/0/readout/integration/length 4000
2025.05.15 14:23:32.595   set /dev12195/sgchannels/4/awg/enable 1
2025.05.15 14:23:32.595   set /dev12195/qachannels/0/generator/enable 1
2025.05.15 14:23:32.595   set /dev12195/system/internaltrigger/enable 1
2025.05.15 14:23:32.596   set /dev12195/raw/system/awg/runtimechecks/enable 0
2025.05.15 14:23:32.596   set /dev12195/qachannels/0/readout/result/enable 0
2025.05.15 14:23:32.596   get /dev12195/raw/error/json/errors -
2025.05.15 14:23:32.597   get /dev12195/raw/error/json/errors -
2025.05.15 14:23:32.597   set /dev12195/qachannels/0/spectroscopy/envelope/enable 1
2025.05.15 14:23:37.806 Node log from the data server with id 'zi_server':
2025.05.15 14:23:37.807   set /dev12195/raw/error/clear 1
2025.05.15 14:23:37.807   set /dev12195/sgchannels/0/pipeliner/mode 0
2025.05.15 14:23:37.807   set /dev12195/sgchannels/1/pipeliner/mode 0
2025.05.15 14:23:37.807   set /dev12195/sgchannels/2/pipeliner/mode 0
2025.05.15 14:23:37.808   set /dev12195/sgchannels/3/pipeliner/mode 0
2025.05.15 14:23:37.808   set /dev12195/sgchannels/4/pipeliner/mode 0
2025.05.15 14:23:37.808   set /dev12195/sgchannels/5/pipeliner/mode 0
2025.05.15 14:23:37.808   set /dev12195/sgchannels/0/synchronization/enable 0
2025.05.15 14:23:37.808   set /dev12195/sgchannels/1/synchronization/enable 0
2025.05.15 14:23:37.808   set /dev12195/sgchannels/2/synchronization/enable 0
2025.05.15 14:23:37.809   set /dev12195/sgchannels/3/synchronization/enable 0
2025.05.15 14:23:37.809   set /dev12195/sgchannels/4/synchronization/enable 0
2025.05.15 14:23:37.809   set /dev12195/sgchannels/5/synchronization/enable 0
2025.05.15 14:23:37.809   set /dev12195/sgchannels/0/awg/enable 0
2025.05.15 14:23:37.809   set /dev12195/sgchannels/1/awg/enable 0
2025.05.15 14:23:37.809   set /dev12195/sgchannels/2/awg/enable 0
2025.05.15 14:23:37.809   set /dev12195/sgchannels/3/awg/enable 0
2025.05.15 14:23:37.809   set /dev12195/sgchannels/4/awg/enable 0
2025.05.15 14:23:37.810   set /dev12195/sgchannels/5/awg/enable 0
2025.05.15 14:23:37.811   set /dev12195/system/synchronization/source 0
2025.05.15 14:23:37.811   set /dev12195/system/internaltrigger/synchronization/enable 0
2025.05.15 14:23:37.811   set /dev12195/scopes/0/enable 0
2025.05.15 14:23:37.811   set /dev12195/qachannels/0/pipeliner/mode 0
2025.05.15 14:23:37.811   set /dev12195/qachannels/0/synchronization/enable 0
2025.05.15 14:23:37.811   set /dev12195/qachannels/0/generator/enable 0
2025.05.15 14:23:37.812   set /dev12195/qachannels/0/readout/result/enable 0
2025.05.15 14:23:37.812   set /dev12195/qachannels/0/spectroscopy/psd/enable 0
2025.05.15 14:23:37.812   set /dev12195/qachannels/0/spectroscopy/result/enable 0
2025.05.15 14:23:37.812   set /dev12195/qachannels/0/output/rflfinterlock 1
2025.05.15 14:23:37.812   set /dev12195/qachannels/0/oscs/0/gain 1
2025.05.15 14:23:37.812   set /dev12195/scopes/0/channels/0/enable 0
2025.05.15 14:23:37.812   set /dev12195/scopes/0/channels/1/enable 0
2025.05.15 14:23:37.812   set /dev12195/scopes/0/channels/2/enable 0
2025.05.15 14:23:37.813   set /dev12195/scopes/0/channels/3/enable 0
2025.05.15 14:23:37.816   get /dev12195/sgchannels/0/output/overrangecount -
2025.05.15 14:23:37.816   get /dev12195/sgchannels/1/output/overrangecount -
2025.05.15 14:23:37.816   get /dev12195/sgchannels/2/output/overrangecount -
2025.05.15 14:23:37.817   get /dev12195/sgchannels/3/output/overrangecount -
2025.05.15 14:23:37.817   get /dev12195/sgchannels/4/output/overrangecount -
2025.05.15 14:23:37.817   get /dev12195/sgchannels/5/output/overrangecount -
2025.05.15 14:23:37.817   get /dev12195/qachannels/0/output/overrangecount -
2025.05.15 14:23:37.817   get /dev12195/qachannels/0/input/overrangecount -
2025.05.15 14:23:37.817   set /dev12195/sgchannels/4/output/on 1
2025.05.15 14:23:37.817   set /dev12195/sgchannels/4/awg/single 1
2025.05.15 14:23:37.818   set /dev12195/sgchannels/4/awg/modulation/enable 1
2025.05.15 14:23:37.818   set /dev12195/sgchannels/4/marker/source 0
2025.05.15 14:23:37.818   set /dev12195/sgchannels/4/trigger/delay 0
2025.05.15 14:23:37.818   set /dev12195/sgchannels/4/output/rflfpath 1
2025.05.15 14:23:37.818   set /dev12195/sgchannels/4/output/muting/enable 0
2025.05.15 14:23:37.818   set /dev12195/sgchannels/4/sines/0/oscselect 0
2025.05.15 14:23:37.818   set /dev12195/sgchannels/4/sines/0/harmonic 1
2025.05.15 14:23:37.819   set /dev12195/sgchannels/4/sines/0/phaseshift 0
2025.05.15 14:23:37.819   set /dev12195/qachannels/0/output/on 1
2025.05.15 14:23:37.819   set /dev12195/qachannels/0/generator/single 1
2025.05.15 14:23:37.819   set /dev12195/qachannels/0/output/muting/enable 0
2025.05.15 14:23:37.819   set /dev12195/qachannels/0/input/rflfpath 1
2025.05.15 14:23:37.819   set /dev12195/qachannels/0/input/on 1
2025.05.15 14:23:37.819   set /dev12195/sgchannels/4/oscs/0/freq 4e+07
2025.05.15 14:23:37.820   set /dev12195/sgchannels/4/awg/auxtriggers/0/slope 1
2025.05.15 14:23:37.820   set /dev12195/sgchannels/4/awg/auxtriggers/0/channel 8
2025.05.15 14:23:37.820   set /dev12195/system/internaltrigger/enable 0
2025.05.15 14:23:37.820   set /dev12195/system/internaltrigger/repetitions 1
2025.05.15 14:23:37.820   set /dev12195/qachannels/0/markers/0/source 32
2025.05.15 14:23:37.820   set /dev12195/qachannels/0/markers/1/source 36
2025.05.15 14:23:37.820   set /dev12195/qachannels/0/generator/auxtriggers/0/channel 8
2025.05.15 14:23:37.821   set /dev12195/sgchannels/4/oscs/0/freq 4e+07
2025.05.15 14:23:37.821   set /dev12195/synthesizers/3/centerfreq 3.6e+09
2025.05.15 14:23:37.821   set /dev12195/sgchannels/4/output/delay 0
2025.05.15 14:23:37.821   set /dev12195/qachannels/0/centerfreq 6.8e+09
2025.05.15 14:23:37.821   set /dev12195/qachannels/0/generator/delay 0
2025.05.15 14:23:37.821   set /dev12195/qachannels/0/readout/integration/delay 2.12e-07
2025.05.15 14:23:37.821   set /dev12195/qachannels/0/mode 1
2025.05.15 14:23:37.822   set /dev12195/qachannels/0/readout/multistate/qudits/0/enable 0
2025.05.15 14:23:37.822   set /dev12195/qachannels/0/readout/multistate/qudits/1/enable 0
2025.05.15 14:23:37.822   set /dev12195/qachannels/0/readout/multistate/qudits/2/enable 0
2025.05.15 14:23:37.822   set /dev12195/qachannels/0/readout/multistate/qudits/3/enable 0
2025.05.15 14:23:37.822   set /dev12195/qachannels/0/readout/multistate/qudits/4/enable 0
2025.05.15 14:23:37.822   set /dev12195/qachannels/0/readout/multistate/qudits/5/enable 0
2025.05.15 14:23:37.822   set /dev12195/qachannels/0/readout/multistate/qudits/6/enable 0
2025.05.15 14:23:37.822   set /dev12195/qachannels/0/readout/multistate/qudits/7/enable 0
2025.05.15 14:23:37.822   set /dev12195/qachannels/0/readout/multistate/enable 1
2025.05.15 14:23:37.822   set /dev12195/qachannels/0/readout/multistate/zsync/packed 1
2025.05.15 14:23:37.823   set /dev12195/qachannels/0/readout/multistate/qudits/0/numstates 2
2025.05.15 14:23:37.823   set /dev12195/qachannels/0/readout/multistate/qudits/0/enable 1
2025.05.15 14:23:37.823   set /dev12195/qachannels/0/readout/multistate/qudits/0/assignmentvec vector (8 B)
2025.05.15 14:23:37.823   set /dev12195/sgchannels/4/awg/elf/data vector (1528 B)
2025.05.15 14:23:37.823   set /dev12195/sgchannels/4/awg/commandtable/data vector (152 B)
2025.05.15 14:23:37.823   set /dev12195/qachannels/0/readout/result/enable 0
2025.05.15 14:23:37.823   set /dev12195/qachannels/0/readout/result/source 1
2025.05.15 14:23:37.823   set /dev12195/qachannels/0/readout/result/length 101
2025.05.15 14:23:37.823   set /dev12195/qachannels/0/readout/result/averages 3
2025.05.15 14:23:37.823   set /dev12195/qachannels/0/readout/result/mode 0
2025.05.15 14:23:37.825   set /dev12195/qachannels/0/readout/multistate/qudits/0/thresholds/0/value 0
2025.05.15 14:23:37.825   set /dev12195/qachannels/0/readout/result/enable 1
2025.05.15 14:23:37.825   set /dev12195/qachannels/0/spectroscopy/result/enable 0
2025.05.15 14:23:37.825   set /dev12195/scopes/0/enable 0
2025.05.15 14:23:37.825   set /dev12195/qachannels/0/generator/elf/data vector (1992 B)
2025.05.15 14:23:37.825   set /dev12195/qachannels/0/generator/clearwave 1
2025.05.15 14:23:37.825   set /dev12195/qachannels/0/generator/waveforms/0/wave vector (32000 B)
2025.05.15 14:23:37.825   get /dev12195/qachannels/0/generator/waveforms/0/wave -
2025.05.15 14:23:37.825   set /dev12195/qachannels/0/generator/waveforms/0/wave vector (32000 B)
2025.05.15 14:23:37.825   get /dev12195/qachannels/0/generator/waveforms/0/wave -
2025.05.15 14:23:37.825   set /dev12195/qachannels/0/generator/waveforms/0/wave vector (32000 B)
2025.05.15 14:23:37.825   get /dev12195/qachannels/0/generator/waveforms/0/wave -
2025.05.15 14:23:37.825   set /dev12195/qachannels/0/generator/waveforms/0/wave vector (32000 B)
2025.05.15 14:23:37.825   get /dev12195/qachannels/0/generator/waveforms/0/wave -
2025.05.15 14:23:37.827   set /dev12195/qachannels/0/generator/waveforms/0/wave vector (32000 B)
2025.05.15 14:23:37.827   get /dev12195/qachannels/0/generator/waveforms/0/wave -
2025.05.15 14:23:37.827   set /dev12195/qachannels/0/generator/waveforms/0/wave vector (32000 B)
2025.05.15 14:23:37.827   get /dev12195/qachannels/0/generator/waveforms/0/wave -
2025.05.15 14:23:37.827   set /dev12195/qachannels/0/generator/waveforms/0/wave vector (32000 B)
2025.05.15 14:23:37.827   get /dev12195/qachannels/0/generator/waveforms/0/wave -
2025.05.15 14:23:37.827   set /dev12195/qachannels/0/generator/waveforms/0/wave vector (32000 B)
2025.05.15 14:23:37.827   get /dev12195/qachannels/0/generator/waveforms/0/wave -
2025.05.15 14:23:37.827   set /dev12195/qachannels/0/generator/waveforms/0/wave vector (32000 B)
2025.05.15 14:23:37.827   get /dev12195/qachannels/0/generator/waveforms/0/wave -
2025.05.15 14:23:37.827   set /dev12195/qachannels/0/generator/waveforms/0/wave vector (32000 B)
2025.05.15 14:23:37.827   get /dev12195/qachannels/0/generator/waveforms/0/wave -
2025.05.15 14:23:37.827   set /dev12195/qachannels/0/generator/waveforms/0/wave vector (32000 B)
2025.05.15 14:23:37.827   get /dev12195/qachannels/0/generator/waveforms/0/wave -
2025.05.15 14:23:37.829   set /dev12195/qachannels/0/generator/waveforms/0/wave vector (32000 B)
2025.05.15 14:23:37.829   get /dev12195/qachannels/0/generator/waveforms/0/wave -
2025.05.15 14:23:37.829   set /dev12195/qachannels/0/generator/waveforms/0/wave vector (32000 B)
2025.05.15 14:23:37.829   get /dev12195/qachannels/0/generator/waveforms/0/wave -
2025.05.15 14:23:37.829   set /dev12195/qachannels/0/generator/waveforms/0/wave vector (32000 B)
2025.05.15 14:23:37.829   get /dev12195/qachannels/0/generator/waveforms/0/wave -
2025.05.15 14:23:37.829   set /dev12195/qachannels/0/generator/waveforms/0/wave vector (32000 B)
2025.05.15 14:23:37.829   get /dev12195/qachannels/0/generator/waveforms/0/wave -
2025.05.15 14:23:37.829   set /dev12195/qachannels/0/generator/waveforms/0/wave vector (32000 B)
2025.05.15 14:23:37.829   get /dev12195/qachannels/0/generator/waveforms/0/wave -
2025.05.15 14:23:37.829   set /dev12195/qachannels/0/generator/waveforms/0/wave vector (32000 B)
2025.05.15 14:23:37.829   get /dev12195/qachannels/0/generator/waveforms/0/wave -
2025.05.15 14:23:37.829   set /dev12195/qachannels/0/generator/waveforms/0/wave vector (32000 B)
2025.05.15 14:23:37.829   get /dev12195/qachannels/0/generator/waveforms/0/wave -
2025.05.15 14:23:37.831   set /dev12195/qachannels/0/generator/waveforms/0/wave vector (32000 B)
2025.05.15 14:23:37.831   get /dev12195/qachannels/0/generator/waveforms/0/wave -
2025.05.15 14:23:37.831   set /dev12195/qachannels/0/generator/waveforms/0/wave vector (32000 B)
2025.05.15 14:23:37.831   get /dev12195/qachannels/0/generator/waveforms/0/wave -
2025.05.15 14:23:37.831   set /dev12195/qachannels/0/generator/waveforms/0/wave vector (32000 B)
2025.05.15 14:23:37.831   get /dev12195/qachannels/0/generator/waveforms/0/wave -
2025.05.15 14:23:37.831   set /dev12195/qachannels/0/generator/waveforms/0/wave vector (32000 B)
2025.05.15 14:23:37.831   get /dev12195/qachannels/0/generator/waveforms/0/wave -
2025.05.15 14:23:37.831   set /dev12195/qachannels/0/generator/waveforms/0/wave vector (32000 B)
2025.05.15 14:23:37.831   get /dev12195/qachannels/0/generator/waveforms/0/wave -
2025.05.15 14:23:37.831   set /dev12195/qachannels/0/generator/waveforms/0/wave vector (32000 B)
2025.05.15 14:23:37.831   get /dev12195/qachannels/0/generator/waveforms/0/wave -
2025.05.15 14:23:37.831   set /dev12195/qachannels/0/generator/waveforms/0/wave vector (32000 B)
2025.05.15 14:23:37.831   get /dev12195/qachannels/0/generator/waveforms/0/wave -
2025.05.15 14:23:37.833   set /dev12195/qachannels/0/generator/waveforms/0/wave vector (32000 B)
2025.05.15 14:23:37.833   get /dev12195/qachannels/0/generator/waveforms/0/wave -
2025.05.15 14:23:37.833   set /dev12195/qachannels/0/generator/waveforms/0/wave vector (32000 B)
2025.05.15 14:23:37.833   get /dev12195/qachannels/0/generator/waveforms/0/wave -
2025.05.15 14:23:37.833   set /dev12195/qachannels/0/generator/waveforms/0/wave vector (32000 B)
2025.05.15 14:23:37.833   get /dev12195/qachannels/0/generator/waveforms/0/wave -
2025.05.15 14:23:37.833   set /dev12195/qachannels/0/generator/waveforms/0/wave vector (32000 B)
2025.05.15 14:23:37.833   get /dev12195/qachannels/0/generator/waveforms/0/wave -
2025.05.15 14:23:37.833   set /dev12195/qachannels/0/generator/waveforms/0/wave vector (32000 B)
2025.05.15 14:23:37.833   get /dev12195/qachannels/0/generator/waveforms/0/wave -
2025.05.15 14:23:37.833   set /dev12195/qachannels/0/generator/waveforms/0/wave vector (32000 B)
2025.05.15 14:23:37.833   get /dev12195/qachannels/0/generator/waveforms/0/wave -
2025.05.15 14:23:37.833   set /dev12195/qachannels/0/generator/waveforms/0/wave vector (32000 B)
2025.05.15 14:23:37.833   get /dev12195/qachannels/0/generator/waveforms/0/wave -
2025.05.15 14:23:37.835   set /dev12195/qachannels/0/generator/waveforms/0/wave vector (32000 B)
2025.05.15 14:23:37.835   get /dev12195/qachannels/0/generator/waveforms/0/wave -
2025.05.15 14:23:37.835   set /dev12195/qachannels/0/generator/waveforms/0/wave vector (32000 B)
2025.05.15 14:23:37.835   get /dev12195/qachannels/0/generator/waveforms/0/wave -
2025.05.15 14:23:37.835   set /dev12195/qachannels/0/generator/waveforms/0/wave vector (32000 B)
2025.05.15 14:23:37.835   get /dev12195/qachannels/0/generator/waveforms/0/wave -
2025.05.15 14:23:37.835   set /dev12195/qachannels/0/generator/waveforms/0/wave vector (32000 B)
2025.05.15 14:23:37.835   get /dev12195/qachannels/0/generator/waveforms/0/wave -
2025.05.15 14:23:37.835   set /dev12195/qachannels/0/generator/waveforms/0/wave vector (32000 B)
2025.05.15 14:23:37.835   get /dev12195/qachannels/0/generator/waveforms/0/wave -
2025.05.15 14:23:37.835   set /dev12195/qachannels/0/generator/waveforms/0/wave vector (32000 B)
2025.05.15 14:23:37.837   get /dev12195/qachannels/0/generator/waveforms/0/wave -
2025.05.15 14:23:37.837   set /dev12195/qachannels/0/generator/waveforms/0/wave vector (32000 B)
2025.05.15 14:23:37.837   get /dev12195/qachannels/0/generator/waveforms/0/wave -
2025.05.15 14:23:37.838   set /dev12195/qachannels/0/generator/waveforms/0/wave vector (32000 B)
2025.05.15 14:23:37.838   get /dev12195/qachannels/0/generator/waveforms/0/wave -
2025.05.15 14:23:37.838   set /dev12195/qachannels/0/generator/waveforms/0/wave vector (32000 B)
2025.05.15 14:23:37.838   get /dev12195/qachannels/0/generator/waveforms/0/wave -
2025.05.15 14:23:37.838   set /dev12195/qachannels/0/generator/waveforms/0/wave vector (32000 B)
2025.05.15 14:23:37.838   get /dev12195/qachannels/0/generator/waveforms/0/wave -
2025.05.15 14:23:37.839   set /dev12195/qachannels/0/generator/waveforms/0/wave vector (32000 B)
2025.05.15 14:23:37.839   get /dev12195/qachannels/0/generator/waveforms/0/wave -
2025.05.15 14:23:37.839   set /dev12195/qachannels/0/generator/waveforms/0/wave vector (32000 B)
2025.05.15 14:23:37.839   get /dev12195/qachannels/0/generator/waveforms/0/wave -
2025.05.15 14:23:37.839   set /dev12195/qachannels/0/generator/waveforms/0/wave vector (32000 B)
2025.05.15 14:23:37.839   get /dev12195/qachannels/0/generator/waveforms/0/wave -
2025.05.15 14:23:37.839   set /dev12195/qachannels/0/generator/waveforms/0/wave vector (32000 B)
2025.05.15 14:23:37.839   get /dev12195/qachannels/0/generator/waveforms/0/wave -
2025.05.15 14:23:37.839   set /dev12195/qachannels/0/generator/waveforms/0/wave vector (32000 B)
2025.05.15 14:23:37.839   get /dev12195/qachannels/0/generator/waveforms/0/wave -
2025.05.15 14:23:37.839   set /dev12195/qachannels/0/generator/waveforms/0/wave vector (32000 B)
2025.05.15 14:23:37.839   get /dev12195/qachannels/0/generator/waveforms/0/wave -
2025.05.15 14:23:37.839   set /dev12195/qachannels/0/generator/waveforms/0/wave vector (32000 B)
2025.05.15 14:23:37.839   get /dev12195/qachannels/0/generator/waveforms/0/wave -
2025.05.15 14:23:37.839   set /dev12195/qachannels/0/generator/waveforms/0/wave vector (32000 B)
2025.05.15 14:23:37.841   get /dev12195/qachannels/0/generator/waveforms/0/wave -
2025.05.15 14:23:37.841   set /dev12195/qachannels/0/generator/waveforms/0/wave vector (32000 B)
2025.05.15 14:23:37.841   get /dev12195/qachannels/0/generator/waveforms/0/wave -
2025.05.15 14:23:37.841   set /dev12195/qachannels/0/generator/waveforms/0/wave vector (32000 B)
2025.05.15 14:23:37.841   get /dev12195/qachannels/0/generator/waveforms/0/wave -
2025.05.15 14:23:37.841   set /dev12195/qachannels/0/generator/waveforms/0/wave vector (32000 B)
2025.05.15 14:23:37.841   get /dev12195/qachannels/0/generator/waveforms/0/wave -
2025.05.15 14:23:37.841   set /dev12195/qachannels/0/generator/waveforms/0/wave vector (32000 B)
2025.05.15 14:23:37.841   get /dev12195/qachannels/0/generator/waveforms/0/wave -
2025.05.15 14:23:37.841   set /dev12195/qachannels/0/generator/waveforms/0/wave vector (32000 B)
2025.05.15 14:23:37.841   get /dev12195/qachannels/0/generator/waveforms/0/wave -
2025.05.15 14:23:37.841   set /dev12195/qachannels/0/generator/waveforms/0/wave vector (32000 B)
2025.05.15 14:23:37.841   get /dev12195/qachannels/0/generator/waveforms/0/wave -
2025.05.15 14:23:37.841   set /dev12195/qachannels/0/generator/waveforms/0/wave vector (32000 B)
2025.05.15 14:23:37.843   get /dev12195/qachannels/0/generator/waveforms/0/wave -
2025.05.15 14:23:37.843   set /dev12195/qachannels/0/generator/waveforms/0/wave vector (32000 B)
2025.05.15 14:23:37.843   get /dev12195/qachannels/0/generator/waveforms/0/wave -
2025.05.15 14:23:37.843   set /dev12195/qachannels/0/generator/waveforms/0/wave vector (32000 B)
2025.05.15 14:23:37.843   get /dev12195/qachannels/0/generator/waveforms/0/wave -
2025.05.15 14:23:37.843   set /dev12195/qachannels/0/generator/waveforms/0/wave vector (32000 B)
2025.05.15 14:23:37.843   get /dev12195/qachannels/0/generator/waveforms/0/wave -
2025.05.15 14:23:37.843   set /dev12195/qachannels/0/generator/waveforms/0/wave vector (32000 B)
2025.05.15 14:23:37.843   get /dev12195/qachannels/0/generator/waveforms/0/wave -
2025.05.15 14:23:37.843   set /dev12195/qachannels/0/generator/waveforms/0/wave vector (32000 B)
2025.05.15 14:23:37.843   get /dev12195/qachannels/0/generator/waveforms/0/wave -
2025.05.15 14:23:37.843   set /dev12195/qachannels/0/generator/waveforms/0/wave vector (32000 B)
2025.05.15 14:23:37.843   get /dev12195/qachannels/0/generator/waveforms/0/wave -
2025.05.15 14:23:37.845   set /dev12195/qachannels/0/generator/waveforms/0/wave vector (32000 B)
2025.05.15 14:23:37.845   get /dev12195/qachannels/0/generator/waveforms/0/wave -
2025.05.15 14:23:37.845   set /dev12195/qachannels/0/generator/waveforms/0/wave vector (32000 B)
2025.05.15 14:23:37.845   get /dev12195/qachannels/0/generator/waveforms/0/wave -
2025.05.15 14:23:37.845   set /dev12195/qachannels/0/generator/waveforms/0/wave vector (32000 B)
2025.05.15 14:23:37.845   get /dev12195/qachannels/0/generator/waveforms/0/wave -
2025.05.15 14:23:37.845   set /dev12195/qachannels/0/generator/waveforms/0/wave vector (32000 B)
2025.05.15 14:23:37.845   get /dev12195/qachannels/0/generator/waveforms/0/wave -
2025.05.15 14:23:37.845   set /dev12195/qachannels/0/generator/waveforms/0/wave vector (32000 B)
2025.05.15 14:23:37.845   get /dev12195/qachannels/0/generator/waveforms/0/wave -
2025.05.15 14:23:37.845   set /dev12195/qachannels/0/generator/waveforms/0/wave vector (32000 B)
2025.05.15 14:23:37.845   get /dev12195/qachannels/0/generator/waveforms/0/wave -
2025.05.15 14:23:37.845   set /dev12195/qachannels/0/generator/waveforms/0/wave vector (32000 B)
2025.05.15 14:23:37.845   get /dev12195/qachannels/0/generator/waveforms/0/wave -
2025.05.15 14:23:37.847   set /dev12195/qachannels/0/generator/waveforms/0/wave vector (32000 B)
2025.05.15 14:23:37.847   get /dev12195/qachannels/0/generator/waveforms/0/wave -
2025.05.15 14:23:37.847   set /dev12195/qachannels/0/generator/waveforms/0/wave vector (32000 B)
2025.05.15 14:23:37.847   get /dev12195/qachannels/0/generator/waveforms/0/wave -
2025.05.15 14:23:37.847   set /dev12195/qachannels/0/generator/waveforms/0/wave vector (32000 B)
2025.05.15 14:23:37.847   get /dev12195/qachannels/0/generator/waveforms/0/wave -
2025.05.15 14:23:37.847   set /dev12195/qachannels/0/generator/waveforms/0/wave vector (32000 B)
2025.05.15 14:23:37.847   get /dev12195/qachannels/0/generator/waveforms/0/wave -
2025.05.15 14:23:37.847   set /dev12195/qachannels/0/generator/waveforms/0/wave vector (32000 B)
2025.05.15 14:23:37.847   get /dev12195/qachannels/0/generator/waveforms/0/wave -
2025.05.15 14:23:37.847   set /dev12195/qachannels/0/generator/waveforms/0/wave vector (32000 B)
2025.05.15 14:23:37.847   get /dev12195/qachannels/0/generator/waveforms/0/wave -
2025.05.15 14:23:37.847   set /dev12195/qachannels/0/generator/waveforms/0/wave vector (32000 B)
2025.05.15 14:23:37.849   get /dev12195/qachannels/0/generator/waveforms/0/wave -
2025.05.15 14:23:37.849   set /dev12195/qachannels/0/generator/waveforms/0/wave vector (32000 B)
2025.05.15 14:23:37.849   get /dev12195/qachannels/0/generator/waveforms/0/wave -
2025.05.15 14:23:37.849   set /dev12195/qachannels/0/generator/waveforms/0/wave vector (32000 B)
2025.05.15 14:23:37.849   get /dev12195/qachannels/0/generator/waveforms/0/wave -
2025.05.15 14:23:37.849   set /dev12195/qachannels/0/generator/waveforms/0/wave vector (32000 B)
2025.05.15 14:23:37.849   get /dev12195/qachannels/0/generator/waveforms/0/wave -
2025.05.15 14:23:37.849   set /dev12195/qachannels/0/generator/waveforms/0/wave vector (32000 B)
2025.05.15 14:23:37.849   get /dev12195/qachannels/0/generator/waveforms/0/wave -
2025.05.15 14:23:37.849   set /dev12195/qachannels/0/generator/waveforms/0/wave vector (32000 B)
2025.05.15 14:23:37.849   get /dev12195/qachannels/0/generator/waveforms/0/wave -
2025.05.15 14:23:37.849   set /dev12195/qachannels/0/generator/waveforms/0/wave vector (32000 B)
2025.05.15 14:23:37.849   get /dev12195/qachannels/0/generator/waveforms/0/wave -
2025.05.15 14:23:37.849   set /dev12195/qachannels/0/generator/waveforms/0/wave vector (32000 B)
2025.05.15 14:23:37.851   get /dev12195/qachannels/0/generator/waveforms/0/wave -
2025.05.15 14:23:37.851   set /dev12195/qachannels/0/generator/waveforms/0/wave vector (32000 B)
2025.05.15 14:23:37.851   get /dev12195/qachannels/0/generator/waveforms/0/wave -
2025.05.15 14:23:37.851   set /dev12195/qachannels/0/generator/waveforms/0/wave vector (32000 B)
2025.05.15 14:23:37.851   get /dev12195/qachannels/0/generator/waveforms/0/wave -
2025.05.15 14:23:37.851   set /dev12195/qachannels/0/generator/waveforms/0/wave vector (32000 B)
2025.05.15 14:23:37.851   get /dev12195/qachannels/0/generator/waveforms/0/wave -
2025.05.15 14:23:37.851   set /dev12195/qachannels/0/generator/waveforms/0/wave vector (32000 B)
2025.05.15 14:23:37.851   get /dev12195/qachannels/0/generator/waveforms/0/wave -
2025.05.15 14:23:37.851   set /dev12195/qachannels/0/generator/waveforms/0/wave vector (32000 B)
2025.05.15 14:23:37.851   get /dev12195/qachannels/0/generator/waveforms/0/wave -
2025.05.15 14:23:37.851   set /dev12195/qachannels/0/generator/waveforms/0/wave vector (32000 B)
2025.05.15 14:23:37.851   get /dev12195/qachannels/0/generator/waveforms/0/wave -
2025.05.15 14:23:37.851   set /dev12195/qachannels/0/generator/waveforms/0/wave vector (32000 B)
2025.05.15 14:23:37.853   get /dev12195/qachannels/0/generator/waveforms/0/wave -
2025.05.15 14:23:37.853   set /dev12195/qachannels/0/generator/waveforms/0/wave vector (32000 B)
2025.05.15 14:23:37.853   get /dev12195/qachannels/0/generator/waveforms/0/wave -
2025.05.15 14:23:37.853   set /dev12195/qachannels/0/generator/waveforms/0/wave vector (32000 B)
2025.05.15 14:23:37.853   get /dev12195/qachannels/0/generator/waveforms/0/wave -
2025.05.15 14:23:37.853   set /dev12195/qachannels/0/generator/waveforms/0/wave vector (32000 B)
2025.05.15 14:23:37.854   get /dev12195/qachannels/0/generator/waveforms/0/wave -
2025.05.15 14:23:37.854   set /dev12195/qachannels/0/generator/waveforms/0/wave vector (32000 B)
2025.05.15 14:23:37.854   get /dev12195/qachannels/0/generator/waveforms/0/wave -
2025.05.15 14:23:37.854   set /dev12195/qachannels/0/generator/waveforms/0/wave vector (32000 B)
2025.05.15 14:23:37.854   get /dev12195/qachannels/0/generator/waveforms/0/wave -
2025.05.15 14:23:37.854   set /dev12195/qachannels/0/generator/waveforms/0/wave vector (32000 B)
2025.05.15 14:23:37.855   get /dev12195/qachannels/0/generator/waveforms/0/wave -
2025.05.15 14:23:37.855   set /dev12195/qachannels/0/generator/waveforms/0/wave vector (32000 B)
2025.05.15 14:23:37.855   get /dev12195/qachannels/0/generator/waveforms/0/wave -
2025.05.15 14:23:37.855   set /dev12195/qachannels/0/generator/waveforms/0/wave vector (32000 B)
2025.05.15 14:23:37.855   get /dev12195/qachannels/0/generator/waveforms/0/wave -
2025.05.15 14:23:37.855   set /dev12195/qachannels/0/generator/waveforms/0/wave vector (32000 B)
2025.05.15 14:23:37.855   get /dev12195/qachannels/0/generator/waveforms/0/wave -
2025.05.15 14:23:37.856   set /dev12195/qachannels/0/generator/waveforms/0/wave vector (32000 B)
2025.05.15 14:23:37.856   get /dev12195/qachannels/0/generator/waveforms/0/wave -
2025.05.15 14:23:37.856   set /dev12195/qachannels/0/spectroscopy/envelope/enable 0
2025.05.15 14:23:37.856   set /dev12195/qachannels/0/readout/multistate/qudits/0/weights/0/wave vector (64000 B)
2025.05.15 14:23:37.856   set /dev12195/qachannels/0/readout/integration/length 4000
2025.05.15 14:23:37.856   set /dev12195/sgchannels/4/awg/enable 1
2025.05.15 14:23:37.857   set /dev12195/qachannels/0/generator/enable 1
2025.05.15 14:23:37.857   set /dev12195/system/internaltrigger/enable 1
2025.05.15 14:23:37.858   set /dev12195/raw/system/awg/runtimechecks/enable 0
2025.05.15 14:23:37.858   set /dev12195/qachannels/0/readout/result/enable 0
2025.05.15 14:23:37.858   get /dev12195/raw/error/json/errors -
2025.05.15 14:23:37.859   get /dev12195/raw/error/json/errors -
2025.05.15 14:23:37.859   set /dev12195/qachannels/0/spectroscopy/envelope/enable 1
2025.05.15 14:23:57.097 Node log from the data server with id 'zi_server':
2025.05.15 14:23:57.097   get /dev12195/raw/system/awg/runtimechecks/enable -
2025.05.15 14:23:57.097   get /dev12195/raw/system/awg/runtimechecks/enable -
2025.05.15 14:23:57.097   get /dev12195/system/clocks/referenceclock/in/freq -
2025.05.15 14:23:57.098   get /dev12195/system/clocks/referenceclock/in/sourceactual -
2025.05.15 14:23:57.098   get /dev12195/system/clocks/referenceclock/in/source -
2025.05.15 14:23:57.098   get /dev12195/system/clocks/referenceclock/in/status -
2025.05.15 14:23:57.098   get /dev12195/system/clocks/referenceclock/in/freq -
2025.05.15 14:23:57.098   get /dev12195/system/clocks/referenceclock/in/sourceactual -
2025.05.15 14:23:57.098   get /dev12195/system/clocks/referenceclock/in/source -
2025.05.15 14:23:57.098   get /dev12195/system/clocks/referenceclock/in/status -
2025.05.15 14:23:58.199 Node log from the data server with id 'zi_server':
2025.05.15 14:23:58.199   set /dev12195/raw/error/clear 1
2025.05.15 14:23:58.201   set /dev12195/sgchannels/0/pipeliner/mode 0
2025.05.15 14:23:58.201   set /dev12195/sgchannels/1/pipeliner/mode 0
2025.05.15 14:23:58.201   set /dev12195/sgchannels/2/pipeliner/mode 0
2025.05.15 14:23:58.201   set /dev12195/sgchannels/3/pipeliner/mode 0
2025.05.15 14:23:58.201   set /dev12195/sgchannels/4/pipeliner/mode 0
2025.05.15 14:23:58.201   set /dev12195/sgchannels/5/pipeliner/mode 0
2025.05.15 14:23:58.201   set /dev12195/sgchannels/0/synchronization/enable 0
2025.05.15 14:23:58.201   set /dev12195/sgchannels/1/synchronization/enable 0
2025.05.15 14:23:58.201   set /dev12195/sgchannels/2/synchronization/enable 0
2025.05.15 14:23:58.201   set /dev12195/sgchannels/3/synchronization/enable 0
2025.05.15 14:23:58.201   set /dev12195/sgchannels/4/synchronization/enable 0
2025.05.15 14:23:58.201   set /dev12195/sgchannels/5/synchronization/enable 0
2025.05.15 14:23:58.201   set /dev12195/sgchannels/0/awg/enable 0
2025.05.15 14:23:58.201   set /dev12195/sgchannels/1/awg/enable 0
2025.05.15 14:23:58.203   set /dev12195/sgchannels/2/awg/enable 0
2025.05.15 14:23:58.203   set /dev12195/sgchannels/3/awg/enable 0
2025.05.15 14:23:58.203   set /dev12195/sgchannels/4/awg/enable 0
2025.05.15 14:23:58.203   set /dev12195/sgchannels/5/awg/enable 0
2025.05.15 14:23:58.203   set /dev12195/system/synchronization/source 0
2025.05.15 14:23:58.203   set /dev12195/system/internaltrigger/synchronization/enable 0
2025.05.15 14:23:58.203   set /dev12195/scopes/0/enable 0
2025.05.15 14:23:58.203   set /dev12195/qachannels/0/pipeliner/mode 0
2025.05.15 14:23:58.205   set /dev12195/qachannels/0/synchronization/enable 0
2025.05.15 14:23:58.205   set /dev12195/qachannels/0/generator/enable 0
2025.05.15 14:23:58.205   set /dev12195/qachannels/0/readout/result/enable 0
2025.05.15 14:23:58.205   set /dev12195/qachannels/0/spectroscopy/psd/enable 0
2025.05.15 14:23:58.205   set /dev12195/qachannels/0/spectroscopy/result/enable 0
2025.05.15 14:23:58.205   set /dev12195/qachannels/0/output/rflfinterlock 1
2025.05.15 14:23:58.205   set /dev12195/qachannels/0/oscs/0/gain 1
2025.05.15 14:23:58.205   set /dev12195/scopes/0/channels/0/enable 0
2025.05.15 14:23:58.205   set /dev12195/scopes/0/channels/1/enable 0
2025.05.15 14:23:58.205   set /dev12195/scopes/0/channels/2/enable 0
2025.05.15 14:23:58.205   set /dev12195/scopes/0/channels/3/enable 0
2025.05.15 14:23:58.209   get /dev12195/sgchannels/0/output/overrangecount -
2025.05.15 14:23:58.209   get /dev12195/sgchannels/1/output/overrangecount -
2025.05.15 14:23:58.209   get /dev12195/sgchannels/2/output/overrangecount -
2025.05.15 14:23:58.209   get /dev12195/sgchannels/3/output/overrangecount -
2025.05.15 14:23:58.209   get /dev12195/sgchannels/4/output/overrangecount -
2025.05.15 14:23:58.209   get /dev12195/sgchannels/5/output/overrangecount -
2025.05.15 14:23:58.209   get /dev12195/qachannels/0/output/overrangecount -
2025.05.15 14:23:58.211   get /dev12195/qachannels/0/input/overrangecount -
2025.05.15 14:23:58.211   set /dev12195/sgchannels/4/output/on 1
2025.05.15 14:23:58.211   set /dev12195/sgchannels/4/awg/single 1
2025.05.15 14:23:58.211   set /dev12195/sgchannels/4/awg/modulation/enable 1
2025.05.15 14:23:58.211   set /dev12195/sgchannels/4/marker/source 0
2025.05.15 14:23:58.211   set /dev12195/sgchannels/4/trigger/delay 0
2025.05.15 14:23:58.211   set /dev12195/sgchannels/4/output/rflfpath 1
2025.05.15 14:23:58.211   set /dev12195/sgchannels/4/output/muting/enable 0
2025.05.15 14:23:58.211   set /dev12195/sgchannels/4/sines/0/oscselect 0
2025.05.15 14:23:58.211   set /dev12195/sgchannels/4/sines/0/harmonic 1
2025.05.15 14:23:58.211   set /dev12195/sgchannels/4/sines/0/phaseshift 0
2025.05.15 14:23:58.211   set /dev12195/qachannels/0/output/on 1
2025.05.15 14:23:58.211   set /dev12195/qachannels/0/generator/single 1
2025.05.15 14:23:58.211   set /dev12195/qachannels/0/output/muting/enable 0
2025.05.15 14:23:58.211   set /dev12195/qachannels/0/input/rflfpath 1
2025.05.15 14:23:58.213   set /dev12195/qachannels/0/input/on 1
2025.05.15 14:23:58.213   set /dev12195/sgchannels/4/oscs/0/freq 4e+07
2025.05.15 14:23:58.213   set /dev12195/sgchannels/4/awg/auxtriggers/0/slope 1
2025.05.15 14:23:58.213   set /dev12195/sgchannels/4/awg/auxtriggers/0/channel 8
2025.05.15 14:23:58.213   set /dev12195/system/internaltrigger/enable 0
2025.05.15 14:23:58.213   set /dev12195/system/internaltrigger/repetitions 1
2025.05.15 14:23:58.213   set /dev12195/qachannels/0/markers/0/source 32
2025.05.15 14:23:58.214   set /dev12195/qachannels/0/markers/1/source 36
2025.05.15 14:23:58.214   set /dev12195/qachannels/0/generator/auxtriggers/0/channel 8
2025.05.15 14:23:58.214   set /dev12195/sgchannels/4/oscs/0/freq 4e+07
2025.05.15 14:23:58.214   set /dev12195/synthesizers/3/centerfreq 3.6e+09
2025.05.15 14:23:58.214   set /dev12195/sgchannels/4/output/delay 0
2025.05.15 14:23:58.214   set /dev12195/qachannels/0/centerfreq 6.8e+09
2025.05.15 14:23:58.214   set /dev12195/qachannels/0/generator/delay 0
2025.05.15 14:23:58.214   set /dev12195/qachannels/0/readout/integration/delay 2.12e-07
2025.05.15 14:23:58.214   set /dev12195/qachannels/0/mode 1
2025.05.15 14:23:58.214   set /dev12195/qachannels/0/readout/multistate/qudits/0/enable 0
2025.05.15 14:23:58.214   set /dev12195/qachannels/0/readout/multistate/qudits/1/enable 0
2025.05.15 14:23:58.216   set /dev12195/qachannels/0/readout/multistate/qudits/2/enable 0
2025.05.15 14:23:58.216   set /dev12195/qachannels/0/readout/multistate/qudits/3/enable 0
2025.05.15 14:23:58.216   set /dev12195/qachannels/0/readout/multistate/qudits/4/enable 0
2025.05.15 14:23:58.216   set /dev12195/qachannels/0/readout/multistate/qudits/5/enable 0
2025.05.15 14:23:58.216   set /dev12195/qachannels/0/readout/multistate/qudits/6/enable 0
2025.05.15 14:23:58.216   set /dev12195/qachannels/0/readout/multistate/qudits/7/enable 0
2025.05.15 14:23:58.216   set /dev12195/qachannels/0/readout/multistate/enable 1
2025.05.15 14:23:58.216   set /dev12195/qachannels/0/readout/multistate/zsync/packed 1
2025.05.15 14:23:58.216   set /dev12195/qachannels/0/readout/multistate/qudits/0/numstates 2
2025.05.15 14:23:58.216   set /dev12195/qachannels/0/readout/multistate/qudits/0/enable 1
2025.05.15 14:23:58.216   set /dev12195/qachannels/0/readout/multistate/qudits/0/assignmentvec vector (8 B)
2025.05.15 14:23:58.218   set /dev12195/sgchannels/4/awg/elf/data vector (1528 B)
2025.05.15 14:23:58.218   set /dev12195/sgchannels/4/awg/commandtable/data vector (152 B)
2025.05.15 14:23:58.218   set /dev12195/qachannels/0/readout/result/enable 0
2025.05.15 14:23:58.218   set /dev12195/qachannels/0/readout/result/source 1
2025.05.15 14:23:58.218   set /dev12195/qachannels/0/readout/result/length 101
2025.05.15 14:23:58.218   set /dev12195/qachannels/0/readout/result/averages 3
2025.05.15 14:23:58.218   set /dev12195/qachannels/0/readout/result/mode 0
2025.05.15 14:23:58.218   set /dev12195/qachannels/0/readout/multistate/qudits/0/thresholds/0/value 0
2025.05.15 14:23:58.218   set /dev12195/qachannels/0/readout/result/enable 1
2025.05.15 14:23:58.218   set /dev12195/qachannels/0/spectroscopy/result/enable 0
2025.05.15 14:23:58.218   set /dev12195/scopes/0/enable 0
2025.05.15 14:23:58.218   set /dev12195/qachannels/0/generator/elf/data vector (1992 B)
2025.05.15 14:23:58.218   set /dev12195/qachannels/0/generator/clearwave 1
2025.05.15 14:23:58.220   set /dev12195/qachannels/0/generator/waveforms/0/wave vector (32000 B)
2025.05.15 14:23:58.220   get /dev12195/qachannels/0/generator/waveforms/0/wave -
2025.05.15 14:23:58.220   set /dev12195/qachannels/0/generator/waveforms/0/wave vector (32000 B)
2025.05.15 14:23:58.220   get /dev12195/qachannels/0/generator/waveforms/0/wave -
2025.05.15 14:23:58.220   set /dev12195/qachannels/0/generator/waveforms/0/wave vector (32000 B)
2025.05.15 14:23:58.220   get /dev12195/qachannels/0/generator/waveforms/0/wave -
2025.05.15 14:23:58.220   set /dev12195/qachannels/0/generator/waveforms/0/wave vector (32000 B)
2025.05.15 14:23:58.220   get /dev12195/qachannels/0/generator/waveforms/0/wave -
2025.05.15 14:23:58.220   set /dev12195/qachannels/0/generator/waveforms/0/wave vector (32000 B)
2025.05.15 14:23:58.220   get /dev12195/qachannels/0/generator/waveforms/0/wave -
2025.05.15 14:23:58.220   set /dev12195/qachannels/0/generator/waveforms/0/wave vector (32000 B)
2025.05.15 14:23:58.220   get /dev12195/qachannels/0/generator/waveforms/0/wave -
2025.05.15 14:23:58.220   set /dev12195/qachannels/0/generator/waveforms/0/wave vector (32000 B)
2025.05.15 14:23:58.220   get /dev12195/qachannels/0/generator/waveforms/0/wave -
2025.05.15 14:23:58.222   set /dev12195/qachannels/0/generator/waveforms/0/wave vector (32000 B)
2025.05.15 14:23:58.222   get /dev12195/qachannels/0/generator/waveforms/0/wave -
2025.05.15 14:23:58.222   set /dev12195/qachannels/0/generator/waveforms/0/wave vector (32000 B)
2025.05.15 14:23:58.222   get /dev12195/qachannels/0/generator/waveforms/0/wave -
2025.05.15 14:23:58.222   set /dev12195/qachannels/0/generator/waveforms/0/wave vector (32000 B)
2025.05.15 14:23:58.222   get /dev12195/qachannels/0/generator/waveforms/0/wave -
2025.05.15 14:23:58.222   set /dev12195/qachannels/0/generator/waveforms/0/wave vector (32000 B)
2025.05.15 14:23:58.222   get /dev12195/qachannels/0/generator/waveforms/0/wave -
2025.05.15 14:23:58.222   set /dev12195/qachannels/0/generator/waveforms/0/wave vector (32000 B)
2025.05.15 14:23:58.222   get /dev12195/qachannels/0/generator/waveforms/0/wave -
2025.05.15 14:23:58.222   set /dev12195/qachannels/0/generator/waveforms/0/wave vector (32000 B)
2025.05.15 14:23:58.222   get /dev12195/qachannels/0/generator/waveforms/0/wave -
2025.05.15 14:23:58.222   set /dev12195/qachannels/0/generator/waveforms/0/wave vector (32000 B)
2025.05.15 14:23:58.224   get /dev12195/qachannels/0/generator/waveforms/0/wave -
2025.05.15 14:23:58.224   set /dev12195/qachannels/0/generator/waveforms/0/wave vector (32000 B)
2025.05.15 14:23:58.224   get /dev12195/qachannels/0/generator/waveforms/0/wave -
2025.05.15 14:23:58.224   set /dev12195/qachannels/0/generator/waveforms/0/wave vector (32000 B)
2025.05.15 14:23:58.224   get /dev12195/qachannels/0/generator/waveforms/0/wave -
2025.05.15 14:23:58.224   set /dev12195/qachannels/0/generator/waveforms/0/wave vector (32000 B)
2025.05.15 14:23:58.224   get /dev12195/qachannels/0/generator/waveforms/0/wave -
2025.05.15 14:23:58.224   set /dev12195/qachannels/0/generator/waveforms/0/wave vector (32000 B)
2025.05.15 14:23:58.224   get /dev12195/qachannels/0/generator/waveforms/0/wave -
2025.05.15 14:23:58.224   set /dev12195/qachannels/0/generator/waveforms/0/wave vector (32000 B)
2025.05.15 14:23:58.224   get /dev12195/qachannels/0/generator/waveforms/0/wave -
2025.05.15 14:23:58.224   set /dev12195/qachannels/0/generator/waveforms/0/wave vector (32000 B)
2025.05.15 14:23:58.224   get /dev12195/qachannels/0/generator/waveforms/0/wave -
2025.05.15 14:23:58.224   set /dev12195/qachannels/0/generator/waveforms/0/wave vector (32000 B)
2025.05.15 14:23:58.226   get /dev12195/qachannels/0/generator/waveforms/0/wave -
2025.05.15 14:23:58.226   set /dev12195/qachannels/0/generator/waveforms/0/wave vector (32000 B)
2025.05.15 14:23:58.226   get /dev12195/qachannels/0/generator/waveforms/0/wave -
2025.05.15 14:23:58.226   set /dev12195/qachannels/0/generator/waveforms/0/wave vector (32000 B)
2025.05.15 14:23:58.226   get /dev12195/qachannels/0/generator/waveforms/0/wave -
2025.05.15 14:23:58.226   set /dev12195/qachannels/0/generator/waveforms/0/wave vector (32000 B)
2025.05.15 14:23:58.226   get /dev12195/qachannels/0/generator/waveforms/0/wave -
2025.05.15 14:23:58.226   set /dev12195/qachannels/0/generator/waveforms/0/wave vector (32000 B)
2025.05.15 14:23:58.226   get /dev12195/qachannels/0/generator/waveforms/0/wave -
2025.05.15 14:23:58.226   set /dev12195/qachannels/0/generator/waveforms/0/wave vector (32000 B)
2025.05.15 14:23:58.226   get /dev12195/qachannels/0/generator/waveforms/0/wave -
2025.05.15 14:23:58.228   set /dev12195/qachannels/0/generator/waveforms/0/wave vector (32000 B)
2025.05.15 14:23:58.228   get /dev12195/qachannels/0/generator/waveforms/0/wave -
2025.05.15 14:23:58.228   set /dev12195/qachannels/0/generator/waveforms/0/wave vector (32000 B)
2025.05.15 14:23:58.228   get /dev12195/qachannels/0/generator/waveforms/0/wave -
2025.05.15 14:23:58.228   set /dev12195/qachannels/0/generator/waveforms/0/wave vector (32000 B)
2025.05.15 14:23:58.228   get /dev12195/qachannels/0/generator/waveforms/0/wave -
2025.05.15 14:23:58.228   set /dev12195/qachannels/0/generator/waveforms/0/wave vector (32000 B)
2025.05.15 14:23:58.229   get /dev12195/qachannels/0/generator/waveforms/0/wave -
2025.05.15 14:23:58.229   set /dev12195/qachannels/0/generator/waveforms/0/wave vector (32000 B)
2025.05.15 14:23:58.229   get /dev12195/qachannels/0/generator/waveforms/0/wave -
2025.05.15 14:23:58.229   set /dev12195/qachannels/0/generator/waveforms/0/wave vector (32000 B)
2025.05.15 14:23:58.229   get /dev12195/qachannels/0/generator/waveforms/0/wave -
2025.05.15 14:23:58.229   set /dev12195/qachannels/0/generator/waveforms/0/wave vector (32000 B)
2025.05.15 14:23:58.229   get /dev12195/qachannels/0/generator/waveforms/0/wave -
2025.05.15 14:23:58.230   set /dev12195/qachannels/0/generator/waveforms/0/wave vector (32000 B)
2025.05.15 14:23:58.230   get /dev12195/qachannels/0/generator/waveforms/0/wave -
2025.05.15 14:23:58.230   set /dev12195/qachannels/0/generator/waveforms/0/wave vector (32000 B)
2025.05.15 14:23:58.230   get /dev12195/qachannels/0/generator/waveforms/0/wave -
2025.05.15 14:23:58.230   set /dev12195/qachannels/0/generator/waveforms/0/wave vector (32000 B)
2025.05.15 14:23:58.230   get /dev12195/qachannels/0/generator/waveforms/0/wave -
2025.05.15 14:23:58.230   set /dev12195/qachannels/0/generator/waveforms/0/wave vector (32000 B)
2025.05.15 14:23:58.231   get /dev12195/qachannels/0/generator/waveforms/0/wave -
2025.05.15 14:23:58.231   set /dev12195/qachannels/0/generator/waveforms/0/wave vector (32000 B)
2025.05.15 14:23:58.231   get /dev12195/qachannels/0/generator/waveforms/0/wave -
2025.05.15 14:23:58.232   set /dev12195/qachannels/0/generator/waveforms/0/wave vector (32000 B)
2025.05.15 14:23:58.232   get /dev12195/qachannels/0/generator/waveforms/0/wave -
2025.05.15 14:23:58.232   set /dev12195/qachannels/0/generator/waveforms/0/wave vector (32000 B)
2025.05.15 14:23:58.232   get /dev12195/qachannels/0/generator/waveforms/0/wave -
2025.05.15 14:23:58.232   set /dev12195/qachannels/0/generator/waveforms/0/wave vector (32000 B)
2025.05.15 14:23:58.232   get /dev12195/qachannels/0/generator/waveforms/0/wave -
2025.05.15 14:23:58.232   set /dev12195/qachannels/0/generator/waveforms/0/wave vector (32000 B)
2025.05.15 14:23:58.233   get /dev12195/qachannels/0/generator/waveforms/0/wave -
2025.05.15 14:23:58.233   set /dev12195/qachannels/0/generator/waveforms/0/wave vector (32000 B)
2025.05.15 14:23:58.233   get /dev12195/qachannels/0/generator/waveforms/0/wave -
2025.05.15 14:23:58.233   set /dev12195/qachannels/0/generator/waveforms/0/wave vector (32000 B)
2025.05.15 14:23:58.233   get /dev12195/qachannels/0/generator/waveforms/0/wave -
2025.05.15 14:23:58.233   set /dev12195/qachannels/0/generator/waveforms/0/wave vector (32000 B)
2025.05.15 14:23:58.233   get /dev12195/qachannels/0/generator/waveforms/0/wave -
2025.05.15 14:23:58.234   set /dev12195/qachannels/0/generator/waveforms/0/wave vector (32000 B)
2025.05.15 14:23:58.234   get /dev12195/qachannels/0/generator/waveforms/0/wave -
2025.05.15 14:23:58.234   set /dev12195/qachannels/0/generator/waveforms/0/wave vector (32000 B)
2025.05.15 14:23:58.234   get /dev12195/qachannels/0/generator/waveforms/0/wave -
2025.05.15 14:23:58.234   set /dev12195/qachannels/0/generator/waveforms/0/wave vector (32000 B)
2025.05.15 14:23:58.234   get /dev12195/qachannels/0/generator/waveforms/0/wave -
2025.05.15 14:23:58.234   set /dev12195/qachannels/0/generator/waveforms/0/wave vector (32000 B)
2025.05.15 14:23:58.235   get /dev12195/qachannels/0/generator/waveforms/0/wave -
2025.05.15 14:23:58.235   set /dev12195/qachannels/0/generator/waveforms/0/wave vector (32000 B)
2025.05.15 14:23:58.235   get /dev12195/qachannels/0/generator/waveforms/0/wave -
2025.05.15 14:23:58.235   set /dev12195/qachannels/0/generator/waveforms/0/wave vector (32000 B)
2025.05.15 14:23:58.235   get /dev12195/qachannels/0/generator/waveforms/0/wave -
2025.05.15 14:23:58.235   set /dev12195/qachannels/0/generator/waveforms/0/wave vector (32000 B)
2025.05.15 14:23:58.235   get /dev12195/qachannels/0/generator/waveforms/0/wave -
2025.05.15 14:23:58.236   set /dev12195/qachannels/0/generator/waveforms/0/wave vector (32000 B)
2025.05.15 14:23:58.236   get /dev12195/qachannels/0/generator/waveforms/0/wave -
2025.05.15 14:23:58.236   set /dev12195/qachannels/0/generator/waveforms/0/wave vector (32000 B)
2025.05.15 14:23:58.236   get /dev12195/qachannels/0/generator/waveforms/0/wave -
2025.05.15 14:23:58.236   set /dev12195/qachannels/0/generator/waveforms/0/wave vector (32000 B)
2025.05.15 14:23:58.236   get /dev12195/qachannels/0/generator/waveforms/0/wave -
2025.05.15 14:23:58.236   set /dev12195/qachannels/0/generator/waveforms/0/wave vector (32000 B)
2025.05.15 14:23:58.237   get /dev12195/qachannels/0/generator/waveforms/0/wave -
2025.05.15 14:23:58.237   set /dev12195/qachannels/0/generator/waveforms/0/wave vector (32000 B)
2025.05.15 14:23:58.237   get /dev12195/qachannels/0/generator/waveforms/0/wave -
2025.05.15 14:23:58.237   set /dev12195/qachannels/0/generator/waveforms/0/wave vector (32000 B)
2025.05.15 14:23:58.237   get /dev12195/qachannels/0/generator/waveforms/0/wave -
2025.05.15 14:23:58.237   set /dev12195/qachannels/0/generator/waveforms/0/wave vector (32000 B)
2025.05.15 14:23:58.237   get /dev12195/qachannels/0/generator/waveforms/0/wave -
2025.05.15 14:23:58.238   set /dev12195/qachannels/0/generator/waveforms/0/wave vector (32000 B)
2025.05.15 14:23:58.238   get /dev12195/qachannels/0/generator/waveforms/0/wave -
2025.05.15 14:23:58.238   set /dev12195/qachannels/0/generator/waveforms/0/wave vector (32000 B)
2025.05.15 14:23:58.238   get /dev12195/qachannels/0/generator/waveforms/0/wave -
2025.05.15 14:23:58.238   set /dev12195/qachannels/0/generator/waveforms/0/wave vector (32000 B)
2025.05.15 14:23:58.238   get /dev12195/qachannels/0/generator/waveforms/0/wave -
2025.05.15 14:23:58.238   set /dev12195/qachannels/0/generator/waveforms/0/wave vector (32000 B)
2025.05.15 14:23:58.239   get /dev12195/qachannels/0/generator/waveforms/0/wave -
2025.05.15 14:23:58.239   set /dev12195/qachannels/0/generator/waveforms/0/wave vector (32000 B)
2025.05.15 14:23:58.239   get /dev12195/qachannels/0/generator/waveforms/0/wave -
2025.05.15 14:23:58.239   set /dev12195/qachannels/0/generator/waveforms/0/wave vector (32000 B)
2025.05.15 14:23:58.239   get /dev12195/qachannels/0/generator/waveforms/0/wave -
2025.05.15 14:23:58.239   set /dev12195/qachannels/0/generator/waveforms/0/wave vector (32000 B)
2025.05.15 14:23:58.239   get /dev12195/qachannels/0/generator/waveforms/0/wave -
2025.05.15 14:23:58.240   set /dev12195/qachannels/0/generator/waveforms/0/wave vector (32000 B)
2025.05.15 14:23:58.240   get /dev12195/qachannels/0/generator/waveforms/0/wave -
2025.05.15 14:23:58.240   set /dev12195/qachannels/0/generator/waveforms/0/wave vector (32000 B)
2025.05.15 14:23:58.240   get /dev12195/qachannels/0/generator/waveforms/0/wave -
2025.05.15 14:23:58.240   set /dev12195/qachannels/0/generator/waveforms/0/wave vector (32000 B)
2025.05.15 14:23:58.240   get /dev12195/qachannels/0/generator/waveforms/0/wave -
2025.05.15 14:23:58.240   set /dev12195/qachannels/0/generator/waveforms/0/wave vector (32000 B)
2025.05.15 14:23:58.241   get /dev12195/qachannels/0/generator/waveforms/0/wave -
2025.05.15 14:23:58.241   set /dev12195/qachannels/0/generator/waveforms/0/wave vector (32000 B)
2025.05.15 14:23:58.241   get /dev12195/qachannels/0/generator/waveforms/0/wave -
2025.05.15 14:23:58.241   set /dev12195/qachannels/0/generator/waveforms/0/wave vector (32000 B)
2025.05.15 14:23:58.241   get /dev12195/qachannels/0/generator/waveforms/0/wave -
2025.05.15 14:23:58.241   set /dev12195/qachannels/0/generator/waveforms/0/wave vector (32000 B)
2025.05.15 14:23:58.241   get /dev12195/qachannels/0/generator/waveforms/0/wave -
2025.05.15 14:23:58.242   set /dev12195/qachannels/0/generator/waveforms/0/wave vector (32000 B)
2025.05.15 14:23:58.242   get /dev12195/qachannels/0/generator/waveforms/0/wave -
2025.05.15 14:23:58.242   set /dev12195/qachannels/0/generator/waveforms/0/wave vector (32000 B)
2025.05.15 14:23:58.242   get /dev12195/qachannels/0/generator/waveforms/0/wave -
2025.05.15 14:23:58.242   set /dev12195/qachannels/0/generator/waveforms/0/wave vector (32000 B)
2025.05.15 14:23:58.242   get /dev12195/qachannels/0/generator/waveforms/0/wave -
2025.05.15 14:23:58.242   set /dev12195/qachannels/0/generator/waveforms/0/wave vector (32000 B)
2025.05.15 14:23:58.243   get /dev12195/qachannels/0/generator/waveforms/0/wave -
2025.05.15 14:23:58.243   set /dev12195/qachannels/0/generator/waveforms/0/wave vector (32000 B)
2025.05.15 14:23:58.243   get /dev12195/qachannels/0/generator/waveforms/0/wave -
2025.05.15 14:23:58.243   set /dev12195/qachannels/0/generator/waveforms/0/wave vector (32000 B)
2025.05.15 14:23:58.243   get /dev12195/qachannels/0/generator/waveforms/0/wave -
2025.05.15 14:23:58.243   set /dev12195/qachannels/0/generator/waveforms/0/wave vector (32000 B)
2025.05.15 14:23:58.243   get /dev12195/qachannels/0/generator/waveforms/0/wave -
2025.05.15 14:23:58.244   set /dev12195/qachannels/0/generator/waveforms/0/wave vector (32000 B)
2025.05.15 14:23:58.244   get /dev12195/qachannels/0/generator/waveforms/0/wave -
2025.05.15 14:23:58.244   set /dev12195/qachannels/0/generator/waveforms/0/wave vector (32000 B)
2025.05.15 14:23:58.244   get /dev12195/qachannels/0/generator/waveforms/0/wave -
2025.05.15 14:23:58.244   set /dev12195/qachannels/0/generator/waveforms/0/wave vector (32000 B)
2025.05.15 14:23:58.244   get /dev12195/qachannels/0/generator/waveforms/0/wave -
2025.05.15 14:23:58.245   set /dev12195/qachannels/0/generator/waveforms/0/wave vector (32000 B)
2025.05.15 14:23:58.245   get /dev12195/qachannels/0/generator/waveforms/0/wave -
2025.05.15 14:23:58.245   set /dev12195/qachannels/0/generator/waveforms/0/wave vector (32000 B)
2025.05.15 14:23:58.245   get /dev12195/qachannels/0/generator/waveforms/0/wave -
2025.05.15 14:23:58.245   set /dev12195/qachannels/0/generator/waveforms/0/wave vector (32000 B)
2025.05.15 14:23:58.245   get /dev12195/qachannels/0/generator/waveforms/0/wave -
2025.05.15 14:23:58.245   set /dev12195/qachannels/0/generator/waveforms/0/wave vector (32000 B)
2025.05.15 14:23:58.246   get /dev12195/qachannels/0/generator/waveforms/0/wave -
2025.05.15 14:23:58.246   set /dev12195/qachannels/0/generator/waveforms/0/wave vector (32000 B)
2025.05.15 14:23:58.246   get /dev12195/qachannels/0/generator/waveforms/0/wave -
2025.05.15 14:23:58.246   set /dev12195/qachannels/0/generator/waveforms/0/wave vector (32000 B)
2025.05.15 14:23:58.247   get /dev12195/qachannels/0/generator/waveforms/0/wave -
2025.05.15 14:23:58.247   set /dev12195/qachannels/0/generator/waveforms/0/wave vector (32000 B)
2025.05.15 14:23:58.247   get /dev12195/qachannels/0/generator/waveforms/0/wave -
2025.05.15 14:23:58.247   set /dev12195/qachannels/0/generator/waveforms/0/wave vector (32000 B)
2025.05.15 14:23:58.247   get /dev12195/qachannels/0/generator/waveforms/0/wave -
2025.05.15 14:23:58.247   set /dev12195/qachannels/0/generator/waveforms/0/wave vector (32000 B)
2025.05.15 14:23:58.247   get /dev12195/qachannels/0/generator/waveforms/0/wave -
2025.05.15 14:23:58.248   set /dev12195/qachannels/0/generator/waveforms/0/wave vector (32000 B)
2025.05.15 14:23:58.248   get /dev12195/qachannels/0/generator/waveforms/0/wave -
2025.05.15 14:23:58.248   set /dev12195/qachannels/0/generator/waveforms/0/wave vector (32000 B)
2025.05.15 14:23:58.248   get /dev12195/qachannels/0/generator/waveforms/0/wave -
2025.05.15 14:23:58.248   set /dev12195/qachannels/0/generator/waveforms/0/wave vector (32000 B)
2025.05.15 14:23:58.248   get /dev12195/qachannels/0/generator/waveforms/0/wave -
2025.05.15 14:23:58.248   set /dev12195/qachannels/0/generator/waveforms/0/wave vector (32000 B)
2025.05.15 14:23:58.249   get /dev12195/qachannels/0/generator/waveforms/0/wave -
2025.05.15 14:23:58.249   set /dev12195/qachannels/0/generator/waveforms/0/wave vector (32000 B)
2025.05.15 14:23:58.249   get /dev12195/qachannels/0/generator/waveforms/0/wave -
2025.05.15 14:23:58.249   set /dev12195/qachannels/0/generator/waveforms/0/wave vector (32000 B)
2025.05.15 14:23:58.249   get /dev12195/qachannels/0/generator/waveforms/0/wave -
2025.05.15 14:23:58.249   set /dev12195/qachannels/0/generator/waveforms/0/wave vector (32000 B)
2025.05.15 14:23:58.249   get /dev12195/qachannels/0/generator/waveforms/0/wave -
2025.05.15 14:23:58.250   set /dev12195/qachannels/0/generator/waveforms/0/wave vector (32000 B)
2025.05.15 14:23:58.250   get /dev12195/qachannels/0/generator/waveforms/0/wave -
2025.05.15 14:23:58.250   set /dev12195/qachannels/0/generator/waveforms/0/wave vector (32000 B)
2025.05.15 14:23:58.250   get /dev12195/qachannels/0/generator/waveforms/0/wave -
2025.05.15 14:23:58.250   set /dev12195/qachannels/0/spectroscopy/envelope/enable 0
2025.05.15 14:23:58.250   set /dev12195/qachannels/0/readout/multistate/qudits/0/weights/0/wave vector (64000 B)
2025.05.15 14:23:58.250   set /dev12195/qachannels/0/readout/integration/length 4000
2025.05.15 14:23:58.251   set /dev12195/sgchannels/4/awg/enable 1
2025.05.15 14:23:58.251   set /dev12195/qachannels/0/generator/enable 1
2025.05.15 14:23:58.252   set /dev12195/system/internaltrigger/enable 1
2025.05.15 14:23:58.253   set /dev12195/raw/system/awg/runtimechecks/enable 0
2025.05.15 14:23:58.253   set /dev12195/qachannels/0/readout/result/enable 0
2025.05.15 14:23:58.253   get /dev12195/raw/error/json/errors -
2025.05.15 14:23:58.254   get /dev12195/raw/error/json/errors -
2025.05.15 14:23:58.254   set /dev12195/qachannels/0/spectroscopy/envelope/enable 1
2025.05.15 14:24:48.455 Node log from the data server with id 'zi_server':
2025.05.15 14:24:48.455   get /dev12195/raw/system/awg/runtimechecks/enable -
2025.05.15 14:24:48.455   get /dev12195/raw/system/awg/runtimechecks/enable -
2025.05.15 14:24:48.455   get /dev12195/system/clocks/referenceclock/in/freq -
2025.05.15 14:24:48.457   get /dev12195/system/clocks/referenceclock/in/sourceactual -
2025.05.15 14:24:48.457   get /dev12195/system/clocks/referenceclock/in/source -
2025.05.15 14:24:48.457   get /dev12195/system/clocks/referenceclock/in/status -
2025.05.15 14:24:48.457   get /dev12195/system/clocks/referenceclock/in/freq -
2025.05.15 14:24:48.457   get /dev12195/system/clocks/referenceclock/in/sourceactual -
2025.05.15 14:24:48.457   get /dev12195/system/clocks/referenceclock/in/source -
2025.05.15 14:24:48.457   get /dev12195/system/clocks/referenceclock/in/status -
2025.05.15 14:24:49.513 Node log from the data server with id 'zi_server':
2025.05.15 14:24:49.514   set /dev12195/raw/error/clear 1
2025.05.15 14:24:49.514   set /dev12195/sgchannels/0/pipeliner/mode 0
2025.05.15 14:24:49.514   set /dev12195/sgchannels/1/pipeliner/mode 0
2025.05.15 14:24:49.514   set /dev12195/sgchannels/2/pipeliner/mode 0
2025.05.15 14:24:49.514   set /dev12195/sgchannels/3/pipeliner/mode 0
2025.05.15 14:24:49.514   set /dev12195/sgchannels/4/pipeliner/mode 0
2025.05.15 14:24:49.515   set /dev12195/sgchannels/5/pipeliner/mode 0
2025.05.15 14:24:49.515   set /dev12195/sgchannels/0/synchronization/enable 0
2025.05.15 14:24:49.515   set /dev12195/sgchannels/1/synchronization/enable 0
2025.05.15 14:24:49.515   set /dev12195/sgchannels/2/synchronization/enable 0
2025.05.15 14:24:49.515   set /dev12195/sgchannels/3/synchronization/enable 0
2025.05.15 14:24:49.515   set /dev12195/sgchannels/4/synchronization/enable 0
2025.05.15 14:24:49.515   set /dev12195/sgchannels/5/synchronization/enable 0
2025.05.15 14:24:49.516   set /dev12195/sgchannels/0/awg/enable 0
2025.05.15 14:24:49.516   set /dev12195/sgchannels/1/awg/enable 0
2025.05.15 14:24:49.516   set /dev12195/sgchannels/2/awg/enable 0
2025.05.15 14:24:49.516   set /dev12195/sgchannels/3/awg/enable 0
2025.05.15 14:24:49.516   set /dev12195/sgchannels/4/awg/enable 0
2025.05.15 14:24:49.516   set /dev12195/sgchannels/5/awg/enable 0
2025.05.15 14:24:49.517   set /dev12195/system/synchronization/source 0
2025.05.15 14:24:49.517   set /dev12195/system/internaltrigger/synchronization/enable 0
2025.05.15 14:24:49.518   set /dev12195/scopes/0/enable 0
2025.05.15 14:24:49.518   set /dev12195/qachannels/0/pipeliner/mode 0
2025.05.15 14:24:49.518   set /dev12195/qachannels/0/synchronization/enable 0
2025.05.15 14:24:49.518   set /dev12195/qachannels/0/generator/enable 0
2025.05.15 14:24:49.518   set /dev12195/qachannels/0/readout/result/enable 0
2025.05.15 14:24:49.518   set /dev12195/qachannels/0/spectroscopy/psd/enable 0
2025.05.15 14:24:49.518   set /dev12195/qachannels/0/spectroscopy/result/enable 0
2025.05.15 14:24:49.519   set /dev12195/qachannels/0/output/rflfinterlock 1
2025.05.15 14:24:49.519   set /dev12195/qachannels/0/oscs/0/gain 1
2025.05.15 14:24:49.519   set /dev12195/scopes/0/channels/0/enable 0
2025.05.15 14:24:49.519   set /dev12195/scopes/0/channels/1/enable 0
2025.05.15 14:24:49.519   set /dev12195/scopes/0/channels/2/enable 0
2025.05.15 14:24:49.519   set /dev12195/scopes/0/channels/3/enable 0
2025.05.15 14:24:49.523   get /dev12195/sgchannels/0/output/overrangecount -
2025.05.15 14:24:49.523   get /dev12195/sgchannels/1/output/overrangecount -
2025.05.15 14:24:49.523   get /dev12195/sgchannels/2/output/overrangecount -
2025.05.15 14:24:49.523   get /dev12195/sgchannels/3/output/overrangecount -
2025.05.15 14:24:49.523   get /dev12195/sgchannels/4/output/overrangecount -
2025.05.15 14:24:49.524   get /dev12195/sgchannels/5/output/overrangecount -
2025.05.15 14:24:49.524   get /dev12195/qachannels/0/output/overrangecount -
2025.05.15 14:24:49.524   get /dev12195/qachannels/0/input/overrangecount -
2025.05.15 14:24:49.524   set /dev12195/sgchannels/4/output/on 1
2025.05.15 14:24:49.524   set /dev12195/sgchannels/4/awg/single 1
2025.05.15 14:24:49.524   set /dev12195/sgchannels/4/awg/modulation/enable 1
2025.05.15 14:24:49.524   set /dev12195/sgchannels/4/marker/source 0
2025.05.15 14:24:49.525   set /dev12195/sgchannels/4/trigger/delay 0
2025.05.15 14:24:49.525   set /dev12195/sgchannels/4/output/rflfpath 1
2025.05.15 14:24:49.525   set /dev12195/sgchannels/4/output/muting/enable 0
2025.05.15 14:24:49.525   set /dev12195/sgchannels/4/sines/0/oscselect 0
2025.05.15 14:24:49.525   set /dev12195/sgchannels/4/sines/0/harmonic 1
2025.05.15 14:24:49.525   set /dev12195/sgchannels/4/sines/0/phaseshift 0
2025.05.15 14:24:49.525   set /dev12195/qachannels/0/output/on 1
2025.05.15 14:24:49.525   set /dev12195/qachannels/0/generator/single 1
2025.05.15 14:24:49.526   set /dev12195/qachannels/0/output/muting/enable 0
2025.05.15 14:24:49.526   set /dev12195/qachannels/0/input/rflfpath 1
2025.05.15 14:24:49.526   set /dev12195/qachannels/0/input/on 1
2025.05.15 14:24:49.526   set /dev12195/sgchannels/4/oscs/0/freq 4e+07
2025.05.15 14:24:49.526   set /dev12195/sgchannels/4/awg/auxtriggers/0/slope 1
2025.05.15 14:24:49.526   set /dev12195/sgchannels/4/awg/auxtriggers/0/channel 8
2025.05.15 14:24:49.526   set /dev12195/system/internaltrigger/enable 0
2025.05.15 14:24:49.527   set /dev12195/system/internaltrigger/repetitions 1
2025.05.15 14:24:49.527   set /dev12195/qachannels/0/markers/0/source 32
2025.05.15 14:24:49.527   set /dev12195/qachannels/0/markers/1/source 36
2025.05.15 14:24:49.527   set /dev12195/qachannels/0/generator/auxtriggers/0/channel 8
2025.05.15 14:24:49.527   set /dev12195/sgchannels/4/oscs/0/freq 4e+07
2025.05.15 14:24:49.527   set /dev12195/synthesizers/3/centerfreq 3.6e+09
2025.05.15 14:24:49.527   set /dev12195/sgchannels/4/output/delay 0
2025.05.15 14:24:49.528   set /dev12195/qachannels/0/centerfreq 6.8e+09
2025.05.15 14:24:49.528   set /dev12195/qachannels/0/generator/delay 0
2025.05.15 14:24:49.528   set /dev12195/qachannels/0/readout/integration/delay 2.12e-07
2025.05.15 14:24:49.528   set /dev12195/qachannels/0/mode 1
2025.05.15 14:24:49.528   set /dev12195/qachannels/0/readout/multistate/qudits/0/enable 0
2025.05.15 14:24:49.528   set /dev12195/qachannels/0/readout/multistate/qudits/1/enable 0
2025.05.15 14:24:49.528   set /dev12195/qachannels/0/readout/multistate/qudits/2/enable 0
2025.05.15 14:24:49.528   set /dev12195/qachannels/0/readout/multistate/qudits/3/enable 0
2025.05.15 14:24:49.528   set /dev12195/qachannels/0/readout/multistate/qudits/4/enable 0
2025.05.15 14:24:49.530   set /dev12195/qachannels/0/readout/multistate/qudits/5/enable 0
2025.05.15 14:24:49.530   set /dev12195/qachannels/0/readout/multistate/qudits/6/enable 0
2025.05.15 14:24:49.530   set /dev12195/qachannels/0/readout/multistate/qudits/7/enable 0
2025.05.15 14:24:49.530   set /dev12195/qachannels/0/readout/multistate/enable 1
2025.05.15 14:24:49.530   set /dev12195/qachannels/0/readout/multistate/zsync/packed 1
2025.05.15 14:24:49.530   set /dev12195/qachannels/0/readout/multistate/qudits/0/numstates 2
2025.05.15 14:24:49.530   set /dev12195/qachannels/0/readout/multistate/qudits/0/enable 1
2025.05.15 14:24:49.531   set /dev12195/qachannels/0/readout/multistate/qudits/0/assignmentvec vector (8 B)
2025.05.15 14:24:49.531   set /dev12195/sgchannels/4/awg/elf/data vector (1528 B)
2025.05.15 14:24:49.531   set /dev12195/sgchannels/4/awg/commandtable/data vector (152 B)
2025.05.15 14:24:49.532   set /dev12195/qachannels/0/readout/result/enable 0
2025.05.15 14:24:49.532   set /dev12195/qachannels/0/readout/result/source 1
2025.05.15 14:24:49.532   set /dev12195/qachannels/0/readout/result/length 101
2025.05.15 14:24:49.532   set /dev12195/qachannels/0/readout/result/averages 3
2025.05.15 14:24:49.532   set /dev12195/qachannels/0/readout/result/mode 0
2025.05.15 14:24:49.532   set /dev12195/qachannels/0/readout/multistate/qudits/0/thresholds/0/value 0
2025.05.15 14:24:49.532   set /dev12195/qachannels/0/readout/result/enable 1
2025.05.15 14:24:49.532   set /dev12195/qachannels/0/spectroscopy/result/enable 0
2025.05.15 14:24:49.532   set /dev12195/scopes/0/enable 0
2025.05.15 14:24:49.532   set /dev12195/qachannels/0/generator/elf/data vector (1992 B)
2025.05.15 14:24:49.533   set /dev12195/qachannels/0/generator/clearwave 1
2025.05.15 14:24:49.533   set /dev12195/qachannels/0/generator/waveforms/0/wave vector (32000 B)
2025.05.15 14:24:49.533   get /dev12195/qachannels/0/generator/waveforms/0/wave -
2025.05.15 14:24:49.533   set /dev12195/qachannels/0/generator/waveforms/0/wave vector (32000 B)
2025.05.15 14:24:49.534   get /dev12195/qachannels/0/generator/waveforms/0/wave -
2025.05.15 14:24:49.534   set /dev12195/qachannels/0/generator/waveforms/0/wave vector (32000 B)
2025.05.15 14:24:49.534   get /dev12195/qachannels/0/generator/waveforms/0/wave -
2025.05.15 14:24:49.534   set /dev12195/qachannels/0/generator/waveforms/0/wave vector (32000 B)
2025.05.15 14:24:49.534   get /dev12195/qachannels/0/generator/waveforms/0/wave -
2025.05.15 14:24:49.534   set /dev12195/qachannels/0/generator/waveforms/0/wave vector (32000 B)
2025.05.15 14:24:49.534   get /dev12195/qachannels/0/generator/waveforms/0/wave -
2025.05.15 14:24:49.534   set /dev12195/qachannels/0/generator/waveforms/0/wave vector (32000 B)
2025.05.15 14:24:49.534   get /dev12195/qachannels/0/generator/waveforms/0/wave -
2025.05.15 14:24:49.534   set /dev12195/qachannels/0/generator/waveforms/0/wave vector (32000 B)
2025.05.15 14:24:49.535   get /dev12195/qachannels/0/generator/waveforms/0/wave -
2025.05.15 14:24:49.535   set /dev12195/qachannels/0/generator/waveforms/0/wave vector (32000 B)
2025.05.15 14:24:49.535   get /dev12195/qachannels/0/generator/waveforms/0/wave -
2025.05.15 14:24:49.535   set /dev12195/qachannels/0/generator/waveforms/0/wave vector (32000 B)
2025.05.15 14:24:49.536   get /dev12195/qachannels/0/generator/waveforms/0/wave -
2025.05.15 14:24:49.536   set /dev12195/qachannels/0/generator/waveforms/0/wave vector (32000 B)
2025.05.15 14:24:49.536   get /dev12195/qachannels/0/generator/waveforms/0/wave -
2025.05.15 14:24:49.536   set /dev12195/qachannels/0/generator/waveforms/0/wave vector (32000 B)
2025.05.15 14:24:49.536   get /dev12195/qachannels/0/generator/waveforms/0/wave -
2025.05.15 14:24:49.536   set /dev12195/qachannels/0/generator/waveforms/0/wave vector (32000 B)
2025.05.15 14:24:49.536   get /dev12195/qachannels/0/generator/waveforms/0/wave -
2025.05.15 14:24:49.537   set /dev12195/qachannels/0/generator/waveforms/0/wave vector (32000 B)
2025.05.15 14:24:49.537   get /dev12195/qachannels/0/generator/waveforms/0/wave -
2025.05.15 14:24:49.537   set /dev12195/qachannels/0/generator/waveforms/0/wave vector (32000 B)
2025.05.15 14:24:49.537   get /dev12195/qachannels/0/generator/waveforms/0/wave -
2025.05.15 14:24:49.538   set /dev12195/qachannels/0/generator/waveforms/0/wave vector (32000 B)
2025.05.15 14:24:49.538   get /dev12195/qachannels/0/generator/waveforms/0/wave -
2025.05.15 14:24:49.538   set /dev12195/qachannels/0/generator/waveforms/0/wave vector (32000 B)
2025.05.15 14:24:49.538   get /dev12195/qachannels/0/generator/waveforms/0/wave -
2025.05.15 14:24:49.539   set /dev12195/qachannels/0/generator/waveforms/0/wave vector (32000 B)
2025.05.15 14:24:49.539   get /dev12195/qachannels/0/generator/waveforms/0/wave -
2025.05.15 14:24:49.539   set /dev12195/qachannels/0/generator/waveforms/0/wave vector (32000 B)
2025.05.15 14:24:49.539   get /dev12195/qachannels/0/generator/waveforms/0/wave -
2025.05.15 14:24:49.539   set /dev12195/qachannels/0/generator/waveforms/0/wave vector (32000 B)
2025.05.15 14:24:49.539   get /dev12195/qachannels/0/generator/waveforms/0/wave -
2025.05.15 14:24:49.539   set /dev12195/qachannels/0/generator/waveforms/0/wave vector (32000 B)
2025.05.15 14:24:49.539   get /dev12195/qachannels/0/generator/waveforms/0/wave -
2025.05.15 14:24:49.539   set /dev12195/qachannels/0/generator/waveforms/0/wave vector (32000 B)
2025.05.15 14:24:49.539   get /dev12195/qachannels/0/generator/waveforms/0/wave -
2025.05.15 14:24:49.540   set /dev12195/qachannels/0/generator/waveforms/0/wave vector (32000 B)
2025.05.15 14:24:49.540   get /dev12195/qachannels/0/generator/waveforms/0/wave -
2025.05.15 14:24:49.540   set /dev12195/qachannels/0/generator/waveforms/0/wave vector (32000 B)
2025.05.15 14:24:49.540   get /dev12195/qachannels/0/generator/waveforms/0/wave -
2025.05.15 14:24:49.540   set /dev12195/qachannels/0/generator/waveforms/0/wave vector (32000 B)
2025.05.15 14:24:49.540   get /dev12195/qachannels/0/generator/waveforms/0/wave -
2025.05.15 14:24:49.540   set /dev12195/qachannels/0/generator/waveforms/0/wave vector (32000 B)
2025.05.15 14:24:49.541   get /dev12195/qachannels/0/generator/waveforms/0/wave -
2025.05.15 14:24:49.541   set /dev12195/qachannels/0/generator/waveforms/0/wave vector (32000 B)
2025.05.15 14:24:49.541   get /dev12195/qachannels/0/generator/waveforms/0/wave -
2025.05.15 14:24:49.541   set /dev12195/qachannels/0/generator/waveforms/0/wave vector (32000 B)
2025.05.15 14:24:49.541   get /dev12195/qachannels/0/generator/waveforms/0/wave -
2025.05.15 14:24:49.541   set /dev12195/qachannels/0/generator/waveforms/0/wave vector (32000 B)
2025.05.15 14:24:49.541   get /dev12195/qachannels/0/generator/waveforms/0/wave -
2025.05.15 14:24:49.541   set /dev12195/qachannels/0/generator/waveforms/0/wave vector (32000 B)
2025.05.15 14:24:49.542   get /dev12195/qachannels/0/generator/waveforms/0/wave -
2025.05.15 14:24:49.542   set /dev12195/qachannels/0/generator/waveforms/0/wave vector (32000 B)
2025.05.15 14:24:49.542   get /dev12195/qachannels/0/generator/waveforms/0/wave -
2025.05.15 14:24:49.542   set /dev12195/qachannels/0/generator/waveforms/0/wave vector (32000 B)
2025.05.15 14:24:49.542   get /dev12195/qachannels/0/generator/waveforms/0/wave -
2025.05.15 14:24:49.542   set /dev12195/qachannels/0/generator/waveforms/0/wave vector (32000 B)
2025.05.15 14:24:49.542   get /dev12195/qachannels/0/generator/waveforms/0/wave -
2025.05.15 14:24:49.543   set /dev12195/qachannels/0/generator/waveforms/0/wave vector (32000 B)
2025.05.15 14:24:49.543   get /dev12195/qachannels/0/generator/waveforms/0/wave -
2025.05.15 14:24:49.543   set /dev12195/qachannels/0/generator/waveforms/0/wave vector (32000 B)
2025.05.15 14:24:49.543   get /dev12195/qachannels/0/generator/waveforms/0/wave -
2025.05.15 14:24:49.543   set /dev12195/qachannels/0/generator/waveforms/0/wave vector (32000 B)
2025.05.15 14:24:49.543   get /dev12195/qachannels/0/generator/waveforms/0/wave -
2025.05.15 14:24:49.544   set /dev12195/qachannels/0/generator/waveforms/0/wave vector (32000 B)
2025.05.15 14:24:49.544   get /dev12195/qachannels/0/generator/waveforms/0/wave -
2025.05.15 14:24:49.544   set /dev12195/qachannels/0/generator/waveforms/0/wave vector (32000 B)
2025.05.15 14:24:49.544   get /dev12195/qachannels/0/generator/waveforms/0/wave -
2025.05.15 14:24:49.545   set /dev12195/qachannels/0/generator/waveforms/0/wave vector (32000 B)
2025.05.15 14:24:49.545   get /dev12195/qachannels/0/generator/waveforms/0/wave -
2025.05.15 14:24:49.545   set /dev12195/qachannels/0/generator/waveforms/0/wave vector (32000 B)
2025.05.15 14:24:49.545   get /dev12195/qachannels/0/generator/waveforms/0/wave -
2025.05.15 14:24:49.546   set /dev12195/qachannels/0/generator/waveforms/0/wave vector (32000 B)
2025.05.15 14:24:49.546   get /dev12195/qachannels/0/generator/waveforms/0/wave -
2025.05.15 14:24:49.546   set /dev12195/qachannels/0/generator/waveforms/0/wave vector (32000 B)
2025.05.15 14:24:49.546   get /dev12195/qachannels/0/generator/waveforms/0/wave -
2025.05.15 14:24:49.546   set /dev12195/qachannels/0/generator/waveforms/0/wave vector (32000 B)
2025.05.15 14:24:49.546   get /dev12195/qachannels/0/generator/waveforms/0/wave -
2025.05.15 14:24:49.546   set /dev12195/qachannels/0/generator/waveforms/0/wave vector (32000 B)
2025.05.15 14:24:49.547   get /dev12195/qachannels/0/generator/waveforms/0/wave -
2025.05.15 14:24:49.547   set /dev12195/qachannels/0/generator/waveforms/0/wave vector (32000 B)
2025.05.15 14:24:49.547   get /dev12195/qachannels/0/generator/waveforms/0/wave -
2025.05.15 14:24:49.547   set /dev12195/qachannels/0/generator/waveforms/0/wave vector (32000 B)
2025.05.15 14:24:49.547   get /dev12195/qachannels/0/generator/waveforms/0/wave -
2025.05.15 14:24:49.547   set /dev12195/qachannels/0/generator/waveforms/0/wave vector (32000 B)
2025.05.15 14:24:49.548   get /dev12195/qachannels/0/generator/waveforms/0/wave -
2025.05.15 14:24:49.548   set /dev12195/qachannels/0/generator/waveforms/0/wave vector (32000 B)
2025.05.15 14:24:49.548   get /dev12195/qachannels/0/generator/waveforms/0/wave -
2025.05.15 14:24:49.548   set /dev12195/qachannels/0/generator/waveforms/0/wave vector (32000 B)
2025.05.15 14:24:49.548   get /dev12195/qachannels/0/generator/waveforms/0/wave -
2025.05.15 14:24:49.548   set /dev12195/qachannels/0/generator/waveforms/0/wave vector (32000 B)
2025.05.15 14:24:49.548   get /dev12195/qachannels/0/generator/waveforms/0/wave -
2025.05.15 14:24:49.549   set /dev12195/qachannels/0/generator/waveforms/0/wave vector (32000 B)
2025.05.15 14:24:49.549   get /dev12195/qachannels/0/generator/waveforms/0/wave -
2025.05.15 14:24:49.549   set /dev12195/qachannels/0/generator/waveforms/0/wave vector (32000 B)
2025.05.15 14:24:49.549   get /dev12195/qachannels/0/generator/waveforms/0/wave -
2025.05.15 14:24:49.549   set /dev12195/qachannels/0/generator/waveforms/0/wave vector (32000 B)
2025.05.15 14:24:49.549   get /dev12195/qachannels/0/generator/waveforms/0/wave -
2025.05.15 14:24:49.549   set /dev12195/qachannels/0/generator/waveforms/0/wave vector (32000 B)
2025.05.15 14:24:49.550   get /dev12195/qachannels/0/generator/waveforms/0/wave -
2025.05.15 14:24:49.550   set /dev12195/qachannels/0/generator/waveforms/0/wave vector (32000 B)
2025.05.15 14:24:49.550   get /dev12195/qachannels/0/generator/waveforms/0/wave -
2025.05.15 14:24:49.550   set /dev12195/qachannels/0/generator/waveforms/0/wave vector (32000 B)
2025.05.15 14:24:49.550   get /dev12195/qachannels/0/generator/waveforms/0/wave -
2025.05.15 14:24:49.550   set /dev12195/qachannels/0/generator/waveforms/0/wave vector (32000 B)
2025.05.15 14:24:49.550   get /dev12195/qachannels/0/generator/waveforms/0/wave -
2025.05.15 14:24:49.551   set /dev12195/qachannels/0/generator/waveforms/0/wave vector (32000 B)
2025.05.15 14:24:49.551   get /dev12195/qachannels/0/generator/waveforms/0/wave -
2025.05.15 14:24:49.551   set /dev12195/qachannels/0/generator/waveforms/0/wave vector (32000 B)
2025.05.15 14:24:49.551   get /dev12195/qachannels/0/generator/waveforms/0/wave -
2025.05.15 14:24:49.551   set /dev12195/qachannels/0/generator/waveforms/0/wave vector (32000 B)
2025.05.15 14:24:49.551   get /dev12195/qachannels/0/generator/waveforms/0/wave -
2025.05.15 14:24:49.551   set /dev12195/qachannels/0/generator/waveforms/0/wave vector (32000 B)
2025.05.15 14:24:49.552   get /dev12195/qachannels/0/generator/waveforms/0/wave -
2025.05.15 14:24:49.552   set /dev12195/qachannels/0/generator/waveforms/0/wave vector (32000 B)
2025.05.15 14:24:49.552   get /dev12195/qachannels/0/generator/waveforms/0/wave -
2025.05.15 14:24:49.552   set /dev12195/qachannels/0/generator/waveforms/0/wave vector (32000 B)
2025.05.15 14:24:49.552   get /dev12195/qachannels/0/generator/waveforms/0/wave -
2025.05.15 14:24:49.552   set /dev12195/qachannels/0/generator/waveforms/0/wave vector (32000 B)
2025.05.15 14:24:49.552   get /dev12195/qachannels/0/generator/waveforms/0/wave -
2025.05.15 14:24:49.553   set /dev12195/qachannels/0/generator/waveforms/0/wave vector (32000 B)
2025.05.15 14:24:49.553   get /dev12195/qachannels/0/generator/waveforms/0/wave -
2025.05.15 14:24:49.553   set /dev12195/qachannels/0/generator/waveforms/0/wave vector (32000 B)
2025.05.15 14:24:49.553   get /dev12195/qachannels/0/generator/waveforms/0/wave -
2025.05.15 14:24:49.553   set /dev12195/qachannels/0/generator/waveforms/0/wave vector (32000 B)
2025.05.15 14:24:49.553   get /dev12195/qachannels/0/generator/waveforms/0/wave -
2025.05.15 14:24:49.554   set /dev12195/qachannels/0/generator/waveforms/0/wave vector (32000 B)
2025.05.15 14:24:49.554   get /dev12195/qachannels/0/generator/waveforms/0/wave -
2025.05.15 14:24:49.554   set /dev12195/qachannels/0/generator/waveforms/0/wave vector (32000 B)
2025.05.15 14:24:49.554   get /dev12195/qachannels/0/generator/waveforms/0/wave -
2025.05.15 14:24:49.554   set /dev12195/qachannels/0/generator/waveforms/0/wave vector (32000 B)
2025.05.15 14:24:49.554   get /dev12195/qachannels/0/generator/waveforms/0/wave -
2025.05.15 14:24:49.554   set /dev12195/qachannels/0/generator/waveforms/0/wave vector (32000 B)
2025.05.15 14:24:49.555   get /dev12195/qachannels/0/generator/waveforms/0/wave -
2025.05.15 14:24:49.555   set /dev12195/qachannels/0/generator/waveforms/0/wave vector (32000 B)
2025.05.15 14:24:49.555   get /dev12195/qachannels/0/generator/waveforms/0/wave -
2025.05.15 14:24:49.555   set /dev12195/qachannels/0/generator/waveforms/0/wave vector (32000 B)
2025.05.15 14:24:49.555   get /dev12195/qachannels/0/generator/waveforms/0/wave -
2025.05.15 14:24:49.555   set /dev12195/qachannels/0/generator/waveforms/0/wave vector (32000 B)
2025.05.15 14:24:49.555   get /dev12195/qachannels/0/generator/waveforms/0/wave -
2025.05.15 14:24:49.556   set /dev12195/qachannels/0/generator/waveforms/0/wave vector (32000 B)
2025.05.15 14:24:49.556   get /dev12195/qachannels/0/generator/waveforms/0/wave -
2025.05.15 14:24:49.556   set /dev12195/qachannels/0/generator/waveforms/0/wave vector (32000 B)
2025.05.15 14:24:49.556   get /dev12195/qachannels/0/generator/waveforms/0/wave -
2025.05.15 14:24:49.556   set /dev12195/qachannels/0/generator/waveforms/0/wave vector (32000 B)
2025.05.15 14:24:49.556   get /dev12195/qachannels/0/generator/waveforms/0/wave -
2025.05.15 14:24:49.556   set /dev12195/qachannels/0/generator/waveforms/0/wave vector (32000 B)
2025.05.15 14:24:49.557   get /dev12195/qachannels/0/generator/waveforms/0/wave -
2025.05.15 14:24:49.557   set /dev12195/qachannels/0/generator/waveforms/0/wave vector (32000 B)
2025.05.15 14:24:49.557   get /dev12195/qachannels/0/generator/waveforms/0/wave -
2025.05.15 14:24:49.557   set /dev12195/qachannels/0/generator/waveforms/0/wave vector (32000 B)
2025.05.15 14:24:49.557   get /dev12195/qachannels/0/generator/waveforms/0/wave -
2025.05.15 14:24:49.557   set /dev12195/qachannels/0/generator/waveforms/0/wave vector (32000 B)
2025.05.15 14:24:49.557   get /dev12195/qachannels/0/generator/waveforms/0/wave -
2025.05.15 14:24:49.558   set /dev12195/qachannels/0/generator/waveforms/0/wave vector (32000 B)
2025.05.15 14:24:49.558   get /dev12195/qachannels/0/generator/waveforms/0/wave -
2025.05.15 14:24:49.558   set /dev12195/qachannels/0/generator/waveforms/0/wave vector (32000 B)
2025.05.15 14:24:49.558   get /dev12195/qachannels/0/generator/waveforms/0/wave -
2025.05.15 14:24:49.558   set /dev12195/qachannels/0/generator/waveforms/0/wave vector (32000 B)
2025.05.15 14:24:49.558   get /dev12195/qachannels/0/generator/waveforms/0/wave -
2025.05.15 14:24:49.558   set /dev12195/qachannels/0/generator/waveforms/0/wave vector (32000 B)
2025.05.15 14:24:49.559   get /dev12195/qachannels/0/generator/waveforms/0/wave -
2025.05.15 14:24:49.559   set /dev12195/qachannels/0/generator/waveforms/0/wave vector (32000 B)
2025.05.15 14:24:49.559   get /dev12195/qachannels/0/generator/waveforms/0/wave -
2025.05.15 14:24:49.559   set /dev12195/qachannels/0/generator/waveforms/0/wave vector (32000 B)
2025.05.15 14:24:49.559   get /dev12195/qachannels/0/generator/waveforms/0/wave -
2025.05.15 14:24:49.559   set /dev12195/qachannels/0/generator/waveforms/0/wave vector (32000 B)
2025.05.15 14:24:49.559   get /dev12195/qachannels/0/generator/waveforms/0/wave -
2025.05.15 14:24:49.560   set /dev12195/qachannels/0/generator/waveforms/0/wave vector (32000 B)
2025.05.15 14:24:49.560   get /dev12195/qachannels/0/generator/waveforms/0/wave -
2025.05.15 14:24:49.560   set /dev12195/qachannels/0/generator/waveforms/0/wave vector (32000 B)
2025.05.15 14:24:49.560   get /dev12195/qachannels/0/generator/waveforms/0/wave -
2025.05.15 14:24:49.560   set /dev12195/qachannels/0/generator/waveforms/0/wave vector (32000 B)
2025.05.15 14:24:49.560   get /dev12195/qachannels/0/generator/waveforms/0/wave -
2025.05.15 14:24:49.560   set /dev12195/qachannels/0/generator/waveforms/0/wave vector (32000 B)
2025.05.15 14:24:49.561   get /dev12195/qachannels/0/generator/waveforms/0/wave -
2025.05.15 14:24:49.561   set /dev12195/qachannels/0/generator/waveforms/0/wave vector (32000 B)
2025.05.15 14:24:49.561   get /dev12195/qachannels/0/generator/waveforms/0/wave -
2025.05.15 14:24:49.561   set /dev12195/qachannels/0/generator/waveforms/0/wave vector (32000 B)
2025.05.15 14:24:49.561   get /dev12195/qachannels/0/generator/waveforms/0/wave -
2025.05.15 14:24:49.561   set /dev12195/qachannels/0/generator/waveforms/0/wave vector (32000 B)
2025.05.15 14:24:49.561   get /dev12195/qachannels/0/generator/waveforms/0/wave -
2025.05.15 14:24:49.562   set /dev12195/qachannels/0/generator/waveforms/0/wave vector (32000 B)
2025.05.15 14:24:49.562   get /dev12195/qachannels/0/generator/waveforms/0/wave -
2025.05.15 14:24:49.562   set /dev12195/qachannels/0/generator/waveforms/0/wave vector (32000 B)
2025.05.15 14:24:49.562   get /dev12195/qachannels/0/generator/waveforms/0/wave -
2025.05.15 14:24:49.563   set /dev12195/qachannels/0/generator/waveforms/0/wave vector (32000 B)
2025.05.15 14:24:49.563   get /dev12195/qachannels/0/generator/waveforms/0/wave -
2025.05.15 14:24:49.563   set /dev12195/qachannels/0/generator/waveforms/0/wave vector (32000 B)
2025.05.15 14:24:49.563   get /dev12195/qachannels/0/generator/waveforms/0/wave -
2025.05.15 14:24:49.563   set /dev12195/qachannels/0/generator/waveforms/0/wave vector (32000 B)
2025.05.15 14:24:49.563   get /dev12195/qachannels/0/generator/waveforms/0/wave -
2025.05.15 14:24:49.564   set /dev12195/qachannels/0/generator/waveforms/0/wave vector (32000 B)
2025.05.15 14:24:49.564   get /dev12195/qachannels/0/generator/waveforms/0/wave -
2025.05.15 14:24:49.564   set /dev12195/qachannels/0/generator/waveforms/0/wave vector (32000 B)
2025.05.15 14:24:49.564   get /dev12195/qachannels/0/generator/waveforms/0/wave -
2025.05.15 14:24:49.565   set /dev12195/qachannels/0/spectroscopy/envelope/enable 0
2025.05.15 14:24:49.565   set /dev12195/qachannels/0/readout/multistate/qudits/0/weights/0/wave vector (64000 B)
2025.05.15 14:24:49.565   set /dev12195/qachannels/0/readout/integration/length 4000
2025.05.15 14:24:49.565   set /dev12195/sgchannels/4/awg/enable 1
2025.05.15 14:24:49.565   set /dev12195/qachannels/0/generator/enable 1
2025.05.15 14:24:49.566   set /dev12195/system/internaltrigger/enable 1
2025.05.15 14:24:49.567   set /dev12195/raw/system/awg/runtimechecks/enable 0
2025.05.15 14:24:49.568   set /dev12195/qachannels/0/readout/result/enable 0
2025.05.15 14:24:49.568   get /dev12195/raw/error/json/errors -
2025.05.15 14:24:49.569   get /dev12195/raw/error/json/errors -
2025.05.15 14:24:49.569   set /dev12195/qachannels/0/spectroscopy/envelope/enable 1
2025.05.15 14:24:55.697 Node log from the data server with id 'zi_server':
2025.05.15 14:24:55.698   set /dev12195/raw/error/clear 1
2025.05.15 14:24:55.698   set /dev12195/sgchannels/0/pipeliner/mode 0
2025.05.15 14:24:55.698   set /dev12195/sgchannels/1/pipeliner/mode 0
2025.05.15 14:24:55.699   set /dev12195/sgchannels/2/pipeliner/mode 0
2025.05.15 14:24:55.699   set /dev12195/sgchannels/3/pipeliner/mode 0
2025.05.15 14:24:55.699   set /dev12195/sgchannels/4/pipeliner/mode 0
2025.05.15 14:24:55.699   set /dev12195/sgchannels/5/pipeliner/mode 0
2025.05.15 14:24:55.699   set /dev12195/sgchannels/0/synchronization/enable 0
2025.05.15 14:24:55.699   set /dev12195/sgchannels/1/synchronization/enable 0
2025.05.15 14:24:55.699   set /dev12195/sgchannels/2/synchronization/enable 0
2025.05.15 14:24:55.700   set /dev12195/sgchannels/3/synchronization/enable 0
2025.05.15 14:24:55.700   set /dev12195/sgchannels/4/synchronization/enable 0
2025.05.15 14:24:55.700   set /dev12195/sgchannels/5/synchronization/enable 0
2025.05.15 14:24:55.700   set /dev12195/sgchannels/0/awg/enable 0
2025.05.15 14:24:55.700   set /dev12195/sgchannels/1/awg/enable 0
2025.05.15 14:24:55.700   set /dev12195/sgchannels/2/awg/enable 0
2025.05.15 14:24:55.700   set /dev12195/sgchannels/3/awg/enable 0
2025.05.15 14:24:55.701   set /dev12195/sgchannels/4/awg/enable 0
2025.05.15 14:24:55.701   set /dev12195/sgchannels/5/awg/enable 0
2025.05.15 14:24:55.702   set /dev12195/system/synchronization/source 0
2025.05.15 14:24:55.702   set /dev12195/system/internaltrigger/synchronization/enable 0
2025.05.15 14:24:55.702   set /dev12195/scopes/0/enable 0
2025.05.15 14:24:55.702   set /dev12195/qachannels/0/pipeliner/mode 0
2025.05.15 14:24:55.702   set /dev12195/qachannels/0/synchronization/enable 0
2025.05.15 14:24:55.702   set /dev12195/qachannels/0/generator/enable 0
2025.05.15 14:24:55.703   set /dev12195/qachannels/0/readout/result/enable 0
2025.05.15 14:24:55.703   set /dev12195/qachannels/0/spectroscopy/psd/enable 0
2025.05.15 14:24:55.703   set /dev12195/qachannels/0/spectroscopy/result/enable 0
2025.05.15 14:24:55.703   set /dev12195/qachannels/0/output/rflfinterlock 1
2025.05.15 14:24:55.703   set /dev12195/qachannels/0/oscs/0/gain 1
2025.05.15 14:24:55.703   set /dev12195/scopes/0/channels/0/enable 0
2025.05.15 14:24:55.703   set /dev12195/scopes/0/channels/1/enable 0
2025.05.15 14:24:55.704   set /dev12195/scopes/0/channels/2/enable 0
2025.05.15 14:24:55.704   set /dev12195/scopes/0/channels/3/enable 0
2025.05.15 14:24:55.707   get /dev12195/sgchannels/0/output/overrangecount -
2025.05.15 14:24:55.708   get /dev12195/sgchannels/1/output/overrangecount -
2025.05.15 14:24:55.708   get /dev12195/sgchannels/2/output/overrangecount -
2025.05.15 14:24:55.708   get /dev12195/sgchannels/3/output/overrangecount -
2025.05.15 14:24:55.708   get /dev12195/sgchannels/4/output/overrangecount -
2025.05.15 14:24:55.708   get /dev12195/sgchannels/5/output/overrangecount -
2025.05.15 14:24:55.708   get /dev12195/qachannels/0/output/overrangecount -
2025.05.15 14:24:55.708   get /dev12195/qachannels/0/input/overrangecount -
2025.05.15 14:24:55.709   set /dev12195/sgchannels/4/output/on 1
2025.05.15 14:24:55.709   set /dev12195/sgchannels/4/awg/single 1
2025.05.15 14:24:55.709   set /dev12195/sgchannels/4/awg/modulation/enable 1
2025.05.15 14:24:55.709   set /dev12195/sgchannels/4/marker/source 0
2025.05.15 14:24:55.709   set /dev12195/sgchannels/4/trigger/delay 0
2025.05.15 14:24:55.709   set /dev12195/sgchannels/4/output/rflfpath 1
2025.05.15 14:24:55.709   set /dev12195/sgchannels/4/output/muting/enable 0
2025.05.15 14:24:55.710   set /dev12195/sgchannels/4/sines/0/oscselect 0
2025.05.15 14:24:55.710   set /dev12195/sgchannels/4/sines/0/harmonic 1
2025.05.15 14:24:55.710   set /dev12195/sgchannels/4/sines/0/phaseshift 0
2025.05.15 14:24:55.710   set /dev12195/qachannels/0/output/on 1
2025.05.15 14:24:55.710   set /dev12195/qachannels/0/generator/single 1
2025.05.15 14:24:55.710   set /dev12195/qachannels/0/output/muting/enable 0
2025.05.15 14:24:55.710   set /dev12195/qachannels/0/input/rflfpath 1
2025.05.15 14:24:55.711   set /dev12195/qachannels/0/input/on 1
2025.05.15 14:24:55.711   set /dev12195/sgchannels/4/oscs/0/freq 4e+07
2025.05.15 14:24:55.711   set /dev12195/sgchannels/4/awg/auxtriggers/0/slope 1
2025.05.15 14:24:55.711   set /dev12195/sgchannels/4/awg/auxtriggers/0/channel 8
2025.05.15 14:24:55.711   set /dev12195/system/internaltrigger/enable 0
2025.05.15 14:24:55.711   set /dev12195/system/internaltrigger/repetitions 1
2025.05.15 14:24:55.711   set /dev12195/qachannels/0/markers/0/source 32
2025.05.15 14:24:55.712   set /dev12195/qachannels/0/markers/1/source 36
2025.05.15 14:24:55.712   set /dev12195/qachannels/0/generator/auxtriggers/0/channel 8
2025.05.15 14:24:55.712   set /dev12195/sgchannels/4/oscs/0/freq 4e+07
2025.05.15 14:24:55.712   set /dev12195/synthesizers/3/centerfreq 3.6e+09
2025.05.15 14:24:55.712   set /dev12195/sgchannels/4/output/delay 0
2025.05.15 14:24:55.712   set /dev12195/qachannels/0/centerfreq 6.8e+09
2025.05.15 14:24:55.712   set /dev12195/qachannels/0/generator/delay 0
2025.05.15 14:24:55.713   set /dev12195/qachannels/0/readout/integration/delay 2.12e-07
2025.05.15 14:24:55.713   set /dev12195/qachannels/0/mode 1
2025.05.15 14:24:55.713   set /dev12195/qachannels/0/readout/multistate/qudits/0/enable 0
2025.05.15 14:24:55.713   set /dev12195/qachannels/0/readout/multistate/qudits/1/enable 0
2025.05.15 14:24:55.713   set /dev12195/qachannels/0/readout/multistate/qudits/2/enable 0
2025.05.15 14:24:55.713   set /dev12195/qachannels/0/readout/multistate/qudits/3/enable 0
2025.05.15 14:24:55.714   set /dev12195/qachannels/0/readout/multistate/qudits/4/enable 0
2025.05.15 14:24:55.714   set /dev12195/qachannels/0/readout/multistate/qudits/5/enable 0
2025.05.15 14:24:55.714   set /dev12195/qachannels/0/readout/multistate/qudits/6/enable 0
2025.05.15 14:24:55.714   set /dev12195/qachannels/0/readout/multistate/qudits/7/enable 0
2025.05.15 14:24:55.714   set /dev12195/qachannels/0/readout/multistate/enable 1
2025.05.15 14:24:55.714   set /dev12195/qachannels/0/readout/multistate/zsync/packed 1
2025.05.15 14:24:55.714   set /dev12195/qachannels/0/readout/multistate/qudits/0/numstates 2
2025.05.15 14:24:55.715   set /dev12195/qachannels/0/readout/multistate/qudits/0/enable 1
2025.05.15 14:24:55.715   set /dev12195/qachannels/0/readout/multistate/qudits/0/assignmentvec vector (8 B)
2025.05.15 14:24:55.715   set /dev12195/sgchannels/4/awg/elf/data vector (1528 B)
2025.05.15 14:24:55.715   set /dev12195/sgchannels/4/awg/commandtable/data vector (152 B)
2025.05.15 14:24:55.715   set /dev12195/qachannels/0/readout/result/enable 0
2025.05.15 14:24:55.715   set /dev12195/qachannels/0/readout/result/source 1
2025.05.15 14:24:55.715   set /dev12195/qachannels/0/readout/result/length 101
2025.05.15 14:24:55.716   set /dev12195/qachannels/0/readout/result/averages 3
2025.05.15 14:24:55.716   set /dev12195/qachannels/0/readout/result/mode 0
2025.05.15 14:24:55.716   set /dev12195/qachannels/0/readout/multistate/qudits/0/thresholds/0/value 0
2025.05.15 14:24:55.716   set /dev12195/qachannels/0/readout/result/enable 1
2025.05.15 14:24:55.716   set /dev12195/qachannels/0/spectroscopy/result/enable 0
2025.05.15 14:24:55.716   set /dev12195/scopes/0/enable 0
2025.05.15 14:24:55.716   set /dev12195/qachannels/0/generator/elf/data vector (1992 B)
2025.05.15 14:24:55.717   set /dev12195/qachannels/0/generator/clearwave 1
2025.05.15 14:24:55.717   set /dev12195/qachannels/0/generator/waveforms/0/wave vector (32000 B)
2025.05.15 14:24:55.717   get /dev12195/qachannels/0/generator/waveforms/0/wave -
2025.05.15 14:24:55.717   set /dev12195/qachannels/0/generator/waveforms/0/wave vector (32000 B)
2025.05.15 14:24:55.717   get /dev12195/qachannels/0/generator/waveforms/0/wave -
2025.05.15 14:24:55.717   set /dev12195/qachannels/0/generator/waveforms/0/wave vector (32000 B)
2025.05.15 14:24:55.717   get /dev12195/qachannels/0/generator/waveforms/0/wave -
2025.05.15 14:24:55.718   set /dev12195/qachannels/0/generator/waveforms/0/wave vector (32000 B)
2025.05.15 14:24:55.718   get /dev12195/qachannels/0/generator/waveforms/0/wave -
2025.05.15 14:24:55.718   set /dev12195/qachannels/0/generator/waveforms/0/wave vector (32000 B)
2025.05.15 14:24:55.718   get /dev12195/qachannels/0/generator/waveforms/0/wave -
2025.05.15 14:24:55.718   set /dev12195/qachannels/0/generator/waveforms/0/wave vector (32000 B)
2025.05.15 14:24:55.718   get /dev12195/qachannels/0/generator/waveforms/0/wave -
2025.05.15 14:24:55.719   set /dev12195/qachannels/0/generator/waveforms/0/wave vector (32000 B)
2025.05.15 14:24:55.719   get /dev12195/qachannels/0/generator/waveforms/0/wave -
2025.05.15 14:24:55.719   set /dev12195/qachannels/0/generator/waveforms/0/wave vector (32000 B)
2025.05.15 14:24:55.719   get /dev12195/qachannels/0/generator/waveforms/0/wave -
2025.05.15 14:24:55.719   set /dev12195/qachannels/0/generator/waveforms/0/wave vector (32000 B)
2025.05.15 14:24:55.719   get /dev12195/qachannels/0/generator/waveforms/0/wave -
2025.05.15 14:24:55.719   set /dev12195/qachannels/0/generator/waveforms/0/wave vector (32000 B)
2025.05.15 14:24:55.720   get /dev12195/qachannels/0/generator/waveforms/0/wave -
2025.05.15 14:24:55.720   set /dev12195/qachannels/0/generator/waveforms/0/wave vector (32000 B)
2025.05.15 14:24:55.720   get /dev12195/qachannels/0/generator/waveforms/0/wave -
2025.05.15 14:24:55.720   set /dev12195/qachannels/0/generator/waveforms/0/wave vector (32000 B)
2025.05.15 14:24:55.720   get /dev12195/qachannels/0/generator/waveforms/0/wave -
2025.05.15 14:24:55.720   set /dev12195/qachannels/0/generator/waveforms/0/wave vector (32000 B)
2025.05.15 14:24:55.720   get /dev12195/qachannels/0/generator/waveforms/0/wave -
2025.05.15 14:24:55.721   set /dev12195/qachannels/0/generator/waveforms/0/wave vector (32000 B)
2025.05.15 14:24:55.721   get /dev12195/qachannels/0/generator/waveforms/0/wave -
2025.05.15 14:24:55.721   set /dev12195/qachannels/0/generator/waveforms/0/wave vector (32000 B)
2025.05.15 14:24:55.721   get /dev12195/qachannels/0/generator/waveforms/0/wave -
2025.05.15 14:24:55.721   set /dev12195/qachannels/0/generator/waveforms/0/wave vector (32000 B)
2025.05.15 14:24:55.721   get /dev12195/qachannels/0/generator/waveforms/0/wave -
2025.05.15 14:24:55.721   set /dev12195/qachannels/0/generator/waveforms/0/wave vector (32000 B)
2025.05.15 14:24:55.722   get /dev12195/qachannels/0/generator/waveforms/0/wave -
2025.05.15 14:24:55.722   set /dev12195/qachannels/0/generator/waveforms/0/wave vector (32000 B)
2025.05.15 14:24:55.722   get /dev12195/qachannels/0/generator/waveforms/0/wave -
2025.05.15 14:24:55.722   set /dev12195/qachannels/0/generator/waveforms/0/wave vector (32000 B)
2025.05.15 14:24:55.722   get /dev12195/qachannels/0/generator/waveforms/0/wave -
2025.05.15 14:24:55.722   set /dev12195/qachannels/0/generator/waveforms/0/wave vector (32000 B)
2025.05.15 14:24:55.722   get /dev12195/qachannels/0/generator/waveforms/0/wave -
2025.05.15 14:24:55.723   set /dev12195/qachannels/0/generator/waveforms/0/wave vector (32000 B)
2025.05.15 14:24:55.723   get /dev12195/qachannels/0/generator/waveforms/0/wave -
2025.05.15 14:24:55.723   set /dev12195/qachannels/0/generator/waveforms/0/wave vector (32000 B)
2025.05.15 14:24:55.723   get /dev12195/qachannels/0/generator/waveforms/0/wave -
2025.05.15 14:24:55.723   set /dev12195/qachannels/0/generator/waveforms/0/wave vector (32000 B)
2025.05.15 14:24:55.723   get /dev12195/qachannels/0/generator/waveforms/0/wave -
2025.05.15 14:24:55.724   set /dev12195/qachannels/0/generator/waveforms/0/wave vector (32000 B)
2025.05.15 14:24:55.724   get /dev12195/qachannels/0/generator/waveforms/0/wave -
2025.05.15 14:24:55.724   set /dev12195/qachannels/0/generator/waveforms/0/wave vector (32000 B)
2025.05.15 14:24:55.724   get /dev12195/qachannels/0/generator/waveforms/0/wave -
2025.05.15 14:24:55.724   set /dev12195/qachannels/0/generator/waveforms/0/wave vector (32000 B)
2025.05.15 14:24:55.724   get /dev12195/qachannels/0/generator/waveforms/0/wave -
2025.05.15 14:24:55.724   set /dev12195/qachannels/0/generator/waveforms/0/wave vector (32000 B)
2025.05.15 14:24:55.725   get /dev12195/qachannels/0/generator/waveforms/0/wave -
2025.05.15 14:24:55.725   set /dev12195/qachannels/0/generator/waveforms/0/wave vector (32000 B)
2025.05.15 14:24:55.725   get /dev12195/qachannels/0/generator/waveforms/0/wave -
2025.05.15 14:24:55.725   set /dev12195/qachannels/0/generator/waveforms/0/wave vector (32000 B)
2025.05.15 14:24:55.725   get /dev12195/qachannels/0/generator/waveforms/0/wave -
2025.05.15 14:24:55.725   set /dev12195/qachannels/0/generator/waveforms/0/wave vector (32000 B)
2025.05.15 14:24:55.725   get /dev12195/qachannels/0/generator/waveforms/0/wave -
2025.05.15 14:24:55.726   set /dev12195/qachannels/0/generator/waveforms/0/wave vector (32000 B)
2025.05.15 14:24:55.726   get /dev12195/qachannels/0/generator/waveforms/0/wave -
2025.05.15 14:24:55.726   set /dev12195/qachannels/0/generator/waveforms/0/wave vector (32000 B)
2025.05.15 14:24:55.726   get /dev12195/qachannels/0/generator/waveforms/0/wave -
2025.05.15 14:24:55.726   set /dev12195/qachannels/0/generator/waveforms/0/wave vector (32000 B)
2025.05.15 14:24:55.726   get /dev12195/qachannels/0/generator/waveforms/0/wave -
2025.05.15 14:24:55.726   set /dev12195/qachannels/0/generator/waveforms/0/wave vector (32000 B)
2025.05.15 14:24:55.727   get /dev12195/qachannels/0/generator/waveforms/0/wave -
2025.05.15 14:24:55.727   set /dev12195/qachannels/0/generator/waveforms/0/wave vector (32000 B)
2025.05.15 14:24:55.727   get /dev12195/qachannels/0/generator/waveforms/0/wave -
2025.05.15 14:24:55.727   set /dev12195/qachannels/0/generator/waveforms/0/wave vector (32000 B)
2025.05.15 14:24:55.727   get /dev12195/qachannels/0/generator/waveforms/0/wave -
2025.05.15 14:24:55.727   set /dev12195/qachannels/0/generator/waveforms/0/wave vector (32000 B)
2025.05.15 14:24:55.727   get /dev12195/qachannels/0/generator/waveforms/0/wave -
2025.05.15 14:24:55.728   set /dev12195/qachannels/0/generator/waveforms/0/wave vector (32000 B)
2025.05.15 14:24:55.728   get /dev12195/qachannels/0/generator/waveforms/0/wave -
2025.05.15 14:24:55.728   set /dev12195/qachannels/0/generator/waveforms/0/wave vector (32000 B)
2025.05.15 14:24:55.728   get /dev12195/qachannels/0/generator/waveforms/0/wave -
2025.05.15 14:24:55.728   set /dev12195/qachannels/0/generator/waveforms/0/wave vector (32000 B)
2025.05.15 14:24:55.728   get /dev12195/qachannels/0/generator/waveforms/0/wave -
2025.05.15 14:24:55.728   set /dev12195/qachannels/0/generator/waveforms/0/wave vector (32000 B)
2025.05.15 14:24:55.728   get /dev12195/qachannels/0/generator/waveforms/0/wave -
2025.05.15 14:24:55.728   set /dev12195/qachannels/0/generator/waveforms/0/wave vector (32000 B)
2025.05.15 14:24:55.728   get /dev12195/qachannels/0/generator/waveforms/0/wave -
2025.05.15 14:24:55.728   set /dev12195/qachannels/0/generator/waveforms/0/wave vector (32000 B)
2025.05.15 14:24:55.728   get /dev12195/qachannels/0/generator/waveforms/0/wave -
2025.05.15 14:24:55.728   set /dev12195/qachannels/0/generator/waveforms/0/wave vector (32000 B)
2025.05.15 14:24:55.728   get /dev12195/qachannels/0/generator/waveforms/0/wave -
2025.05.15 14:24:55.730   set /dev12195/qachannels/0/generator/waveforms/0/wave vector (32000 B)
2025.05.15 14:24:55.730   get /dev12195/qachannels/0/generator/waveforms/0/wave -
2025.05.15 14:24:55.730   set /dev12195/qachannels/0/generator/waveforms/0/wave vector (32000 B)
2025.05.15 14:24:55.730   get /dev12195/qachannels/0/generator/waveforms/0/wave -
2025.05.15 14:24:55.730   set /dev12195/qachannels/0/generator/waveforms/0/wave vector (32000 B)
2025.05.15 14:24:55.730   get /dev12195/qachannels/0/generator/waveforms/0/wave -
2025.05.15 14:24:55.730   set /dev12195/qachannels/0/generator/waveforms/0/wave vector (32000 B)
2025.05.15 14:24:55.730   get /dev12195/qachannels/0/generator/waveforms/0/wave -
2025.05.15 14:24:55.730   set /dev12195/qachannels/0/generator/waveforms/0/wave vector (32000 B)
2025.05.15 14:24:55.730   get /dev12195/qachannels/0/generator/waveforms/0/wave -
2025.05.15 14:24:55.730   set /dev12195/qachannels/0/generator/waveforms/0/wave vector (32000 B)
2025.05.15 14:24:55.730   get /dev12195/qachannels/0/generator/waveforms/0/wave -
2025.05.15 14:24:55.730   set /dev12195/qachannels/0/generator/waveforms/0/wave vector (32000 B)
2025.05.15 14:24:55.730   get /dev12195/qachannels/0/generator/waveforms/0/wave -
2025.05.15 14:24:55.732   set /dev12195/qachannels/0/generator/waveforms/0/wave vector (32000 B)
2025.05.15 14:24:55.732   get /dev12195/qachannels/0/generator/waveforms/0/wave -
2025.05.15 14:24:55.732   set /dev12195/qachannels/0/generator/waveforms/0/wave vector (32000 B)
2025.05.15 14:24:55.732   get /dev12195/qachannels/0/generator/waveforms/0/wave -
2025.05.15 14:24:55.732   set /dev12195/qachannels/0/generator/waveforms/0/wave vector (32000 B)
2025.05.15 14:24:55.732   get /dev12195/qachannels/0/generator/waveforms/0/wave -
2025.05.15 14:24:55.732   set /dev12195/qachannels/0/generator/waveforms/0/wave vector (32000 B)
2025.05.15 14:24:55.732   get /dev12195/qachannels/0/generator/waveforms/0/wave -
2025.05.15 14:24:55.732   set /dev12195/qachannels/0/generator/waveforms/0/wave vector (32000 B)
2025.05.15 14:24:55.732   get /dev12195/qachannels/0/generator/waveforms/0/wave -
2025.05.15 14:24:55.732   set /dev12195/qachannels/0/generator/waveforms/0/wave vector (32000 B)
2025.05.15 14:24:55.732   get /dev12195/qachannels/0/generator/waveforms/0/wave -
2025.05.15 14:24:55.732   set /dev12195/qachannels/0/generator/waveforms/0/wave vector (32000 B)
2025.05.15 14:24:55.732   get /dev12195/qachannels/0/generator/waveforms/0/wave -
2025.05.15 14:24:55.734   set /dev12195/qachannels/0/generator/waveforms/0/wave vector (32000 B)
2025.05.15 14:24:55.734   get /dev12195/qachannels/0/generator/waveforms/0/wave -
2025.05.15 14:24:55.734   set /dev12195/qachannels/0/generator/waveforms/0/wave vector (32000 B)
2025.05.15 14:24:55.734   get /dev12195/qachannels/0/generator/waveforms/0/wave -
2025.05.15 14:24:55.734   set /dev12195/qachannels/0/generator/waveforms/0/wave vector (32000 B)
2025.05.15 14:24:55.734   get /dev12195/qachannels/0/generator/waveforms/0/wave -
2025.05.15 14:24:55.734   set /dev12195/qachannels/0/generator/waveforms/0/wave vector (32000 B)
2025.05.15 14:24:55.734   get /dev12195/qachannels/0/generator/waveforms/0/wave -
2025.05.15 14:24:55.734   set /dev12195/qachannels/0/generator/waveforms/0/wave vector (32000 B)
2025.05.15 14:24:55.734   get /dev12195/qachannels/0/generator/waveforms/0/wave -
2025.05.15 14:24:55.734   set /dev12195/qachannels/0/generator/waveforms/0/wave vector (32000 B)
2025.05.15 14:24:55.734   get /dev12195/qachannels/0/generator/waveforms/0/wave -
2025.05.15 14:24:55.734   set /dev12195/qachannels/0/generator/waveforms/0/wave vector (32000 B)
2025.05.15 14:24:55.734   get /dev12195/qachannels/0/generator/waveforms/0/wave -
2025.05.15 14:24:55.736   set /dev12195/qachannels/0/generator/waveforms/0/wave vector (32000 B)
2025.05.15 14:24:55.736   get /dev12195/qachannels/0/generator/waveforms/0/wave -
2025.05.15 14:24:55.736   set /dev12195/qachannels/0/generator/waveforms/0/wave vector (32000 B)
2025.05.15 14:24:55.736   get /dev12195/qachannels/0/generator/waveforms/0/wave -
2025.05.15 14:24:55.736   set /dev12195/qachannels/0/generator/waveforms/0/wave vector (32000 B)
2025.05.15 14:24:55.736   get /dev12195/qachannels/0/generator/waveforms/0/wave -
2025.05.15 14:24:55.736   set /dev12195/qachannels/0/generator/waveforms/0/wave vector (32000 B)
2025.05.15 14:24:55.736   get /dev12195/qachannels/0/generator/waveforms/0/wave -
2025.05.15 14:24:55.736   set /dev12195/qachannels/0/generator/waveforms/0/wave vector (32000 B)
2025.05.15 14:24:55.736   get /dev12195/qachannels/0/generator/waveforms/0/wave -
2025.05.15 14:24:55.736   set /dev12195/qachannels/0/generator/waveforms/0/wave vector (32000 B)
2025.05.15 14:24:55.736   get /dev12195/qachannels/0/generator/waveforms/0/wave -
2025.05.15 14:24:55.736   set /dev12195/qachannels/0/generator/waveforms/0/wave vector (32000 B)
2025.05.15 14:24:55.738   get /dev12195/qachannels/0/generator/waveforms/0/wave -
2025.05.15 14:24:55.738   set /dev12195/qachannels/0/generator/waveforms/0/wave vector (32000 B)
2025.05.15 14:24:55.738   get /dev12195/qachannels/0/generator/waveforms/0/wave -
2025.05.15 14:24:55.738   set /dev12195/qachannels/0/generator/waveforms/0/wave vector (32000 B)
2025.05.15 14:24:55.738   get /dev12195/qachannels/0/generator/waveforms/0/wave -
2025.05.15 14:24:55.738   set /dev12195/qachannels/0/generator/waveforms/0/wave vector (32000 B)
2025.05.15 14:24:55.738   get /dev12195/qachannels/0/generator/waveforms/0/wave -
2025.05.15 14:24:55.738   set /dev12195/qachannels/0/generator/waveforms/0/wave vector (32000 B)
2025.05.15 14:24:55.738   get /dev12195/qachannels/0/generator/waveforms/0/wave -
2025.05.15 14:24:55.738   set /dev12195/qachannels/0/generator/waveforms/0/wave vector (32000 B)
2025.05.15 14:24:55.738   get /dev12195/qachannels/0/generator/waveforms/0/wave -
2025.05.15 14:24:55.740   set /dev12195/qachannels/0/generator/waveforms/0/wave vector (32000 B)
2025.05.15 14:24:55.740   get /dev12195/qachannels/0/generator/waveforms/0/wave -
2025.05.15 14:24:55.740   set /dev12195/qachannels/0/generator/waveforms/0/wave vector (32000 B)
2025.05.15 14:24:55.740   get /dev12195/qachannels/0/generator/waveforms/0/wave -
2025.05.15 14:24:55.740   set /dev12195/qachannels/0/generator/waveforms/0/wave vector (32000 B)
2025.05.15 14:24:55.740   get /dev12195/qachannels/0/generator/waveforms/0/wave -
2025.05.15 14:24:55.740   set /dev12195/qachannels/0/generator/waveforms/0/wave vector (32000 B)
2025.05.15 14:24:55.740   get /dev12195/qachannels/0/generator/waveforms/0/wave -
2025.05.15 14:24:55.740   set /dev12195/qachannels/0/generator/waveforms/0/wave vector (32000 B)
2025.05.15 14:24:55.740   get /dev12195/qachannels/0/generator/waveforms/0/wave -
2025.05.15 14:24:55.740   set /dev12195/qachannels/0/generator/waveforms/0/wave vector (32000 B)
2025.05.15 14:24:55.740   get /dev12195/qachannels/0/generator/waveforms/0/wave -
2025.05.15 14:24:55.740   set /dev12195/qachannels/0/generator/waveforms/0/wave vector (32000 B)
2025.05.15 14:24:55.740   get /dev12195/qachannels/0/generator/waveforms/0/wave -
2025.05.15 14:24:55.742   set /dev12195/qachannels/0/generator/waveforms/0/wave vector (32000 B)
2025.05.15 14:24:55.742   get /dev12195/qachannels/0/generator/waveforms/0/wave -
2025.05.15 14:24:55.742   set /dev12195/qachannels/0/generator/waveforms/0/wave vector (32000 B)
2025.05.15 14:24:55.742   get /dev12195/qachannels/0/generator/waveforms/0/wave -
2025.05.15 14:24:55.742   set /dev12195/qachannels/0/generator/waveforms/0/wave vector (32000 B)
2025.05.15 14:24:55.742   get /dev12195/qachannels/0/generator/waveforms/0/wave -
2025.05.15 14:24:55.742   set /dev12195/qachannels/0/generator/waveforms/0/wave vector (32000 B)
2025.05.15 14:24:55.742   get /dev12195/qachannels/0/generator/waveforms/0/wave -
2025.05.15 14:24:55.742   set /dev12195/qachannels/0/generator/waveforms/0/wave vector (32000 B)
2025.05.15 14:24:55.742   get /dev12195/qachannels/0/generator/waveforms/0/wave -
2025.05.15 14:24:55.742   set /dev12195/qachannels/0/generator/waveforms/0/wave vector (32000 B)
2025.05.15 14:24:55.742   get /dev12195/qachannels/0/generator/waveforms/0/wave -
2025.05.15 14:24:55.744   set /dev12195/qachannels/0/generator/waveforms/0/wave vector (32000 B)
2025.05.15 14:24:55.744   get /dev12195/qachannels/0/generator/waveforms/0/wave -
2025.05.15 14:24:55.744   set /dev12195/qachannels/0/generator/waveforms/0/wave vector (32000 B)
2025.05.15 14:24:55.744   get /dev12195/qachannels/0/generator/waveforms/0/wave -
2025.05.15 14:24:55.744   set /dev12195/qachannels/0/generator/waveforms/0/wave vector (32000 B)
2025.05.15 14:24:55.745   get /dev12195/qachannels/0/generator/waveforms/0/wave -
2025.05.15 14:24:55.745   set /dev12195/qachannels/0/generator/waveforms/0/wave vector (32000 B)
2025.05.15 14:24:55.745   get /dev12195/qachannels/0/generator/waveforms/0/wave -
2025.05.15 14:24:55.745   set /dev12195/qachannels/0/generator/waveforms/0/wave vector (32000 B)
2025.05.15 14:24:55.745   get /dev12195/qachannels/0/generator/waveforms/0/wave -
2025.05.15 14:24:55.745   set /dev12195/qachannels/0/generator/waveforms/0/wave vector (32000 B)
2025.05.15 14:24:55.745   get /dev12195/qachannels/0/generator/waveforms/0/wave -
2025.05.15 14:24:55.746   set /dev12195/qachannels/0/generator/waveforms/0/wave vector (32000 B)
2025.05.15 14:24:55.746   get /dev12195/qachannels/0/generator/waveforms/0/wave -
2025.05.15 14:24:55.746   set /dev12195/qachannels/0/generator/waveforms/0/wave vector (32000 B)
2025.05.15 14:24:55.746   get /dev12195/qachannels/0/generator/waveforms/0/wave -
2025.05.15 14:24:55.746   set /dev12195/qachannels/0/generator/waveforms/0/wave vector (32000 B)
2025.05.15 14:24:55.746   get /dev12195/qachannels/0/generator/waveforms/0/wave -
2025.05.15 14:24:55.746   set /dev12195/qachannels/0/generator/waveforms/0/wave vector (32000 B)
2025.05.15 14:24:55.747   get /dev12195/qachannels/0/generator/waveforms/0/wave -
2025.05.15 14:24:55.747   set /dev12195/qachannels/0/generator/waveforms/0/wave vector (32000 B)
2025.05.15 14:24:55.747   get /dev12195/qachannels/0/generator/waveforms/0/wave -
2025.05.15 14:24:55.747   set /dev12195/qachannels/0/spectroscopy/envelope/enable 0
2025.05.15 14:24:55.747   set /dev12195/qachannels/0/readout/multistate/qudits/0/weights/0/wave vector (64000 B)
2025.05.15 14:24:55.747   set /dev12195/qachannels/0/readout/integration/length 4000
2025.05.15 14:24:55.748   set /dev12195/sgchannels/4/awg/enable 1
2025.05.15 14:24:55.748   set /dev12195/qachannels/0/generator/enable 1
2025.05.15 14:24:55.748   set /dev12195/system/internaltrigger/enable 1
2025.05.15 14:24:55.749   set /dev12195/raw/system/awg/runtimechecks/enable 0
2025.05.15 14:24:55.750   set /dev12195/qachannels/0/readout/result/enable 0
2025.05.15 14:24:55.750   get /dev12195/raw/error/json/errors -
2025.05.15 14:24:55.751   get /dev12195/raw/error/json/errors -
2025.05.15 14:24:55.751   set /dev12195/qachannels/0/spectroscopy/envelope/enable 1
2025.05.15 14:25:16.825 Node log from the data server with id 'zi_server':
2025.05.15 14:25:16.826   get /dev12195/raw/system/awg/runtimechecks/enable -
2025.05.15 14:25:16.826   get /dev12195/raw/system/awg/runtimechecks/enable -
2025.05.15 14:25:16.826   get /dev12195/system/clocks/referenceclock/in/freq -
2025.05.15 14:25:16.826   get /dev12195/system/clocks/referenceclock/in/sourceactual -
2025.05.15 14:25:16.826   get /dev12195/system/clocks/referenceclock/in/source -
2025.05.15 14:25:16.826   get /dev12195/system/clocks/referenceclock/in/status -
2025.05.15 14:25:16.827   get /dev12195/system/clocks/referenceclock/in/freq -
2025.05.15 14:25:16.827   get /dev12195/system/clocks/referenceclock/in/sourceactual -
2025.05.15 14:25:16.827   get /dev12195/system/clocks/referenceclock/in/source -
2025.05.15 14:25:16.827   get /dev12195/system/clocks/referenceclock/in/status -
2025.05.15 14:25:18.368 Node log from the data server with id 'zi_server':
2025.05.15 14:25:18.369   set /dev12195/raw/error/clear 1
2025.05.15 14:25:18.369   set /dev12195/sgchannels/0/pipeliner/mode 0
2025.05.15 14:25:18.370   set /dev12195/sgchannels/1/pipeliner/mode 0
2025.05.15 14:25:18.370   set /dev12195/sgchannels/2/pipeliner/mode 0
2025.05.15 14:25:18.370   set /dev12195/sgchannels/3/pipeliner/mode 0
2025.05.15 14:25:18.370   set /dev12195/sgchannels/4/pipeliner/mode 0
2025.05.15 14:25:18.370   set /dev12195/sgchannels/5/pipeliner/mode 0
2025.05.15 14:25:18.370   set /dev12195/sgchannels/0/synchronization/enable 0
2025.05.15 14:25:18.370   set /dev12195/sgchannels/1/synchronization/enable 0
2025.05.15 14:25:18.371   set /dev12195/sgchannels/2/synchronization/enable 0
2025.05.15 14:25:18.371   set /dev12195/sgchannels/3/synchronization/enable 0
2025.05.15 14:25:18.371   set /dev12195/sgchannels/4/synchronization/enable 0
2025.05.15 14:25:18.371   set /dev12195/sgchannels/5/synchronization/enable 0
2025.05.15 14:25:18.371   set /dev12195/sgchannels/0/awg/enable 0
2025.05.15 14:25:18.371   set /dev12195/sgchannels/1/awg/enable 0
2025.05.15 14:25:18.372   set /dev12195/sgchannels/2/awg/enable 0
2025.05.15 14:25:18.372   set /dev12195/sgchannels/3/awg/enable 0
2025.05.15 14:25:18.372   set /dev12195/sgchannels/4/awg/enable 0
2025.05.15 14:25:18.372   set /dev12195/sgchannels/5/awg/enable 0
2025.05.15 14:25:18.373   set /dev12195/system/synchronization/source 0
2025.05.15 14:25:18.373   set /dev12195/system/internaltrigger/synchronization/enable 0
2025.05.15 14:25:18.373   set /dev12195/scopes/0/enable 0
2025.05.15 14:25:18.373   set /dev12195/qachannels/0/pipeliner/mode 0
2025.05.15 14:25:18.374   set /dev12195/qachannels/0/synchronization/enable 0
2025.05.15 14:25:18.374   set /dev12195/qachannels/0/generator/enable 0
2025.05.15 14:25:18.374   set /dev12195/qachannels/0/readout/result/enable 0
2025.05.15 14:25:18.374   set /dev12195/qachannels/0/spectroscopy/psd/enable 0
2025.05.15 14:25:18.374   set /dev12195/qachannels/0/spectroscopy/result/enable 0
2025.05.15 14:25:18.374   set /dev12195/qachannels/0/output/rflfinterlock 1
2025.05.15 14:25:18.374   set /dev12195/qachannels/0/oscs/0/gain 1
2025.05.15 14:25:18.375   set /dev12195/scopes/0/channels/0/enable 0
2025.05.15 14:25:18.375   set /dev12195/scopes/0/channels/1/enable 0
2025.05.15 14:25:18.375   set /dev12195/scopes/0/channels/2/enable 0
2025.05.15 14:25:18.375   set /dev12195/scopes/0/channels/3/enable 0
2025.05.15 14:25:18.378   get /dev12195/sgchannels/0/output/overrangecount -
2025.05.15 14:25:18.379   get /dev12195/sgchannels/1/output/overrangecount -
2025.05.15 14:25:18.379   get /dev12195/sgchannels/2/output/overrangecount -
2025.05.15 14:25:18.379   get /dev12195/sgchannels/3/output/overrangecount -
2025.05.15 14:25:18.379   get /dev12195/sgchannels/4/output/overrangecount -
2025.05.15 14:25:18.379   get /dev12195/sgchannels/5/output/overrangecount -
2025.05.15 14:25:18.379   get /dev12195/qachannels/0/output/overrangecount -
2025.05.15 14:25:18.379   get /dev12195/qachannels/0/input/overrangecount -
2025.05.15 14:25:18.380   set /dev12195/sgchannels/4/output/on 1
2025.05.15 14:25:18.380   set /dev12195/sgchannels/4/awg/single 1
2025.05.15 14:25:18.380   set /dev12195/sgchannels/4/awg/modulation/enable 1
2025.05.15 14:25:18.380   set /dev12195/sgchannels/4/marker/source 0
2025.05.15 14:25:18.380   set /dev12195/sgchannels/4/trigger/delay 0
2025.05.15 14:25:18.380   set /dev12195/sgchannels/4/output/rflfpath 1
2025.05.15 14:25:18.380   set /dev12195/sgchannels/4/output/muting/enable 0
2025.05.15 14:25:18.381   set /dev12195/sgchannels/4/sines/0/oscselect 0
2025.05.15 14:25:18.381   set /dev12195/sgchannels/4/sines/0/harmonic 1
2025.05.15 14:25:18.381   set /dev12195/sgchannels/4/sines/0/phaseshift 0
2025.05.15 14:25:18.381   set /dev12195/qachannels/0/output/on 1
2025.05.15 14:25:18.381   set /dev12195/qachannels/0/generator/single 1
2025.05.15 14:25:18.381   set /dev12195/qachannels/0/output/muting/enable 0
2025.05.15 14:25:18.381   set /dev12195/qachannels/0/input/rflfpath 1
2025.05.15 14:25:18.382   set /dev12195/qachannels/0/input/on 1
2025.05.15 14:25:18.382   set /dev12195/sgchannels/4/oscs/0/freq 4e+07
2025.05.15 14:25:18.382   set /dev12195/sgchannels/4/awg/auxtriggers/0/slope 1
2025.05.15 14:25:18.382   set /dev12195/sgchannels/4/awg/auxtriggers/0/channel 8
2025.05.15 14:25:18.382   set /dev12195/system/internaltrigger/enable 0
2025.05.15 14:25:18.382   set /dev12195/system/internaltrigger/repetitions 1
2025.05.15 14:25:18.382   set /dev12195/qachannels/0/markers/0/source 32
2025.05.15 14:25:18.383   set /dev12195/qachannels/0/markers/1/source 36
2025.05.15 14:25:18.383   set /dev12195/qachannels/0/generator/auxtriggers/0/channel 8
2025.05.15 14:25:18.383   set /dev12195/sgchannels/4/oscs/0/freq 4e+07
2025.05.15 14:25:18.383   set /dev12195/synthesizers/3/centerfreq 3.6e+09
2025.05.15 14:25:18.383   set /dev12195/sgchannels/4/output/delay 0
2025.05.15 14:25:18.383   set /dev12195/qachannels/0/centerfreq 6.8e+09
2025.05.15 14:25:18.383   set /dev12195/qachannels/0/generator/delay 0
2025.05.15 14:25:18.383   set /dev12195/qachannels/0/readout/integration/delay 2.12e-07
2025.05.15 14:25:18.383   set /dev12195/qachannels/0/mode 1
2025.05.15 14:25:18.383   set /dev12195/qachannels/0/readout/multistate/qudits/0/enable 0
2025.05.15 14:25:18.384   set /dev12195/qachannels/0/readout/multistate/qudits/1/enable 0
2025.05.15 14:25:18.384   set /dev12195/qachannels/0/readout/multistate/qudits/2/enable 0
2025.05.15 14:25:18.384   set /dev12195/qachannels/0/readout/multistate/qudits/3/enable 0
2025.05.15 14:25:18.384   set /dev12195/qachannels/0/readout/multistate/qudits/4/enable 0
2025.05.15 14:25:18.384   set /dev12195/qachannels/0/readout/multistate/qudits/5/enable 0
2025.05.15 14:25:18.384   set /dev12195/qachannels/0/readout/multistate/qudits/6/enable 0
2025.05.15 14:25:18.384   set /dev12195/qachannels/0/readout/multistate/qudits/7/enable 0
2025.05.15 14:25:18.386   set /dev12195/qachannels/0/readout/multistate/enable 1
2025.05.15 14:25:18.386   set /dev12195/qachannels/0/readout/multistate/zsync/packed 1
2025.05.15 14:25:18.386   set /dev12195/qachannels/0/readout/multistate/qudits/0/numstates 2
2025.05.15 14:25:18.387   set /dev12195/qachannels/0/readout/multistate/qudits/0/enable 1
2025.05.15 14:25:18.387   set /dev12195/qachannels/0/readout/multistate/qudits/0/assignmentvec vector (8 B)
2025.05.15 14:25:18.387   set /dev12195/sgchannels/4/awg/elf/data vector (1528 B)
2025.05.15 14:25:18.387   set /dev12195/sgchannels/4/awg/commandtable/data vector (152 B)
2025.05.15 14:25:18.387   set /dev12195/qachannels/0/readout/result/enable 0
2025.05.15 14:25:18.387   set /dev12195/qachannels/0/readout/result/source 1
2025.05.15 14:25:18.387   set /dev12195/qachannels/0/readout/result/length 101
2025.05.15 14:25:18.388   set /dev12195/qachannels/0/readout/result/averages 256
2025.05.15 14:25:18.388   set /dev12195/qachannels/0/readout/result/mode 0
2025.05.15 14:25:18.388   set /dev12195/qachannels/0/readout/multistate/qudits/0/thresholds/0/value 0
2025.05.15 14:25:18.388   set /dev12195/qachannels/0/readout/result/enable 1
2025.05.15 14:25:18.388   set /dev12195/qachannels/0/spectroscopy/result/enable 0
2025.05.15 14:25:18.388   set /dev12195/scopes/0/enable 0
2025.05.15 14:25:18.388   set /dev12195/qachannels/0/generator/elf/data vector (1996 B)
2025.05.15 14:25:18.389   set /dev12195/qachannels/0/generator/clearwave 1
2025.05.15 14:25:18.389   set /dev12195/qachannels/0/generator/waveforms/0/wave vector (32000 B)
2025.05.15 14:25:18.389   get /dev12195/qachannels/0/generator/waveforms/0/wave -
2025.05.15 14:25:18.389   set /dev12195/qachannels/0/generator/waveforms/0/wave vector (32000 B)
2025.05.15 14:25:18.389   get /dev12195/qachannels/0/generator/waveforms/0/wave -
2025.05.15 14:25:18.389   set /dev12195/qachannels/0/generator/waveforms/0/wave vector (32000 B)
2025.05.15 14:25:18.389   get /dev12195/qachannels/0/generator/waveforms/0/wave -
2025.05.15 14:25:18.390   set /dev12195/qachannels/0/generator/waveforms/0/wave vector (32000 B)
2025.05.15 14:25:18.390   get /dev12195/qachannels/0/generator/waveforms/0/wave -
2025.05.15 14:25:18.390   set /dev12195/qachannels/0/generator/waveforms/0/wave vector (32000 B)
2025.05.15 14:25:18.390   get /dev12195/qachannels/0/generator/waveforms/0/wave -
2025.05.15 14:25:18.390   set /dev12195/qachannels/0/generator/waveforms/0/wave vector (32000 B)
2025.05.15 14:25:18.390   get /dev12195/qachannels/0/generator/waveforms/0/wave -
2025.05.15 14:25:18.390   set /dev12195/qachannels/0/generator/waveforms/0/wave vector (32000 B)
2025.05.15 14:25:18.391   get /dev12195/qachannels/0/generator/waveforms/0/wave -
2025.05.15 14:25:18.391   set /dev12195/qachannels/0/generator/waveforms/0/wave vector (32000 B)
2025.05.15 14:25:18.391   get /dev12195/qachannels/0/generator/waveforms/0/wave -
2025.05.15 14:25:18.391   set /dev12195/qachannels/0/generator/waveforms/0/wave vector (32000 B)
2025.05.15 14:25:18.391   get /dev12195/qachannels/0/generator/waveforms/0/wave -
2025.05.15 14:25:18.391   set /dev12195/qachannels/0/generator/waveforms/0/wave vector (32000 B)
2025.05.15 14:25:18.391   get /dev12195/qachannels/0/generator/waveforms/0/wave -
2025.05.15 14:25:18.392   set /dev12195/qachannels/0/generator/waveforms/0/wave vector (32000 B)
2025.05.15 14:25:18.392   get /dev12195/qachannels/0/generator/waveforms/0/wave -
2025.05.15 14:25:18.392   set /dev12195/qachannels/0/generator/waveforms/0/wave vector (32000 B)
2025.05.15 14:25:18.392   get /dev12195/qachannels/0/generator/waveforms/0/wave -
2025.05.15 14:25:18.392   set /dev12195/qachannels/0/generator/waveforms/0/wave vector (32000 B)
2025.05.15 14:25:18.392   get /dev12195/qachannels/0/generator/waveforms/0/wave -
2025.05.15 14:25:18.392   set /dev12195/qachannels/0/generator/waveforms/0/wave vector (32000 B)
2025.05.15 14:25:18.393   get /dev12195/qachannels/0/generator/waveforms/0/wave -
2025.05.15 14:25:18.393   set /dev12195/qachannels/0/generator/waveforms/0/wave vector (32000 B)
2025.05.15 14:25:18.393   get /dev12195/qachannels/0/generator/waveforms/0/wave -
2025.05.15 14:25:18.393   set /dev12195/qachannels/0/generator/waveforms/0/wave vector (32000 B)
2025.05.15 14:25:18.393   get /dev12195/qachannels/0/generator/waveforms/0/wave -
2025.05.15 14:25:18.393   set /dev12195/qachannels/0/generator/waveforms/0/wave vector (32000 B)
2025.05.15 14:25:18.393   get /dev12195/qachannels/0/generator/waveforms/0/wave -
2025.05.15 14:25:18.394   set /dev12195/qachannels/0/generator/waveforms/0/wave vector (32000 B)
2025.05.15 14:25:18.394   get /dev12195/qachannels/0/generator/waveforms/0/wave -
2025.05.15 14:25:18.394   set /dev12195/qachannels/0/generator/waveforms/0/wave vector (32000 B)
2025.05.15 14:25:18.394   get /dev12195/qachannels/0/generator/waveforms/0/wave -
2025.05.15 14:25:18.394   set /dev12195/qachannels/0/generator/waveforms/0/wave vector (32000 B)
2025.05.15 14:25:18.394   get /dev12195/qachannels/0/generator/waveforms/0/wave -
2025.05.15 14:25:18.394   set /dev12195/qachannels/0/generator/waveforms/0/wave vector (32000 B)
2025.05.15 14:25:18.395   get /dev12195/qachannels/0/generator/waveforms/0/wave -
2025.05.15 14:25:18.395   set /dev12195/qachannels/0/generator/waveforms/0/wave vector (32000 B)
2025.05.15 14:25:18.395   get /dev12195/qachannels/0/generator/waveforms/0/wave -
2025.05.15 14:25:18.395   set /dev12195/qachannels/0/generator/waveforms/0/wave vector (32000 B)
2025.05.15 14:25:18.395   get /dev12195/qachannels/0/generator/waveforms/0/wave -
2025.05.15 14:25:18.395   set /dev12195/qachannels/0/generator/waveforms/0/wave vector (32000 B)
2025.05.15 14:25:18.395   get /dev12195/qachannels/0/generator/waveforms/0/wave -
2025.05.15 14:25:18.396   set /dev12195/qachannels/0/generator/waveforms/0/wave vector (32000 B)
2025.05.15 14:25:18.396   get /dev12195/qachannels/0/generator/waveforms/0/wave -
2025.05.15 14:25:18.396   set /dev12195/qachannels/0/generator/waveforms/0/wave vector (32000 B)
2025.05.15 14:25:18.396   get /dev12195/qachannels/0/generator/waveforms/0/wave -
2025.05.15 14:25:18.396   set /dev12195/qachannels/0/generator/waveforms/0/wave vector (32000 B)
2025.05.15 14:25:18.396   get /dev12195/qachannels/0/generator/waveforms/0/wave -
2025.05.15 14:25:18.396   set /dev12195/qachannels/0/generator/waveforms/0/wave vector (32000 B)
2025.05.15 14:25:18.397   get /dev12195/qachannels/0/generator/waveforms/0/wave -
2025.05.15 14:25:18.397   set /dev12195/qachannels/0/generator/waveforms/0/wave vector (32000 B)
2025.05.15 14:25:18.397   get /dev12195/qachannels/0/generator/waveforms/0/wave -
2025.05.15 14:25:18.397   set /dev12195/qachannels/0/generator/waveforms/0/wave vector (32000 B)
2025.05.15 14:25:18.397   get /dev12195/qachannels/0/generator/waveforms/0/wave -
2025.05.15 14:25:18.397   set /dev12195/qachannels/0/generator/waveforms/0/wave vector (32000 B)
2025.05.15 14:25:18.397   get /dev12195/qachannels/0/generator/waveforms/0/wave -
2025.05.15 14:25:18.398   set /dev12195/qachannels/0/generator/waveforms/0/wave vector (32000 B)
2025.05.15 14:25:18.398   get /dev12195/qachannels/0/generator/waveforms/0/wave -
2025.05.15 14:25:18.398   set /dev12195/qachannels/0/generator/waveforms/0/wave vector (32000 B)
2025.05.15 14:25:18.398   get /dev12195/qachannels/0/generator/waveforms/0/wave -
2025.05.15 14:25:18.398   set /dev12195/qachannels/0/generator/waveforms/0/wave vector (32000 B)
2025.05.15 14:25:18.398   get /dev12195/qachannels/0/generator/waveforms/0/wave -
2025.05.15 14:25:18.399   set /dev12195/qachannels/0/generator/waveforms/0/wave vector (32000 B)
2025.05.15 14:25:18.399   get /dev12195/qachannels/0/generator/waveforms/0/wave -
2025.05.15 14:25:18.399   set /dev12195/qachannels/0/generator/waveforms/0/wave vector (32000 B)
2025.05.15 14:25:18.399   get /dev12195/qachannels/0/generator/waveforms/0/wave -
2025.05.15 14:25:18.399   set /dev12195/qachannels/0/generator/waveforms/0/wave vector (32000 B)
2025.05.15 14:25:18.399   get /dev12195/qachannels/0/generator/waveforms/0/wave -
2025.05.15 14:25:18.399   set /dev12195/qachannels/0/generator/waveforms/0/wave vector (32000 B)
2025.05.15 14:25:18.400   get /dev12195/qachannels/0/generator/waveforms/0/wave -
2025.05.15 14:25:18.400   set /dev12195/qachannels/0/generator/waveforms/0/wave vector (32000 B)
2025.05.15 14:25:18.400   get /dev12195/qachannels/0/generator/waveforms/0/wave -
2025.05.15 14:25:18.400   set /dev12195/qachannels/0/generator/waveforms/0/wave vector (32000 B)
2025.05.15 14:25:18.400   get /dev12195/qachannels/0/generator/waveforms/0/wave -
2025.05.15 14:25:18.401   set /dev12195/qachannels/0/generator/waveforms/0/wave vector (32000 B)
2025.05.15 14:25:18.401   get /dev12195/qachannels/0/generator/waveforms/0/wave -
2025.05.15 14:25:18.401   set /dev12195/qachannels/0/generator/waveforms/0/wave vector (32000 B)
2025.05.15 14:25:18.401   get /dev12195/qachannels/0/generator/waveforms/0/wave -
2025.05.15 14:25:18.401   set /dev12195/qachannels/0/generator/waveforms/0/wave vector (32000 B)
2025.05.15 14:25:18.401   get /dev12195/qachannels/0/generator/waveforms/0/wave -
2025.05.15 14:25:18.401   set /dev12195/qachannels/0/generator/waveforms/0/wave vector (32000 B)
2025.05.15 14:25:18.402   get /dev12195/qachannels/0/generator/waveforms/0/wave -
2025.05.15 14:25:18.402   set /dev12195/qachannels/0/generator/waveforms/0/wave vector (32000 B)
2025.05.15 14:25:18.402   get /dev12195/qachannels/0/generator/waveforms/0/wave -
2025.05.15 14:25:18.402   set /dev12195/qachannels/0/generator/waveforms/0/wave vector (32000 B)
2025.05.15 14:25:18.402   get /dev12195/qachannels/0/generator/waveforms/0/wave -
2025.05.15 14:25:18.402   set /dev12195/qachannels/0/generator/waveforms/0/wave vector (32000 B)
2025.05.15 14:25:18.403   get /dev12195/qachannels/0/generator/waveforms/0/wave -
2025.05.15 14:25:18.403   set /dev12195/qachannels/0/generator/waveforms/0/wave vector (32000 B)
2025.05.15 14:25:18.403   get /dev12195/qachannels/0/generator/waveforms/0/wave -
2025.05.15 14:25:18.403   set /dev12195/qachannels/0/generator/waveforms/0/wave vector (32000 B)
2025.05.15 14:25:18.403   get /dev12195/qachannels/0/generator/waveforms/0/wave -
2025.05.15 14:25:18.403   set /dev12195/qachannels/0/generator/waveforms/0/wave vector (32000 B)
2025.05.15 14:25:18.403   get /dev12195/qachannels/0/generator/waveforms/0/wave -
2025.05.15 14:25:18.404   set /dev12195/qachannels/0/generator/waveforms/0/wave vector (32000 B)
2025.05.15 14:25:18.404   get /dev12195/qachannels/0/generator/waveforms/0/wave -
2025.05.15 14:25:18.404   set /dev12195/qachannels/0/generator/waveforms/0/wave vector (32000 B)
2025.05.15 14:25:18.404   get /dev12195/qachannels/0/generator/waveforms/0/wave -
2025.05.15 14:25:18.404   set /dev12195/qachannels/0/generator/waveforms/0/wave vector (32000 B)
2025.05.15 14:25:18.404   get /dev12195/qachannels/0/generator/waveforms/0/wave -
2025.05.15 14:25:18.404   set /dev12195/qachannels/0/generator/waveforms/0/wave vector (32000 B)
2025.05.15 14:25:18.405   get /dev12195/qachannels/0/generator/waveforms/0/wave -
2025.05.15 14:25:18.405   set /dev12195/qachannels/0/generator/waveforms/0/wave vector (32000 B)
2025.05.15 14:25:18.405   get /dev12195/qachannels/0/generator/waveforms/0/wave -
2025.05.15 14:25:18.405   set /dev12195/qachannels/0/generator/waveforms/0/wave vector (32000 B)
2025.05.15 14:25:18.405   get /dev12195/qachannels/0/generator/waveforms/0/wave -
2025.05.15 14:25:18.405   set /dev12195/qachannels/0/generator/waveforms/0/wave vector (32000 B)
2025.05.15 14:25:18.405   get /dev12195/qachannels/0/generator/waveforms/0/wave -
2025.05.15 14:25:18.406   set /dev12195/qachannels/0/generator/waveforms/0/wave vector (32000 B)
2025.05.15 14:25:18.406   get /dev12195/qachannels/0/generator/waveforms/0/wave -
2025.05.15 14:25:18.406   set /dev12195/qachannels/0/generator/waveforms/0/wave vector (32000 B)
2025.05.15 14:25:18.406   get /dev12195/qachannels/0/generator/waveforms/0/wave -
2025.05.15 14:25:18.406   set /dev12195/qachannels/0/generator/waveforms/0/wave vector (32000 B)
2025.05.15 14:25:18.406   get /dev12195/qachannels/0/generator/waveforms/0/wave -
2025.05.15 14:25:18.407   set /dev12195/qachannels/0/generator/waveforms/0/wave vector (32000 B)
2025.05.15 14:25:18.407   get /dev12195/qachannels/0/generator/waveforms/0/wave -
2025.05.15 14:25:18.407   set /dev12195/qachannels/0/generator/waveforms/0/wave vector (32000 B)
2025.05.15 14:25:18.407   get /dev12195/qachannels/0/generator/waveforms/0/wave -
2025.05.15 14:25:18.407   set /dev12195/qachannels/0/generator/waveforms/0/wave vector (32000 B)
2025.05.15 14:25:18.407   get /dev12195/qachannels/0/generator/waveforms/0/wave -
2025.05.15 14:25:18.407   set /dev12195/qachannels/0/generator/waveforms/0/wave vector (32000 B)
2025.05.15 14:25:18.408   get /dev12195/qachannels/0/generator/waveforms/0/wave -
2025.05.15 14:25:18.408   set /dev12195/qachannels/0/generator/waveforms/0/wave vector (32000 B)
2025.05.15 14:25:18.408   get /dev12195/qachannels/0/generator/waveforms/0/wave -
2025.05.15 14:25:18.408   set /dev12195/qachannels/0/generator/waveforms/0/wave vector (32000 B)
2025.05.15 14:25:18.408   get /dev12195/qachannels/0/generator/waveforms/0/wave -
2025.05.15 14:25:18.408   set /dev12195/qachannels/0/generator/waveforms/0/wave vector (32000 B)
2025.05.15 14:25:18.408   get /dev12195/qachannels/0/generator/waveforms/0/wave -
2025.05.15 14:25:18.409   set /dev12195/qachannels/0/generator/waveforms/0/wave vector (32000 B)
2025.05.15 14:25:18.409   get /dev12195/qachannels/0/generator/waveforms/0/wave -
2025.05.15 14:25:18.409   set /dev12195/qachannels/0/generator/waveforms/0/wave vector (32000 B)
2025.05.15 14:25:18.409   get /dev12195/qachannels/0/generator/waveforms/0/wave -
2025.05.15 14:25:18.409   set /dev12195/qachannels/0/generator/waveforms/0/wave vector (32000 B)
2025.05.15 14:25:18.409   get /dev12195/qachannels/0/generator/waveforms/0/wave -
2025.05.15 14:25:18.409   set /dev12195/qachannels/0/generator/waveforms/0/wave vector (32000 B)
2025.05.15 14:25:18.410   get /dev12195/qachannels/0/generator/waveforms/0/wave -
2025.05.15 14:25:18.410   set /dev12195/qachannels/0/generator/waveforms/0/wave vector (32000 B)
2025.05.15 14:25:18.410   get /dev12195/qachannels/0/generator/waveforms/0/wave -
2025.05.15 14:25:18.410   set /dev12195/qachannels/0/generator/waveforms/0/wave vector (32000 B)
2025.05.15 14:25:18.410   get /dev12195/qachannels/0/generator/waveforms/0/wave -
2025.05.15 14:25:18.410   set /dev12195/qachannels/0/generator/waveforms/0/wave vector (32000 B)
2025.05.15 14:25:18.410   get /dev12195/qachannels/0/generator/waveforms/0/wave -
2025.05.15 14:25:18.411   set /dev12195/qachannels/0/generator/waveforms/0/wave vector (32000 B)
2025.05.15 14:25:18.411   get /dev12195/qachannels/0/generator/waveforms/0/wave -
2025.05.15 14:25:18.411   set /dev12195/qachannels/0/generator/waveforms/0/wave vector (32000 B)
2025.05.15 14:25:18.411   get /dev12195/qachannels/0/generator/waveforms/0/wave -
2025.05.15 14:25:18.411   set /dev12195/qachannels/0/generator/waveforms/0/wave vector (32000 B)
2025.05.15 14:25:18.411   get /dev12195/qachannels/0/generator/waveforms/0/wave -
2025.05.15 14:25:18.411   set /dev12195/qachannels/0/generator/waveforms/0/wave vector (32000 B)
2025.05.15 14:25:18.412   get /dev12195/qachannels/0/generator/waveforms/0/wave -
2025.05.15 14:25:18.412   set /dev12195/qachannels/0/generator/waveforms/0/wave vector (32000 B)
2025.05.15 14:25:18.412   get /dev12195/qachannels/0/generator/waveforms/0/wave -
2025.05.15 14:25:18.412   set /dev12195/qachannels/0/generator/waveforms/0/wave vector (32000 B)
2025.05.15 14:25:18.412   get /dev12195/qachannels/0/generator/waveforms/0/wave -
2025.05.15 14:25:18.412   set /dev12195/qachannels/0/generator/waveforms/0/wave vector (32000 B)
2025.05.15 14:25:18.412   get /dev12195/qachannels/0/generator/waveforms/0/wave -
2025.05.15 14:25:18.413   set /dev12195/qachannels/0/generator/waveforms/0/wave vector (32000 B)
2025.05.15 14:25:18.413   get /dev12195/qachannels/0/generator/waveforms/0/wave -
2025.05.15 14:25:18.413   set /dev12195/qachannels/0/generator/waveforms/0/wave vector (32000 B)
2025.05.15 14:25:18.413   get /dev12195/qachannels/0/generator/waveforms/0/wave -
2025.05.15 14:25:18.413   set /dev12195/qachannels/0/generator/waveforms/0/wave vector (32000 B)
2025.05.15 14:25:18.413   get /dev12195/qachannels/0/generator/waveforms/0/wave -
2025.05.15 14:25:18.413   set /dev12195/qachannels/0/generator/waveforms/0/wave vector (32000 B)
2025.05.15 14:25:18.414   get /dev12195/qachannels/0/generator/waveforms/0/wave -
2025.05.15 14:25:18.414   set /dev12195/qachannels/0/generator/waveforms/0/wave vector (32000 B)
2025.05.15 14:25:18.414   get /dev12195/qachannels/0/generator/waveforms/0/wave -
2025.05.15 14:25:18.414   set /dev12195/qachannels/0/generator/waveforms/0/wave vector (32000 B)
2025.05.15 14:25:18.414   get /dev12195/qachannels/0/generator/waveforms/0/wave -
2025.05.15 14:25:18.414   set /dev12195/qachannels/0/generator/waveforms/0/wave vector (32000 B)
2025.05.15 14:25:18.414   get /dev12195/qachannels/0/generator/waveforms/0/wave -
2025.05.15 14:25:18.415   set /dev12195/qachannels/0/generator/waveforms/0/wave vector (32000 B)
2025.05.15 14:25:18.415   get /dev12195/qachannels/0/generator/waveforms/0/wave -
2025.05.15 14:25:18.415   set /dev12195/qachannels/0/generator/waveforms/0/wave vector (32000 B)
2025.05.15 14:25:18.415   get /dev12195/qachannels/0/generator/waveforms/0/wave -
2025.05.15 14:25:18.415   set /dev12195/qachannels/0/generator/waveforms/0/wave vector (32000 B)
2025.05.15 14:25:18.415   get /dev12195/qachannels/0/generator/waveforms/0/wave -
2025.05.15 14:25:18.415   set /dev12195/qachannels/0/generator/waveforms/0/wave vector (32000 B)
2025.05.15 14:25:18.416   get /dev12195/qachannels/0/generator/waveforms/0/wave -
2025.05.15 14:25:18.416   set /dev12195/qachannels/0/generator/waveforms/0/wave vector (32000 B)
2025.05.15 14:25:18.416   get /dev12195/qachannels/0/generator/waveforms/0/wave -
2025.05.15 14:25:18.416   set /dev12195/qachannels/0/generator/waveforms/0/wave vector (32000 B)
2025.05.15 14:25:18.416   get /dev12195/qachannels/0/generator/waveforms/0/wave -
2025.05.15 14:25:18.417   set /dev12195/qachannels/0/generator/waveforms/0/wave vector (32000 B)
2025.05.15 14:25:18.417   get /dev12195/qachannels/0/generator/waveforms/0/wave -
2025.05.15 14:25:18.417   set /dev12195/qachannels/0/generator/waveforms/0/wave vector (32000 B)
2025.05.15 14:25:18.417   get /dev12195/qachannels/0/generator/waveforms/0/wave -
2025.05.15 14:25:18.417   set /dev12195/qachannels/0/generator/waveforms/0/wave vector (32000 B)
2025.05.15 14:25:18.418   get /dev12195/qachannels/0/generator/waveforms/0/wave -
2025.05.15 14:25:18.418   set /dev12195/qachannels/0/generator/waveforms/0/wave vector (32000 B)
2025.05.15 14:25:18.418   get /dev12195/qachannels/0/generator/waveforms/0/wave -
2025.05.15 14:25:18.418   set /dev12195/qachannels/0/generator/waveforms/0/wave vector (32000 B)
2025.05.15 14:25:18.418   get /dev12195/qachannels/0/generator/waveforms/0/wave -
2025.05.15 14:25:18.418   set /dev12195/qachannels/0/generator/waveforms/0/wave vector (32000 B)
2025.05.15 14:25:18.418   get /dev12195/qachannels/0/generator/waveforms/0/wave -
2025.05.15 14:25:18.419   set /dev12195/qachannels/0/generator/waveforms/0/wave vector (32000 B)
2025.05.15 14:25:18.419   get /dev12195/qachannels/0/generator/waveforms/0/wave -
2025.05.15 14:25:18.419   set /dev12195/qachannels/0/spectroscopy/envelope/enable 0
2025.05.15 14:25:18.419   set /dev12195/qachannels/0/readout/multistate/qudits/0/weights/0/wave vector (64000 B)
2025.05.15 14:25:18.419   set /dev12195/qachannels/0/readout/integration/length 4000
2025.05.15 14:25:18.420   set /dev12195/sgchannels/4/awg/enable 1
2025.05.15 14:25:18.420   set /dev12195/qachannels/0/generator/enable 1
2025.05.15 14:25:18.420   set /dev12195/system/internaltrigger/enable 1
2025.05.15 14:25:18.421   set /dev12195/raw/system/awg/runtimechecks/enable 0
2025.05.15 14:25:18.421   set /dev12195/qachannels/0/readout/result/enable 0
2025.05.15 14:25:18.422   get /dev12195/raw/error/json/errors -
2025.05.15 14:25:18.422   get /dev12195/raw/error/json/errors -
2025.05.15 14:25:18.423   set /dev12195/qachannels/0/spectroscopy/envelope/enable 1
2025.05.15 14:25:22.260 Node log from the data server with id 'zi_server':
2025.05.15 14:25:22.261   set /dev12195/raw/error/clear 1
2025.05.15 14:25:22.261   set /dev12195/sgchannels/0/pipeliner/mode 0
2025.05.15 14:25:22.261   set /dev12195/sgchannels/1/pipeliner/mode 0
2025.05.15 14:25:22.262   set /dev12195/sgchannels/2/pipeliner/mode 0
2025.05.15 14:25:22.262   set /dev12195/sgchannels/3/pipeliner/mode 0
2025.05.15 14:25:22.262   set /dev12195/sgchannels/4/pipeliner/mode 0
2025.05.15 14:25:22.262   set /dev12195/sgchannels/5/pipeliner/mode 0
2025.05.15 14:25:22.262   set /dev12195/sgchannels/0/synchronization/enable 0
2025.05.15 14:25:22.262   set /dev12195/sgchannels/1/synchronization/enable 0
2025.05.15 14:25:22.262   set /dev12195/sgchannels/2/synchronization/enable 0
2025.05.15 14:25:22.263   set /dev12195/sgchannels/3/synchronization/enable 0
2025.05.15 14:25:22.263   set /dev12195/sgchannels/4/synchronization/enable 0
2025.05.15 14:25:22.263   set /dev12195/sgchannels/5/synchronization/enable 0
2025.05.15 14:25:22.263   set /dev12195/sgchannels/0/awg/enable 0
2025.05.15 14:25:22.263   set /dev12195/sgchannels/1/awg/enable 0
2025.05.15 14:25:22.263   set /dev12195/sgchannels/2/awg/enable 0
2025.05.15 14:25:22.263   set /dev12195/sgchannels/3/awg/enable 0
2025.05.15 14:25:22.263   set /dev12195/sgchannels/4/awg/enable 0
2025.05.15 14:25:22.264   set /dev12195/sgchannels/5/awg/enable 0
2025.05.15 14:25:22.265   set /dev12195/system/synchronization/source 0
2025.05.15 14:25:22.265   set /dev12195/system/internaltrigger/synchronization/enable 0
2025.05.15 14:25:22.265   set /dev12195/scopes/0/enable 0
2025.05.15 14:25:22.265   set /dev12195/qachannels/0/pipeliner/mode 0
2025.05.15 14:25:22.265   set /dev12195/qachannels/0/synchronization/enable 0
2025.05.15 14:25:22.265   set /dev12195/qachannels/0/generator/enable 0
2025.05.15 14:25:22.265   set /dev12195/qachannels/0/readout/result/enable 0
2025.05.15 14:25:22.266   set /dev12195/qachannels/0/spectroscopy/psd/enable 0
2025.05.15 14:25:22.266   set /dev12195/qachannels/0/spectroscopy/result/enable 0
2025.05.15 14:25:22.266   set /dev12195/qachannels/0/output/rflfinterlock 1
2025.05.15 14:25:22.266   set /dev12195/qachannels/0/oscs/0/gain 1
2025.05.15 14:25:22.266   set /dev12195/scopes/0/channels/0/enable 0
2025.05.15 14:25:22.266   set /dev12195/scopes/0/channels/1/enable 0
2025.05.15 14:25:22.266   set /dev12195/scopes/0/channels/2/enable 0
2025.05.15 14:25:22.267   set /dev12195/scopes/0/channels/3/enable 0
2025.05.15 14:25:22.270   get /dev12195/sgchannels/0/output/overrangecount -
2025.05.15 14:25:22.270   get /dev12195/sgchannels/1/output/overrangecount -
2025.05.15 14:25:22.271   get /dev12195/sgchannels/2/output/overrangecount -
2025.05.15 14:25:22.271   get /dev12195/sgchannels/3/output/overrangecount -
2025.05.15 14:25:22.271   get /dev12195/sgchannels/4/output/overrangecount -
2025.05.15 14:25:22.271   get /dev12195/sgchannels/5/output/overrangecount -
2025.05.15 14:25:22.271   get /dev12195/qachannels/0/output/overrangecount -
2025.05.15 14:25:22.271   get /dev12195/qachannels/0/input/overrangecount -
2025.05.15 14:25:22.272   set /dev12195/sgchannels/4/output/on 1
2025.05.15 14:25:22.272   set /dev12195/sgchannels/4/awg/single 1
2025.05.15 14:25:22.272   set /dev12195/sgchannels/4/awg/modulation/enable 1
2025.05.15 14:25:22.272   set /dev12195/sgchannels/4/marker/source 0
2025.05.15 14:25:22.272   set /dev12195/sgchannels/4/trigger/delay 0
2025.05.15 14:25:22.273   set /dev12195/sgchannels/4/output/rflfpath 1
2025.05.15 14:25:22.273   set /dev12195/sgchannels/4/output/muting/enable 0
2025.05.15 14:25:22.273   set /dev12195/sgchannels/4/sines/0/oscselect 0
2025.05.15 14:25:22.273   set /dev12195/sgchannels/4/sines/0/harmonic 1
2025.05.15 14:25:22.273   set /dev12195/sgchannels/4/sines/0/phaseshift 0
2025.05.15 14:25:22.273   set /dev12195/qachannels/0/output/on 1
2025.05.15 14:25:22.273   set /dev12195/qachannels/0/generator/single 1
2025.05.15 14:25:22.274   set /dev12195/qachannels/0/output/muting/enable 0
2025.05.15 14:25:22.274   set /dev12195/qachannels/0/input/rflfpath 1
2025.05.15 14:25:22.274   set /dev12195/qachannels/0/input/on 1
2025.05.15 14:25:22.274   set /dev12195/sgchannels/4/oscs/0/freq 4e+07
2025.05.15 14:25:22.274   set /dev12195/sgchannels/4/awg/auxtriggers/0/slope 1
2025.05.15 14:25:22.274   set /dev12195/sgchannels/4/awg/auxtriggers/0/channel 8
2025.05.15 14:25:22.274   set /dev12195/system/internaltrigger/enable 0
2025.05.15 14:25:22.275   set /dev12195/system/internaltrigger/repetitions 1
2025.05.15 14:25:22.275   set /dev12195/qachannels/0/markers/0/source 32
2025.05.15 14:25:22.275   set /dev12195/qachannels/0/markers/1/source 36
2025.05.15 14:25:22.275   set /dev12195/qachannels/0/generator/auxtriggers/0/channel 8
2025.05.15 14:25:22.275   set /dev12195/sgchannels/4/oscs/0/freq 4e+07
2025.05.15 14:25:22.275   set /dev12195/synthesizers/3/centerfreq 3.6e+09
2025.05.15 14:25:22.275   set /dev12195/sgchannels/4/output/delay 0
2025.05.15 14:25:22.276   set /dev12195/qachannels/0/centerfreq 6.8e+09
2025.05.15 14:25:22.276   set /dev12195/qachannels/0/generator/delay 0
2025.05.15 14:25:22.276   set /dev12195/qachannels/0/readout/integration/delay 2.12e-07
2025.05.15 14:25:22.276   set /dev12195/qachannels/0/mode 1
2025.05.15 14:25:22.276   set /dev12195/qachannels/0/readout/multistate/qudits/0/enable 0
2025.05.15 14:25:22.276   set /dev12195/qachannels/0/readout/multistate/qudits/1/enable 0
2025.05.15 14:25:22.277   set /dev12195/qachannels/0/readout/multistate/qudits/2/enable 0
2025.05.15 14:25:22.277   set /dev12195/qachannels/0/readout/multistate/qudits/3/enable 0
2025.05.15 14:25:22.277   set /dev12195/qachannels/0/readout/multistate/qudits/4/enable 0
2025.05.15 14:25:22.277   set /dev12195/qachannels/0/readout/multistate/qudits/5/enable 0
2025.05.15 14:25:22.277   set /dev12195/qachannels/0/readout/multistate/qudits/6/enable 0
2025.05.15 14:25:22.277   set /dev12195/qachannels/0/readout/multistate/qudits/7/enable 0
2025.05.15 14:25:22.277   set /dev12195/qachannels/0/readout/multistate/enable 1
2025.05.15 14:25:22.278   set /dev12195/qachannels/0/readout/multistate/zsync/packed 1
2025.05.15 14:25:22.278   set /dev12195/qachannels/0/readout/multistate/qudits/0/numstates 2
2025.05.15 14:25:22.278   set /dev12195/qachannels/0/readout/multistate/qudits/0/enable 1
2025.05.15 14:25:22.278   set /dev12195/qachannels/0/readout/multistate/qudits/0/assignmentvec vector (8 B)
2025.05.15 14:25:22.278   set /dev12195/sgchannels/4/awg/elf/data vector (1528 B)
2025.05.15 14:25:22.278   set /dev12195/sgchannels/4/awg/commandtable/data vector (152 B)
2025.05.15 14:25:22.278   set /dev12195/qachannels/0/readout/result/enable 0
2025.05.15 14:25:22.279   set /dev12195/qachannels/0/readout/result/source 1
2025.05.15 14:25:22.279   set /dev12195/qachannels/0/readout/result/length 101
2025.05.15 14:25:22.279   set /dev12195/qachannels/0/readout/result/averages 256
2025.05.15 14:25:22.279   set /dev12195/qachannels/0/readout/result/mode 0
2025.05.15 14:25:22.279   set /dev12195/qachannels/0/readout/multistate/qudits/0/thresholds/0/value 0
2025.05.15 14:25:22.280   set /dev12195/qachannels/0/readout/result/enable 1
2025.05.15 14:25:22.280   set /dev12195/qachannels/0/spectroscopy/result/enable 0
2025.05.15 14:25:22.280   set /dev12195/scopes/0/enable 0
2025.05.15 14:25:22.280   set /dev12195/qachannels/0/generator/elf/data vector (1996 B)
2025.05.15 14:25:22.280   set /dev12195/qachannels/0/generator/clearwave 1
2025.05.15 14:25:22.280   set /dev12195/qachannels/0/generator/waveforms/0/wave vector (32000 B)
2025.05.15 14:25:22.281   get /dev12195/qachannels/0/generator/waveforms/0/wave -
2025.05.15 14:25:22.281   set /dev12195/qachannels/0/generator/waveforms/0/wave vector (32000 B)
2025.05.15 14:25:22.281   get /dev12195/qachannels/0/generator/waveforms/0/wave -
2025.05.15 14:25:22.281   set /dev12195/qachannels/0/generator/waveforms/0/wave vector (32000 B)
2025.05.15 14:25:22.281   get /dev12195/qachannels/0/generator/waveforms/0/wave -
2025.05.15 14:25:22.281   set /dev12195/qachannels/0/generator/waveforms/0/wave vector (32000 B)
2025.05.15 14:25:22.281   get /dev12195/qachannels/0/generator/waveforms/0/wave -
2025.05.15 14:25:22.282   set /dev12195/qachannels/0/generator/waveforms/0/wave vector (32000 B)
2025.05.15 14:25:22.282   get /dev12195/qachannels/0/generator/waveforms/0/wave -
2025.05.15 14:25:22.282   set /dev12195/qachannels/0/generator/waveforms/0/wave vector (32000 B)
2025.05.15 14:25:22.282   get /dev12195/qachannels/0/generator/waveforms/0/wave -
2025.05.15 14:25:22.282   set /dev12195/qachannels/0/generator/waveforms/0/wave vector (32000 B)
2025.05.15 14:25:22.282   get /dev12195/qachannels/0/generator/waveforms/0/wave -
2025.05.15 14:25:22.282   set /dev12195/qachannels/0/generator/waveforms/0/wave vector (32000 B)
2025.05.15 14:25:22.283   get /dev12195/qachannels/0/generator/waveforms/0/wave -
2025.05.15 14:25:22.283   set /dev12195/qachannels/0/generator/waveforms/0/wave vector (32000 B)
2025.05.15 14:25:22.283   get /dev12195/qachannels/0/generator/waveforms/0/wave -
2025.05.15 14:25:22.283   set /dev12195/qachannels/0/generator/waveforms/0/wave vector (32000 B)
2025.05.15 14:25:22.283   get /dev12195/qachannels/0/generator/waveforms/0/wave -
2025.05.15 14:25:22.283   set /dev12195/qachannels/0/generator/waveforms/0/wave vector (32000 B)
2025.05.15 14:25:22.283   get /dev12195/qachannels/0/generator/waveforms/0/wave -
2025.05.15 14:25:22.284   set /dev12195/qachannels/0/generator/waveforms/0/wave vector (32000 B)
2025.05.15 14:25:22.284   get /dev12195/qachannels/0/generator/waveforms/0/wave -
2025.05.15 14:25:22.284   set /dev12195/qachannels/0/generator/waveforms/0/wave vector (32000 B)
2025.05.15 14:25:22.284   get /dev12195/qachannels/0/generator/waveforms/0/wave -
2025.05.15 14:25:22.284   set /dev12195/qachannels/0/generator/waveforms/0/wave vector (32000 B)
2025.05.15 14:25:22.284   get /dev12195/qachannels/0/generator/waveforms/0/wave -
2025.05.15 14:25:22.284   set /dev12195/qachannels/0/generator/waveforms/0/wave vector (32000 B)
2025.05.15 14:25:22.285   get /dev12195/qachannels/0/generator/waveforms/0/wave -
2025.05.15 14:25:22.285   set /dev12195/qachannels/0/generator/waveforms/0/wave vector (32000 B)
2025.05.15 14:25:22.285   get /dev12195/qachannels/0/generator/waveforms/0/wave -
2025.05.15 14:25:22.285   set /dev12195/qachannels/0/generator/waveforms/0/wave vector (32000 B)
2025.05.15 14:25:22.285   get /dev12195/qachannels/0/generator/waveforms/0/wave -
2025.05.15 14:25:22.285   set /dev12195/qachannels/0/generator/waveforms/0/wave vector (32000 B)
2025.05.15 14:25:22.285   get /dev12195/qachannels/0/generator/waveforms/0/wave -
2025.05.15 14:25:22.286   set /dev12195/qachannels/0/generator/waveforms/0/wave vector (32000 B)
2025.05.15 14:25:22.286   get /dev12195/qachannels/0/generator/waveforms/0/wave -
2025.05.15 14:25:22.286   set /dev12195/qachannels/0/generator/waveforms/0/wave vector (32000 B)
2025.05.15 14:25:22.286   get /dev12195/qachannels/0/generator/waveforms/0/wave -
2025.05.15 14:25:22.286   set /dev12195/qachannels/0/generator/waveforms/0/wave vector (32000 B)
2025.05.15 14:25:22.286   get /dev12195/qachannels/0/generator/waveforms/0/wave -
2025.05.15 14:25:22.286   set /dev12195/qachannels/0/generator/waveforms/0/wave vector (32000 B)
2025.05.15 14:25:22.287   get /dev12195/qachannels/0/generator/waveforms/0/wave -
2025.05.15 14:25:22.287   set /dev12195/qachannels/0/generator/waveforms/0/wave vector (32000 B)
2025.05.15 14:25:22.287   get /dev12195/qachannels/0/generator/waveforms/0/wave -
2025.05.15 14:25:22.287   set /dev12195/qachannels/0/generator/waveforms/0/wave vector (32000 B)
2025.05.15 14:25:22.287   get /dev12195/qachannels/0/generator/waveforms/0/wave -
2025.05.15 14:25:22.287   set /dev12195/qachannels/0/generator/waveforms/0/wave vector (32000 B)
2025.05.15 14:25:22.288   get /dev12195/qachannels/0/generator/waveforms/0/wave -
2025.05.15 14:25:22.288   set /dev12195/qachannels/0/generator/waveforms/0/wave vector (32000 B)
2025.05.15 14:25:22.288   get /dev12195/qachannels/0/generator/waveforms/0/wave -
2025.05.15 14:25:22.288   set /dev12195/qachannels/0/generator/waveforms/0/wave vector (32000 B)
2025.05.15 14:25:22.288   get /dev12195/qachannels/0/generator/waveforms/0/wave -
2025.05.15 14:25:22.288   set /dev12195/qachannels/0/generator/waveforms/0/wave vector (32000 B)
2025.05.15 14:25:22.288   get /dev12195/qachannels/0/generator/waveforms/0/wave -
2025.05.15 14:25:22.289   set /dev12195/qachannels/0/generator/waveforms/0/wave vector (32000 B)
2025.05.15 14:25:22.289   get /dev12195/qachannels/0/generator/waveforms/0/wave -
2025.05.15 14:25:22.289   set /dev12195/qachannels/0/generator/waveforms/0/wave vector (32000 B)
2025.05.15 14:25:22.289   get /dev12195/qachannels/0/generator/waveforms/0/wave -
2025.05.15 14:25:22.289   set /dev12195/qachannels/0/generator/waveforms/0/wave vector (32000 B)
2025.05.15 14:25:22.289   get /dev12195/qachannels/0/generator/waveforms/0/wave -
2025.05.15 14:25:22.289   set /dev12195/qachannels/0/generator/waveforms/0/wave vector (32000 B)
2025.05.15 14:25:22.289   get /dev12195/qachannels/0/generator/waveforms/0/wave -
2025.05.15 14:25:22.289   set /dev12195/qachannels/0/generator/waveforms/0/wave vector (32000 B)
2025.05.15 14:25:22.289   get /dev12195/qachannels/0/generator/waveforms/0/wave -
2025.05.15 14:25:22.291   set /dev12195/qachannels/0/generator/waveforms/0/wave vector (32000 B)
2025.05.15 14:25:22.291   get /dev12195/qachannels/0/generator/waveforms/0/wave -
2025.05.15 14:25:22.291   set /dev12195/qachannels/0/generator/waveforms/0/wave vector (32000 B)
2025.05.15 14:25:22.291   get /dev12195/qachannels/0/generator/waveforms/0/wave -
2025.05.15 14:25:22.291   set /dev12195/qachannels/0/generator/waveforms/0/wave vector (32000 B)
2025.05.15 14:25:22.291   get /dev12195/qachannels/0/generator/waveforms/0/wave -
2025.05.15 14:25:22.291   set /dev12195/qachannels/0/generator/waveforms/0/wave vector (32000 B)
2025.05.15 14:25:22.291   get /dev12195/qachannels/0/generator/waveforms/0/wave -
2025.05.15 14:25:22.291   set /dev12195/qachannels/0/generator/waveforms/0/wave vector (32000 B)
2025.05.15 14:25:22.291   get /dev12195/qachannels/0/generator/waveforms/0/wave -
2025.05.15 14:25:22.291   set /dev12195/qachannels/0/generator/waveforms/0/wave vector (32000 B)
2025.05.15 14:25:22.291   get /dev12195/qachannels/0/generator/waveforms/0/wave -
2025.05.15 14:25:22.291   set /dev12195/qachannels/0/generator/waveforms/0/wave vector (32000 B)
2025.05.15 14:25:22.291   get /dev12195/qachannels/0/generator/waveforms/0/wave -
2025.05.15 14:25:22.291   set /dev12195/qachannels/0/generator/waveforms/0/wave vector (32000 B)
2025.05.15 14:25:22.291   get /dev12195/qachannels/0/generator/waveforms/0/wave -
2025.05.15 14:25:22.291   set /dev12195/qachannels/0/generator/waveforms/0/wave vector (32000 B)
2025.05.15 14:25:22.291   get /dev12195/qachannels/0/generator/waveforms/0/wave -
2025.05.15 14:25:22.291   set /dev12195/qachannels/0/generator/waveforms/0/wave vector (32000 B)
2025.05.15 14:25:22.291   get /dev12195/qachannels/0/generator/waveforms/0/wave -
2025.05.15 14:25:22.293   set /dev12195/qachannels/0/generator/waveforms/0/wave vector (32000 B)
2025.05.15 14:25:22.293   get /dev12195/qachannels/0/generator/waveforms/0/wave -
2025.05.15 14:25:22.293   set /dev12195/qachannels/0/generator/waveforms/0/wave vector (32000 B)
2025.05.15 14:25:22.293   get /dev12195/qachannels/0/generator/waveforms/0/wave -
2025.05.15 14:25:22.293   set /dev12195/qachannels/0/generator/waveforms/0/wave vector (32000 B)
2025.05.15 14:25:22.293   get /dev12195/qachannels/0/generator/waveforms/0/wave -
2025.05.15 14:25:22.293   set /dev12195/qachannels/0/generator/waveforms/0/wave vector (32000 B)
2025.05.15 14:25:22.293   get /dev12195/qachannels/0/generator/waveforms/0/wave -
2025.05.15 14:25:22.293   set /dev12195/qachannels/0/generator/waveforms/0/wave vector (32000 B)
2025.05.15 14:25:22.293   get /dev12195/qachannels/0/generator/waveforms/0/wave -
2025.05.15 14:25:22.293   set /dev12195/qachannels/0/generator/waveforms/0/wave vector (32000 B)
2025.05.15 14:25:22.293   get /dev12195/qachannels/0/generator/waveforms/0/wave -
2025.05.15 14:25:22.293   set /dev12195/qachannels/0/generator/waveforms/0/wave vector (32000 B)
2025.05.15 14:25:22.295   get /dev12195/qachannels/0/generator/waveforms/0/wave -
2025.05.15 14:25:22.295   set /dev12195/qachannels/0/generator/waveforms/0/wave vector (32000 B)
2025.05.15 14:25:22.295   get /dev12195/qachannels/0/generator/waveforms/0/wave -
2025.05.15 14:25:22.295   set /dev12195/qachannels/0/generator/waveforms/0/wave vector (32000 B)
2025.05.15 14:25:22.295   get /dev12195/qachannels/0/generator/waveforms/0/wave -
2025.05.15 14:25:22.295   set /dev12195/qachannels/0/generator/waveforms/0/wave vector (32000 B)
2025.05.15 14:25:22.295   get /dev12195/qachannels/0/generator/waveforms/0/wave -
2025.05.15 14:25:22.295   set /dev12195/qachannels/0/generator/waveforms/0/wave vector (32000 B)
2025.05.15 14:25:22.295   get /dev12195/qachannels/0/generator/waveforms/0/wave -
2025.05.15 14:25:22.295   set /dev12195/qachannels/0/generator/waveforms/0/wave vector (32000 B)
2025.05.15 14:25:22.295   get /dev12195/qachannels/0/generator/waveforms/0/wave -
2025.05.15 14:25:22.295   set /dev12195/qachannels/0/generator/waveforms/0/wave vector (32000 B)
2025.05.15 14:25:22.295   get /dev12195/qachannels/0/generator/waveforms/0/wave -
2025.05.15 14:25:22.295   set /dev12195/qachannels/0/generator/waveforms/0/wave vector (32000 B)
2025.05.15 14:25:22.297   get /dev12195/qachannels/0/generator/waveforms/0/wave -
2025.05.15 14:25:22.297   set /dev12195/qachannels/0/generator/waveforms/0/wave vector (32000 B)
2025.05.15 14:25:22.297   get /dev12195/qachannels/0/generator/waveforms/0/wave -
2025.05.15 14:25:22.297   set /dev12195/qachannels/0/generator/waveforms/0/wave vector (32000 B)
2025.05.15 14:25:22.297   get /dev12195/qachannels/0/generator/waveforms/0/wave -
2025.05.15 14:25:22.297   set /dev12195/qachannels/0/generator/waveforms/0/wave vector (32000 B)
2025.05.15 14:25:22.297   get /dev12195/qachannels/0/generator/waveforms/0/wave -
2025.05.15 14:25:22.297   set /dev12195/qachannels/0/generator/waveforms/0/wave vector (32000 B)
2025.05.15 14:25:22.297   get /dev12195/qachannels/0/generator/waveforms/0/wave -
2025.05.15 14:25:22.297   set /dev12195/qachannels/0/generator/waveforms/0/wave vector (32000 B)
2025.05.15 14:25:22.297   get /dev12195/qachannels/0/generator/waveforms/0/wave -
2025.05.15 14:25:22.297   set /dev12195/qachannels/0/generator/waveforms/0/wave vector (32000 B)
2025.05.15 14:25:22.297   get /dev12195/qachannels/0/generator/waveforms/0/wave -
2025.05.15 14:25:22.297   set /dev12195/qachannels/0/generator/waveforms/0/wave vector (32000 B)
2025.05.15 14:25:22.299   get /dev12195/qachannels/0/generator/waveforms/0/wave -
2025.05.15 14:25:22.299   set /dev12195/qachannels/0/generator/waveforms/0/wave vector (32000 B)
2025.05.15 14:25:22.299   get /dev12195/qachannels/0/generator/waveforms/0/wave -
2025.05.15 14:25:22.299   set /dev12195/qachannels/0/generator/waveforms/0/wave vector (32000 B)
2025.05.15 14:25:22.299   get /dev12195/qachannels/0/generator/waveforms/0/wave -
2025.05.15 14:25:22.299   set /dev12195/qachannels/0/generator/waveforms/0/wave vector (32000 B)
2025.05.15 14:25:22.299   get /dev12195/qachannels/0/generator/waveforms/0/wave -
2025.05.15 14:25:22.299   set /dev12195/qachannels/0/generator/waveforms/0/wave vector (32000 B)
2025.05.15 14:25:22.299   get /dev12195/qachannels/0/generator/waveforms/0/wave -
2025.05.15 14:25:22.299   set /dev12195/qachannels/0/generator/waveforms/0/wave vector (32000 B)
2025.05.15 14:25:22.299   get /dev12195/qachannels/0/generator/waveforms/0/wave -
2025.05.15 14:25:22.299   set /dev12195/qachannels/0/generator/waveforms/0/wave vector (32000 B)
2025.05.15 14:25:22.299   get /dev12195/qachannels/0/generator/waveforms/0/wave -
2025.05.15 14:25:22.301   set /dev12195/qachannels/0/generator/waveforms/0/wave vector (32000 B)
2025.05.15 14:25:22.301   get /dev12195/qachannels/0/generator/waveforms/0/wave -
2025.05.15 14:25:22.301   set /dev12195/qachannels/0/generator/waveforms/0/wave vector (32000 B)
2025.05.15 14:25:22.301   get /dev12195/qachannels/0/generator/waveforms/0/wave -
2025.05.15 14:25:22.301   set /dev12195/qachannels/0/generator/waveforms/0/wave vector (32000 B)
2025.05.15 14:25:22.301   get /dev12195/qachannels/0/generator/waveforms/0/wave -
2025.05.15 14:25:22.301   set /dev12195/qachannels/0/generator/waveforms/0/wave vector (32000 B)
2025.05.15 14:25:22.301   get /dev12195/qachannels/0/generator/waveforms/0/wave -
2025.05.15 14:25:22.301   set /dev12195/qachannels/0/generator/waveforms/0/wave vector (32000 B)
2025.05.15 14:25:22.301   get /dev12195/qachannels/0/generator/waveforms/0/wave -
2025.05.15 14:25:22.301   set /dev12195/qachannels/0/generator/waveforms/0/wave vector (32000 B)
2025.05.15 14:25:22.301   get /dev12195/qachannels/0/generator/waveforms/0/wave -
2025.05.15 14:25:22.301   set /dev12195/qachannels/0/generator/waveforms/0/wave vector (32000 B)
2025.05.15 14:25:22.301   get /dev12195/qachannels/0/generator/waveforms/0/wave -
2025.05.15 14:25:22.304   set /dev12195/qachannels/0/generator/waveforms/0/wave vector (32000 B)
2025.05.15 14:25:22.304   get /dev12195/qachannels/0/generator/waveforms/0/wave -
2025.05.15 14:25:22.304   set /dev12195/qachannels/0/generator/waveforms/0/wave vector (32000 B)
2025.05.15 14:25:22.304   get /dev12195/qachannels/0/generator/waveforms/0/wave -
2025.05.15 14:25:22.304   set /dev12195/qachannels/0/generator/waveforms/0/wave vector (32000 B)
2025.05.15 14:25:22.304   get /dev12195/qachannels/0/generator/waveforms/0/wave -
2025.05.15 14:25:22.304   set /dev12195/qachannels/0/generator/waveforms/0/wave vector (32000 B)
2025.05.15 14:25:22.304   get /dev12195/qachannels/0/generator/waveforms/0/wave -
2025.05.15 14:25:22.304   set /dev12195/qachannels/0/generator/waveforms/0/wave vector (32000 B)
2025.05.15 14:25:22.304   get /dev12195/qachannels/0/generator/waveforms/0/wave -
2025.05.15 14:25:22.304   set /dev12195/qachannels/0/generator/waveforms/0/wave vector (32000 B)
2025.05.15 14:25:22.304   get /dev12195/qachannels/0/generator/waveforms/0/wave -
2025.05.15 14:25:22.304   set /dev12195/qachannels/0/generator/waveforms/0/wave vector (32000 B)
2025.05.15 14:25:22.304   get /dev12195/qachannels/0/generator/waveforms/0/wave -
2025.05.15 14:25:22.306   set /dev12195/qachannels/0/generator/waveforms/0/wave vector (32000 B)
2025.05.15 14:25:22.306   get /dev12195/qachannels/0/generator/waveforms/0/wave -
2025.05.15 14:25:22.306   set /dev12195/qachannels/0/generator/waveforms/0/wave vector (32000 B)
2025.05.15 14:25:22.306   get /dev12195/qachannels/0/generator/waveforms/0/wave -
2025.05.15 14:25:22.306   set /dev12195/qachannels/0/generator/waveforms/0/wave vector (32000 B)
2025.05.15 14:25:22.306   get /dev12195/qachannels/0/generator/waveforms/0/wave -
2025.05.15 14:25:22.306   set /dev12195/qachannels/0/generator/waveforms/0/wave vector (32000 B)
2025.05.15 14:25:22.307   get /dev12195/qachannels/0/generator/waveforms/0/wave -
2025.05.15 14:25:22.307   set /dev12195/qachannels/0/generator/waveforms/0/wave vector (32000 B)
2025.05.15 14:25:22.307   get /dev12195/qachannels/0/generator/waveforms/0/wave -
2025.05.15 14:25:22.307   set /dev12195/qachannels/0/generator/waveforms/0/wave vector (32000 B)
2025.05.15 14:25:22.307   get /dev12195/qachannels/0/generator/waveforms/0/wave -
2025.05.15 14:25:22.307   set /dev12195/qachannels/0/generator/waveforms/0/wave vector (32000 B)
2025.05.15 14:25:22.307   get /dev12195/qachannels/0/generator/waveforms/0/wave -
2025.05.15 14:25:22.307   set /dev12195/qachannels/0/generator/waveforms/0/wave vector (32000 B)
2025.05.15 14:25:22.307   get /dev12195/qachannels/0/generator/waveforms/0/wave -
2025.05.15 14:25:22.307   set /dev12195/qachannels/0/generator/waveforms/0/wave vector (32000 B)
2025.05.15 14:25:22.307   get /dev12195/qachannels/0/generator/waveforms/0/wave -
2025.05.15 14:25:22.307   set /dev12195/qachannels/0/generator/waveforms/0/wave vector (32000 B)
2025.05.15 14:25:22.307   get /dev12195/qachannels/0/generator/waveforms/0/wave -
2025.05.15 14:25:22.307   set /dev12195/qachannels/0/generator/waveforms/0/wave vector (32000 B)
2025.05.15 14:25:22.309   get /dev12195/qachannels/0/generator/waveforms/0/wave -
2025.05.15 14:25:22.309   set /dev12195/qachannels/0/generator/waveforms/0/wave vector (32000 B)
2025.05.15 14:25:22.309   get /dev12195/qachannels/0/generator/waveforms/0/wave -
2025.05.15 14:25:22.309   set /dev12195/qachannels/0/generator/waveforms/0/wave vector (32000 B)
2025.05.15 14:25:22.309   get /dev12195/qachannels/0/generator/waveforms/0/wave -
2025.05.15 14:25:22.309   set /dev12195/qachannels/0/generator/waveforms/0/wave vector (32000 B)
2025.05.15 14:25:22.309   get /dev12195/qachannels/0/generator/waveforms/0/wave -
2025.05.15 14:25:22.309   set /dev12195/qachannels/0/generator/waveforms/0/wave vector (32000 B)
2025.05.15 14:25:22.309   get /dev12195/qachannels/0/generator/waveforms/0/wave -
2025.05.15 14:25:22.309   set /dev12195/qachannels/0/generator/waveforms/0/wave vector (32000 B)
2025.05.15 14:25:22.309   get /dev12195/qachannels/0/generator/waveforms/0/wave -
2025.05.15 14:25:22.309   set /dev12195/qachannels/0/generator/waveforms/0/wave vector (32000 B)
2025.05.15 14:25:22.309   get /dev12195/qachannels/0/generator/waveforms/0/wave -
2025.05.15 14:25:22.309   set /dev12195/qachannels/0/spectroscopy/envelope/enable 0
2025.05.15 14:25:22.311   set /dev12195/qachannels/0/readout/multistate/qudits/0/weights/0/wave vector (64000 B)
2025.05.15 14:25:22.311   set /dev12195/qachannels/0/readout/integration/length 4000
2025.05.15 14:25:22.311   set /dev12195/sgchannels/4/awg/enable 1
2025.05.15 14:25:22.311   set /dev12195/qachannels/0/generator/enable 1
2025.05.15 14:25:22.311   set /dev12195/system/internaltrigger/enable 1
2025.05.15 14:25:22.313   set /dev12195/raw/system/awg/runtimechecks/enable 0
2025.05.15 14:25:22.313   set /dev12195/qachannels/0/readout/result/enable 0
2025.05.15 14:25:22.313   get /dev12195/raw/error/json/errors -
2025.05.15 14:25:22.313   get /dev12195/raw/error/json/errors -
2025.05.15 14:25:22.315   set /dev12195/qachannels/0/spectroscopy/envelope/enable 1
2025.05.15 14:26:20.764 Node log from the data server with id 'zi_server':
2025.05.15 14:26:20.765   get /dev12195/raw/system/awg/runtimechecks/enable -
2025.05.15 14:26:20.766   get /dev12195/raw/system/awg/runtimechecks/enable -
2025.05.15 14:26:20.766   get /dev12195/system/clocks/referenceclock/in/freq -
2025.05.15 14:26:20.766   get /dev12195/system/clocks/referenceclock/in/sourceactual -
2025.05.15 14:26:20.766   get /dev12195/system/clocks/referenceclock/in/source -
2025.05.15 14:26:20.766   get /dev12195/system/clocks/referenceclock/in/status -
2025.05.15 14:26:20.767   get /dev12195/system/clocks/referenceclock/in/freq -
2025.05.15 14:26:20.767   get /dev12195/system/clocks/referenceclock/in/sourceactual -
2025.05.15 14:26:20.767   get /dev12195/system/clocks/referenceclock/in/source -
2025.05.15 14:26:20.767   get /dev12195/system/clocks/referenceclock/in/status -
2025.05.15 14:26:23.151 Node log from the data server with id 'zi_server':
2025.05.15 14:26:23.151   set /dev12195/raw/error/clear 1
2025.05.15 14:26:23.151   set /dev12195/sgchannels/0/pipeliner/mode 0
2025.05.15 14:26:23.153   set /dev12195/sgchannels/1/pipeliner/mode 0
2025.05.15 14:26:23.153   set /dev12195/sgchannels/2/pipeliner/mode 0
2025.05.15 14:26:23.153   set /dev12195/sgchannels/3/pipeliner/mode 0
2025.05.15 14:26:23.153   set /dev12195/sgchannels/4/pipeliner/mode 0
2025.05.15 14:26:23.153   set /dev12195/sgchannels/5/pipeliner/mode 0
2025.05.15 14:26:23.153   set /dev12195/sgchannels/0/synchronization/enable 0
2025.05.15 14:26:23.153   set /dev12195/sgchannels/1/synchronization/enable 0
2025.05.15 14:26:23.153   set /dev12195/sgchannels/2/synchronization/enable 0
2025.05.15 14:26:23.153   set /dev12195/sgchannels/3/synchronization/enable 0
2025.05.15 14:26:23.153   set /dev12195/sgchannels/4/synchronization/enable 0
2025.05.15 14:26:23.153   set /dev12195/sgchannels/5/synchronization/enable 0
2025.05.15 14:26:23.153   set /dev12195/sgchannels/0/awg/enable 0
2025.05.15 14:26:23.153   set /dev12195/sgchannels/1/awg/enable 0
2025.05.15 14:26:23.155   set /dev12195/sgchannels/2/awg/enable 0
2025.05.15 14:26:23.155   set /dev12195/sgchannels/3/awg/enable 0
2025.05.15 14:26:23.155   set /dev12195/sgchannels/4/awg/enable 0
2025.05.15 14:26:23.155   set /dev12195/sgchannels/5/awg/enable 0
2025.05.15 14:26:23.155   set /dev12195/system/synchronization/source 0
2025.05.15 14:26:23.155   set /dev12195/system/internaltrigger/synchronization/enable 0
2025.05.15 14:26:23.155   set /dev12195/scopes/0/enable 0
2025.05.15 14:26:23.155   set /dev12195/qachannels/0/pipeliner/mode 0
2025.05.15 14:26:23.157   set /dev12195/qachannels/0/synchronization/enable 0
2025.05.15 14:26:23.157   set /dev12195/qachannels/0/generator/enable 0
2025.05.15 14:26:23.157   set /dev12195/qachannels/0/readout/result/enable 0
2025.05.15 14:26:23.157   set /dev12195/qachannels/0/spectroscopy/psd/enable 0
2025.05.15 14:26:23.157   set /dev12195/qachannels/0/spectroscopy/result/enable 0
2025.05.15 14:26:23.157   set /dev12195/qachannels/0/output/rflfinterlock 1
2025.05.15 14:26:23.157   set /dev12195/qachannels/0/oscs/0/gain 1
2025.05.15 14:26:23.157   set /dev12195/scopes/0/channels/0/enable 0
2025.05.15 14:26:23.157   set /dev12195/scopes/0/channels/1/enable 0
2025.05.15 14:26:23.157   set /dev12195/scopes/0/channels/2/enable 0
2025.05.15 14:26:23.157   set /dev12195/scopes/0/channels/3/enable 0
2025.05.15 14:26:23.161   get /dev12195/sgchannels/0/output/overrangecount -
2025.05.15 14:26:23.161   get /dev12195/sgchannels/1/output/overrangecount -
2025.05.15 14:26:23.161   get /dev12195/sgchannels/2/output/overrangecount -
2025.05.15 14:26:23.161   get /dev12195/sgchannels/3/output/overrangecount -
2025.05.15 14:26:23.161   get /dev12195/sgchannels/4/output/overrangecount -
2025.05.15 14:26:23.161   get /dev12195/sgchannels/5/output/overrangecount -
2025.05.15 14:26:23.161   get /dev12195/qachannels/0/output/overrangecount -
2025.05.15 14:26:23.163   get /dev12195/qachannels/0/input/overrangecount -
2025.05.15 14:26:23.163   set /dev12195/sgchannels/4/output/on 1
2025.05.15 14:26:23.163   set /dev12195/sgchannels/4/awg/single 1
2025.05.15 14:26:23.163   set /dev12195/sgchannels/4/awg/modulation/enable 1
2025.05.15 14:26:23.163   set /dev12195/sgchannels/4/marker/source 0
2025.05.15 14:26:23.163   set /dev12195/sgchannels/4/trigger/delay 0
2025.05.15 14:26:23.163   set /dev12195/sgchannels/4/output/rflfpath 1
2025.05.15 14:26:23.163   set /dev12195/sgchannels/4/output/muting/enable 0
2025.05.15 14:26:23.163   set /dev12195/sgchannels/4/sines/0/oscselect 0
2025.05.15 14:26:23.163   set /dev12195/sgchannels/4/sines/0/harmonic 1
2025.05.15 14:26:23.163   set /dev12195/sgchannels/4/sines/0/phaseshift 0
2025.05.15 14:26:23.163   set /dev12195/qachannels/0/output/on 1
2025.05.15 14:26:23.163   set /dev12195/qachannels/0/generator/single 1
2025.05.15 14:26:23.163   set /dev12195/qachannels/0/output/muting/enable 0
2025.05.15 14:26:23.163   set /dev12195/qachannels/0/input/rflfpath 1
2025.05.15 14:26:23.165   set /dev12195/qachannels/0/input/on 1
2025.05.15 14:26:23.165   set /dev12195/sgchannels/4/oscs/0/freq 4e+07
2025.05.15 14:26:23.165   set /dev12195/sgchannels/4/awg/auxtriggers/0/slope 1
2025.05.15 14:26:23.165   set /dev12195/sgchannels/4/awg/auxtriggers/0/channel 8
2025.05.15 14:26:23.165   set /dev12195/system/internaltrigger/enable 0
2025.05.15 14:26:23.165   set /dev12195/system/internaltrigger/repetitions 1
2025.05.15 14:26:23.166   set /dev12195/qachannels/0/markers/0/source 32
2025.05.15 14:26:23.166   set /dev12195/qachannels/0/markers/1/source 36
2025.05.15 14:26:23.166   set /dev12195/qachannels/0/generator/auxtriggers/0/channel 8
2025.05.15 14:26:23.166   set /dev12195/sgchannels/4/oscs/0/freq 4e+07
2025.05.15 14:26:23.166   set /dev12195/synthesizers/3/centerfreq 3.6e+09
2025.05.15 14:26:23.166   set /dev12195/sgchannels/4/output/delay 0
2025.05.15 14:26:23.166   set /dev12195/qachannels/0/centerfreq 6.8e+09
2025.05.15 14:26:23.167   set /dev12195/qachannels/0/generator/delay 0
2025.05.15 14:26:23.167   set /dev12195/qachannels/0/readout/integration/delay 2.12e-07
2025.05.15 14:26:23.167   set /dev12195/qachannels/0/mode 1
2025.05.15 14:26:23.167   set /dev12195/qachannels/0/readout/multistate/qudits/0/enable 0
2025.05.15 14:26:23.168   set /dev12195/qachannels/0/readout/multistate/qudits/1/enable 0
2025.05.15 14:26:23.168   set /dev12195/qachannels/0/readout/multistate/qudits/2/enable 0
2025.05.15 14:26:23.168   set /dev12195/qachannels/0/readout/multistate/qudits/3/enable 0
2025.05.15 14:26:23.169   set /dev12195/qachannels/0/readout/multistate/qudits/4/enable 0
2025.05.15 14:26:23.169   set /dev12195/qachannels/0/readout/multistate/qudits/5/enable 0
2025.05.15 14:26:23.169   set /dev12195/qachannels/0/readout/multistate/qudits/6/enable 0
2025.05.15 14:26:23.169   set /dev12195/qachannels/0/readout/multistate/qudits/7/enable 0
2025.05.15 14:26:23.169   set /dev12195/qachannels/0/readout/multistate/enable 1
2025.05.15 14:26:23.169   set /dev12195/qachannels/0/readout/multistate/zsync/packed 1
2025.05.15 14:26:23.169   set /dev12195/qachannels/0/readout/multistate/qudits/0/numstates 2
2025.05.15 14:26:23.170   set /dev12195/qachannels/0/readout/multistate/qudits/0/enable 1
2025.05.15 14:26:23.170   set /dev12195/qachannels/0/readout/multistate/qudits/0/assignmentvec vector (8 B)
2025.05.15 14:26:23.170   set /dev12195/qachannels/0/readout/result/enable 0
2025.05.15 14:26:23.170   set /dev12195/qachannels/0/readout/result/source 1
2025.05.15 14:26:23.170   set /dev12195/qachannels/0/readout/result/length 101
2025.05.15 14:26:23.170   set /dev12195/qachannels/0/readout/result/averages 256
2025.05.15 14:26:23.171   set /dev12195/qachannels/0/readout/result/mode 0
2025.05.15 14:26:23.171   set /dev12195/qachannels/0/readout/multistate/qudits/0/thresholds/0/value 0
2025.05.15 14:26:23.171   set /dev12195/sgchannels/4/awg/elf/data vector (1528 B)
2025.05.15 14:26:23.171   set /dev12195/sgchannels/4/awg/commandtable/data vector (152 B)
2025.05.15 14:26:23.171   set /dev12195/qachannels/0/readout/result/enable 1
2025.05.15 14:26:23.171   set /dev12195/qachannels/0/spectroscopy/result/enable 0
2025.05.15 14:26:23.171   set /dev12195/scopes/0/enable 0
2025.05.15 14:26:23.172   set /dev12195/qachannels/0/generator/elf/data vector (1996 B)
2025.05.15 14:26:23.172   set /dev12195/qachannels/0/generator/clearwave 1
2025.05.15 14:26:23.172   set /dev12195/qachannels/0/generator/waveforms/0/wave vector (32000 B)
2025.05.15 14:26:23.172   get /dev12195/qachannels/0/generator/waveforms/0/wave -
2025.05.15 14:26:23.172   set /dev12195/qachannels/0/generator/waveforms/0/wave vector (32000 B)
2025.05.15 14:26:23.172   get /dev12195/qachannels/0/generator/waveforms/0/wave -
2025.05.15 14:26:23.173   set /dev12195/qachannels/0/generator/waveforms/0/wave vector (32000 B)
2025.05.15 14:26:23.173   get /dev12195/qachannels/0/generator/waveforms/0/wave -
2025.05.15 14:26:23.173   set /dev12195/qachannels/0/generator/waveforms/0/wave vector (32000 B)
2025.05.15 14:26:23.173   get /dev12195/qachannels/0/generator/waveforms/0/wave -
2025.05.15 14:26:23.173   set /dev12195/qachannels/0/generator/waveforms/0/wave vector (32000 B)
2025.05.15 14:26:23.173   get /dev12195/qachannels/0/generator/waveforms/0/wave -
2025.05.15 14:26:23.173   set /dev12195/qachannels/0/generator/waveforms/0/wave vector (32000 B)
2025.05.15 14:26:23.174   get /dev12195/qachannels/0/generator/waveforms/0/wave -
2025.05.15 14:26:23.174   set /dev12195/qachannels/0/generator/waveforms/0/wave vector (32000 B)
2025.05.15 14:26:23.174   get /dev12195/qachannels/0/generator/waveforms/0/wave -
2025.05.15 14:26:23.174   set /dev12195/qachannels/0/generator/waveforms/0/wave vector (32000 B)
2025.05.15 14:26:23.174   get /dev12195/qachannels/0/generator/waveforms/0/wave -
2025.05.15 14:26:23.174   set /dev12195/qachannels/0/generator/waveforms/0/wave vector (32000 B)
2025.05.15 14:26:23.174   get /dev12195/qachannels/0/generator/waveforms/0/wave -
2025.05.15 14:26:23.175   set /dev12195/qachannels/0/generator/waveforms/0/wave vector (32000 B)
2025.05.15 14:26:23.175   get /dev12195/qachannels/0/generator/waveforms/0/wave -
2025.05.15 14:26:23.175   set /dev12195/qachannels/0/generator/waveforms/0/wave vector (32000 B)
2025.05.15 14:26:23.175   get /dev12195/qachannels/0/generator/waveforms/0/wave -
2025.05.15 14:26:23.175   set /dev12195/qachannels/0/generator/waveforms/0/wave vector (32000 B)
2025.05.15 14:26:23.175   get /dev12195/qachannels/0/generator/waveforms/0/wave -
2025.05.15 14:26:23.176   set /dev12195/qachannels/0/generator/waveforms/0/wave vector (32000 B)
2025.05.15 14:26:23.176   get /dev12195/qachannels/0/generator/waveforms/0/wave -
2025.05.15 14:26:23.176   set /dev12195/qachannels/0/generator/waveforms/0/wave vector (32000 B)
2025.05.15 14:26:23.176   get /dev12195/qachannels/0/generator/waveforms/0/wave -
2025.05.15 14:26:23.176   set /dev12195/qachannels/0/generator/waveforms/0/wave vector (32000 B)
2025.05.15 14:26:23.176   get /dev12195/qachannels/0/generator/waveforms/0/wave -
2025.05.15 14:26:23.176   set /dev12195/qachannels/0/generator/waveforms/0/wave vector (32000 B)
2025.05.15 14:26:23.177   get /dev12195/qachannels/0/generator/waveforms/0/wave -
2025.05.15 14:26:23.177   set /dev12195/qachannels/0/generator/waveforms/0/wave vector (32000 B)
2025.05.15 14:26:23.177   get /dev12195/qachannels/0/generator/waveforms/0/wave -
2025.05.15 14:26:23.177   set /dev12195/qachannels/0/generator/waveforms/0/wave vector (32000 B)
2025.05.15 14:26:23.177   get /dev12195/qachannels/0/generator/waveforms/0/wave -
2025.05.15 14:26:23.177   set /dev12195/qachannels/0/generator/waveforms/0/wave vector (32000 B)
2025.05.15 14:26:23.177   get /dev12195/qachannels/0/generator/waveforms/0/wave -
2025.05.15 14:26:23.178   set /dev12195/qachannels/0/generator/waveforms/0/wave vector (32000 B)
2025.05.15 14:26:23.178   get /dev12195/qachannels/0/generator/waveforms/0/wave -
2025.05.15 14:26:23.178   set /dev12195/qachannels/0/generator/waveforms/0/wave vector (32000 B)
2025.05.15 14:26:23.178   get /dev12195/qachannels/0/generator/waveforms/0/wave -
2025.05.15 14:26:23.178   set /dev12195/qachannels/0/generator/waveforms/0/wave vector (32000 B)
2025.05.15 14:26:23.178   get /dev12195/qachannels/0/generator/waveforms/0/wave -
2025.05.15 14:26:23.178   set /dev12195/qachannels/0/generator/waveforms/0/wave vector (32000 B)
2025.05.15 14:26:23.179   get /dev12195/qachannels/0/generator/waveforms/0/wave -
2025.05.15 14:26:23.179   set /dev12195/qachannels/0/generator/waveforms/0/wave vector (32000 B)
2025.05.15 14:26:23.179   get /dev12195/qachannels/0/generator/waveforms/0/wave -
2025.05.15 14:26:23.179   set /dev12195/qachannels/0/generator/waveforms/0/wave vector (32000 B)
2025.05.15 14:26:23.179   get /dev12195/qachannels/0/generator/waveforms/0/wave -
2025.05.15 14:26:23.179   set /dev12195/qachannels/0/generator/waveforms/0/wave vector (32000 B)
2025.05.15 14:26:23.179   get /dev12195/qachannels/0/generator/waveforms/0/wave -
2025.05.15 14:26:23.180   set /dev12195/qachannels/0/generator/waveforms/0/wave vector (32000 B)
2025.05.15 14:26:23.180   get /dev12195/qachannels/0/generator/waveforms/0/wave -
2025.05.15 14:26:23.180   set /dev12195/qachannels/0/generator/waveforms/0/wave vector (32000 B)
2025.05.15 14:26:23.180   get /dev12195/qachannels/0/generator/waveforms/0/wave -
2025.05.15 14:26:23.180   set /dev12195/qachannels/0/generator/waveforms/0/wave vector (32000 B)
2025.05.15 14:26:23.180   get /dev12195/qachannels/0/generator/waveforms/0/wave -
2025.05.15 14:26:23.180   set /dev12195/qachannels/0/generator/waveforms/0/wave vector (32000 B)
2025.05.15 14:26:23.181   get /dev12195/qachannels/0/generator/waveforms/0/wave -
2025.05.15 14:26:23.181   set /dev12195/qachannels/0/generator/waveforms/0/wave vector (32000 B)
2025.05.15 14:26:23.181   get /dev12195/qachannels/0/generator/waveforms/0/wave -
2025.05.15 14:26:23.181   set /dev12195/qachannels/0/generator/waveforms/0/wave vector (32000 B)
2025.05.15 14:26:23.181   get /dev12195/qachannels/0/generator/waveforms/0/wave -
2025.05.15 14:26:23.181   set /dev12195/qachannels/0/generator/waveforms/0/wave vector (32000 B)
2025.05.15 14:26:23.181   get /dev12195/qachannels/0/generator/waveforms/0/wave -
2025.05.15 14:26:23.182   set /dev12195/qachannels/0/generator/waveforms/0/wave vector (32000 B)
2025.05.15 14:26:23.182   get /dev12195/qachannels/0/generator/waveforms/0/wave -
2025.05.15 14:26:23.182   set /dev12195/qachannels/0/generator/waveforms/0/wave vector (32000 B)
2025.05.15 14:26:23.182   get /dev12195/qachannels/0/generator/waveforms/0/wave -
2025.05.15 14:26:23.182   set /dev12195/qachannels/0/generator/waveforms/0/wave vector (32000 B)
2025.05.15 14:26:23.182   get /dev12195/qachannels/0/generator/waveforms/0/wave -
2025.05.15 14:26:23.182   set /dev12195/qachannels/0/generator/waveforms/0/wave vector (32000 B)
2025.05.15 14:26:23.183   get /dev12195/qachannels/0/generator/waveforms/0/wave -
2025.05.15 14:26:23.183   set /dev12195/qachannels/0/generator/waveforms/0/wave vector (32000 B)
2025.05.15 14:26:23.183   get /dev12195/qachannels/0/generator/waveforms/0/wave -
2025.05.15 14:26:23.183   set /dev12195/qachannels/0/generator/waveforms/0/wave vector (32000 B)
2025.05.15 14:26:23.183   get /dev12195/qachannels/0/generator/waveforms/0/wave -
2025.05.15 14:26:23.183   set /dev12195/qachannels/0/generator/waveforms/0/wave vector (32000 B)
2025.05.15 14:26:23.183   get /dev12195/qachannels/0/generator/waveforms/0/wave -
2025.05.15 14:26:23.184   set /dev12195/qachannels/0/generator/waveforms/0/wave vector (32000 B)
2025.05.15 14:26:23.184   get /dev12195/qachannels/0/generator/waveforms/0/wave -
2025.05.15 14:26:23.184   set /dev12195/qachannels/0/generator/waveforms/0/wave vector (32000 B)
2025.05.15 14:26:23.184   get /dev12195/qachannels/0/generator/waveforms/0/wave -
2025.05.15 14:26:23.184   set /dev12195/qachannels/0/generator/waveforms/0/wave vector (32000 B)
2025.05.15 14:26:23.184   get /dev12195/qachannels/0/generator/waveforms/0/wave -
2025.05.15 14:26:23.184   set /dev12195/qachannels/0/generator/waveforms/0/wave vector (32000 B)
2025.05.15 14:26:23.185   get /dev12195/qachannels/0/generator/waveforms/0/wave -
2025.05.15 14:26:23.185   set /dev12195/qachannels/0/generator/waveforms/0/wave vector (32000 B)
2025.05.15 14:26:23.185   get /dev12195/qachannels/0/generator/waveforms/0/wave -
2025.05.15 14:26:23.185   set /dev12195/qachannels/0/generator/waveforms/0/wave vector (32000 B)
2025.05.15 14:26:23.185   get /dev12195/qachannels/0/generator/waveforms/0/wave -
2025.05.15 14:26:23.185   set /dev12195/qachannels/0/generator/waveforms/0/wave vector (32000 B)
2025.05.15 14:26:23.185   get /dev12195/qachannels/0/generator/waveforms/0/wave -
2025.05.15 14:26:23.186   set /dev12195/qachannels/0/generator/waveforms/0/wave vector (32000 B)
2025.05.15 14:26:23.186   get /dev12195/qachannels/0/generator/waveforms/0/wave -
2025.05.15 14:26:23.186   set /dev12195/qachannels/0/generator/waveforms/0/wave vector (32000 B)
2025.05.15 14:26:23.186   get /dev12195/qachannels/0/generator/waveforms/0/wave -
2025.05.15 14:26:23.186   set /dev12195/qachannels/0/generator/waveforms/0/wave vector (32000 B)
2025.05.15 14:26:23.186   get /dev12195/qachannels/0/generator/waveforms/0/wave -
2025.05.15 14:26:23.187   set /dev12195/qachannels/0/generator/waveforms/0/wave vector (32000 B)
2025.05.15 14:26:23.187   get /dev12195/qachannels/0/generator/waveforms/0/wave -
2025.05.15 14:26:23.187   set /dev12195/qachannels/0/generator/waveforms/0/wave vector (32000 B)
2025.05.15 14:26:23.187   get /dev12195/qachannels/0/generator/waveforms/0/wave -
2025.05.15 14:26:23.187   set /dev12195/qachannels/0/generator/waveforms/0/wave vector (32000 B)
2025.05.15 14:26:23.187   get /dev12195/qachannels/0/generator/waveforms/0/wave -
2025.05.15 14:26:23.187   set /dev12195/qachannels/0/generator/waveforms/0/wave vector (32000 B)
2025.05.15 14:26:23.188   get /dev12195/qachannels/0/generator/waveforms/0/wave -
2025.05.15 14:26:23.188   set /dev12195/qachannels/0/generator/waveforms/0/wave vector (32000 B)
2025.05.15 14:26:23.188   get /dev12195/qachannels/0/generator/waveforms/0/wave -
2025.05.15 14:26:23.188   set /dev12195/qachannels/0/generator/waveforms/0/wave vector (32000 B)
2025.05.15 14:26:23.188   get /dev12195/qachannels/0/generator/waveforms/0/wave -
2025.05.15 14:26:23.188   set /dev12195/qachannels/0/generator/waveforms/0/wave vector (32000 B)
2025.05.15 14:26:23.188   get /dev12195/qachannels/0/generator/waveforms/0/wave -
2025.05.15 14:26:23.189   set /dev12195/qachannels/0/generator/waveforms/0/wave vector (32000 B)
2025.05.15 14:26:23.189   get /dev12195/qachannels/0/generator/waveforms/0/wave -
2025.05.15 14:26:23.189   set /dev12195/qachannels/0/generator/waveforms/0/wave vector (32000 B)
2025.05.15 14:26:23.189   get /dev12195/qachannels/0/generator/waveforms/0/wave -
2025.05.15 14:26:23.189   set /dev12195/qachannels/0/generator/waveforms/0/wave vector (32000 B)
2025.05.15 14:26:23.189   get /dev12195/qachannels/0/generator/waveforms/0/wave -
2025.05.15 14:26:23.189   set /dev12195/qachannels/0/generator/waveforms/0/wave vector (32000 B)
2025.05.15 14:26:23.189   get /dev12195/qachannels/0/generator/waveforms/0/wave -
2025.05.15 14:26:23.190   set /dev12195/qachannels/0/generator/waveforms/0/wave vector (32000 B)
2025.05.15 14:26:23.190   get /dev12195/qachannels/0/generator/waveforms/0/wave -
2025.05.15 14:26:23.190   set /dev12195/qachannels/0/generator/waveforms/0/wave vector (32000 B)
2025.05.15 14:26:23.190   get /dev12195/qachannels/0/generator/waveforms/0/wave -
2025.05.15 14:26:23.190   set /dev12195/qachannels/0/generator/waveforms/0/wave vector (32000 B)
2025.05.15 14:26:23.190   get /dev12195/qachannels/0/generator/waveforms/0/wave -
2025.05.15 14:26:23.191   set /dev12195/qachannels/0/generator/waveforms/0/wave vector (32000 B)
2025.05.15 14:26:23.191   get /dev12195/qachannels/0/generator/waveforms/0/wave -
2025.05.15 14:26:23.191   set /dev12195/qachannels/0/generator/waveforms/0/wave vector (32000 B)
2025.05.15 14:26:23.191   get /dev12195/qachannels/0/generator/waveforms/0/wave -
2025.05.15 14:26:23.191   set /dev12195/qachannels/0/generator/waveforms/0/wave vector (32000 B)
2025.05.15 14:26:23.191   get /dev12195/qachannels/0/generator/waveforms/0/wave -
2025.05.15 14:26:23.191   set /dev12195/qachannels/0/generator/waveforms/0/wave vector (32000 B)
2025.05.15 14:26:23.191   get /dev12195/qachannels/0/generator/waveforms/0/wave -
2025.05.15 14:26:23.192   set /dev12195/qachannels/0/generator/waveforms/0/wave vector (32000 B)
2025.05.15 14:26:23.192   get /dev12195/qachannels/0/generator/waveforms/0/wave -
2025.05.15 14:26:23.192   set /dev12195/qachannels/0/generator/waveforms/0/wave vector (32000 B)
2025.05.15 14:26:23.192   get /dev12195/qachannels/0/generator/waveforms/0/wave -
2025.05.15 14:26:23.192   set /dev12195/qachannels/0/generator/waveforms/0/wave vector (32000 B)
2025.05.15 14:26:23.192   get /dev12195/qachannels/0/generator/waveforms/0/wave -
2025.05.15 14:26:23.192   set /dev12195/qachannels/0/generator/waveforms/0/wave vector (32000 B)
2025.05.15 14:26:23.193   get /dev12195/qachannels/0/generator/waveforms/0/wave -
2025.05.15 14:26:23.193   set /dev12195/qachannels/0/generator/waveforms/0/wave vector (32000 B)
2025.05.15 14:26:23.193   get /dev12195/qachannels/0/generator/waveforms/0/wave -
2025.05.15 14:26:23.193   set /dev12195/qachannels/0/generator/waveforms/0/wave vector (32000 B)
2025.05.15 14:26:23.193   get /dev12195/qachannels/0/generator/waveforms/0/wave -
2025.05.15 14:26:23.193   set /dev12195/qachannels/0/generator/waveforms/0/wave vector (32000 B)
2025.05.15 14:26:23.193   get /dev12195/qachannels/0/generator/waveforms/0/wave -
2025.05.15 14:26:23.194   set /dev12195/qachannels/0/generator/waveforms/0/wave vector (32000 B)
2025.05.15 14:26:23.194   get /dev12195/qachannels/0/generator/waveforms/0/wave -
2025.05.15 14:26:23.194   set /dev12195/qachannels/0/generator/waveforms/0/wave vector (32000 B)
2025.05.15 14:26:23.194   get /dev12195/qachannels/0/generator/waveforms/0/wave -
2025.05.15 14:26:23.194   set /dev12195/qachannels/0/generator/waveforms/0/wave vector (32000 B)
2025.05.15 14:26:23.194   get /dev12195/qachannels/0/generator/waveforms/0/wave -
2025.05.15 14:26:23.194   set /dev12195/qachannels/0/generator/waveforms/0/wave vector (32000 B)
2025.05.15 14:26:23.195   get /dev12195/qachannels/0/generator/waveforms/0/wave -
2025.05.15 14:26:23.195   set /dev12195/qachannels/0/generator/waveforms/0/wave vector (32000 B)
2025.05.15 14:26:23.195   get /dev12195/qachannels/0/generator/waveforms/0/wave -
2025.05.15 14:26:23.195   set /dev12195/qachannels/0/generator/waveforms/0/wave vector (32000 B)
2025.05.15 14:26:23.195   get /dev12195/qachannels/0/generator/waveforms/0/wave -
2025.05.15 14:26:23.195   set /dev12195/qachannels/0/generator/waveforms/0/wave vector (32000 B)
2025.05.15 14:26:23.195   get /dev12195/qachannels/0/generator/waveforms/0/wave -
2025.05.15 14:26:23.195   set /dev12195/qachannels/0/generator/waveforms/0/wave vector (32000 B)
2025.05.15 14:26:23.195   get /dev12195/qachannels/0/generator/waveforms/0/wave -
2025.05.15 14:26:23.195   set /dev12195/qachannels/0/generator/waveforms/0/wave vector (32000 B)
2025.05.15 14:26:23.197   get /dev12195/qachannels/0/generator/waveforms/0/wave -
2025.05.15 14:26:23.197   set /dev12195/qachannels/0/generator/waveforms/0/wave vector (32000 B)
2025.05.15 14:26:23.197   get /dev12195/qachannels/0/generator/waveforms/0/wave -
2025.05.15 14:26:23.197   set /dev12195/qachannels/0/generator/waveforms/0/wave vector (32000 B)
2025.05.15 14:26:23.197   get /dev12195/qachannels/0/generator/waveforms/0/wave -
2025.05.15 14:26:23.197   set /dev12195/qachannels/0/generator/waveforms/0/wave vector (32000 B)
2025.05.15 14:26:23.197   get /dev12195/qachannels/0/generator/waveforms/0/wave -
2025.05.15 14:26:23.198   set /dev12195/qachannels/0/generator/waveforms/0/wave vector (32000 B)
2025.05.15 14:26:23.198   get /dev12195/qachannels/0/generator/waveforms/0/wave -
2025.05.15 14:26:23.198   set /dev12195/qachannels/0/generator/waveforms/0/wave vector (32000 B)
2025.05.15 14:26:23.198   get /dev12195/qachannels/0/generator/waveforms/0/wave -
2025.05.15 14:26:23.198   set /dev12195/qachannels/0/generator/waveforms/0/wave vector (32000 B)
2025.05.15 14:26:23.198   get /dev12195/qachannels/0/generator/waveforms/0/wave -
2025.05.15 14:26:23.199   set /dev12195/qachannels/0/generator/waveforms/0/wave vector (32000 B)
2025.05.15 14:26:23.199   get /dev12195/qachannels/0/generator/waveforms/0/wave -
2025.05.15 14:26:23.199   set /dev12195/qachannels/0/generator/waveforms/0/wave vector (32000 B)
2025.05.15 14:26:23.199   get /dev12195/qachannels/0/generator/waveforms/0/wave -
2025.05.15 14:26:23.199   set /dev12195/qachannels/0/generator/waveforms/0/wave vector (32000 B)
2025.05.15 14:26:23.199   get /dev12195/qachannels/0/generator/waveforms/0/wave -
2025.05.15 14:26:23.200   set /dev12195/qachannels/0/generator/waveforms/0/wave vector (32000 B)
2025.05.15 14:26:23.200   get /dev12195/qachannels/0/generator/waveforms/0/wave -
2025.05.15 14:26:23.200   set /dev12195/qachannels/0/generator/waveforms/0/wave vector (32000 B)
2025.05.15 14:26:23.200   get /dev12195/qachannels/0/generator/waveforms/0/wave -
2025.05.15 14:26:23.200   set /dev12195/qachannels/0/generator/waveforms/0/wave vector (32000 B)
2025.05.15 14:26:23.200   get /dev12195/qachannels/0/generator/waveforms/0/wave -
2025.05.15 14:26:23.200   set /dev12195/qachannels/0/generator/waveforms/0/wave vector (32000 B)
2025.05.15 14:26:23.201   get /dev12195/qachannels/0/generator/waveforms/0/wave -
2025.05.15 14:26:23.201   set /dev12195/qachannels/0/generator/waveforms/0/wave vector (32000 B)
2025.05.15 14:26:23.201   get /dev12195/qachannels/0/generator/waveforms/0/wave -
2025.05.15 14:26:23.201   set /dev12195/qachannels/0/generator/waveforms/0/wave vector (32000 B)
2025.05.15 14:26:23.201   get /dev12195/qachannels/0/generator/waveforms/0/wave -
2025.05.15 14:26:23.201   set /dev12195/qachannels/0/generator/waveforms/0/wave vector (32000 B)
2025.05.15 14:26:23.201   get /dev12195/qachannels/0/generator/waveforms/0/wave -
2025.05.15 14:26:23.202   set /dev12195/qachannels/0/generator/waveforms/0/wave vector (32000 B)
2025.05.15 14:26:23.202   get /dev12195/qachannels/0/generator/waveforms/0/wave -
2025.05.15 14:26:23.202   set /dev12195/qachannels/0/spectroscopy/envelope/enable 0
2025.05.15 14:26:23.202   set /dev12195/qachannels/0/readout/multistate/qudits/0/weights/0/wave vector (64000 B)
2025.05.15 14:26:23.202   set /dev12195/qachannels/0/readout/integration/length 4000
2025.05.15 14:26:23.203   set /dev12195/sgchannels/4/awg/enable 1
2025.05.15 14:26:23.203   set /dev12195/qachannels/0/generator/enable 1
2025.05.15 14:26:23.204   set /dev12195/system/internaltrigger/enable 1
2025.05.15 14:26:23.204   set /dev12195/raw/system/awg/runtimechecks/enable 0
2025.05.15 14:26:23.205   set /dev12195/qachannels/0/readout/result/enable 0
2025.05.15 14:26:23.205   get /dev12195/raw/error/json/errors -
2025.05.15 14:26:23.205   get /dev12195/raw/error/json/errors -
2025.05.15 14:26:23.205   set /dev12195/qachannels/0/spectroscopy/envelope/enable 1
2025.05.15 14:26:32.087 Node log from the data server with id 'zi_server':
2025.05.15 14:26:32.088   set /dev12195/raw/error/clear 1
2025.05.15 14:26:32.088   set /dev12195/sgchannels/0/pipeliner/mode 0
2025.05.15 14:26:32.088   set /dev12195/sgchannels/1/pipeliner/mode 0
2025.05.15 14:26:32.088   set /dev12195/sgchannels/2/pipeliner/mode 0
2025.05.15 14:26:32.089   set /dev12195/sgchannels/3/pipeliner/mode 0
2025.05.15 14:26:32.089   set /dev12195/sgchannels/4/pipeliner/mode 0
2025.05.15 14:26:32.089   set /dev12195/sgchannels/5/pipeliner/mode 0
2025.05.15 14:26:32.089   set /dev12195/sgchannels/0/synchronization/enable 0
2025.05.15 14:26:32.089   set /dev12195/sgchannels/1/synchronization/enable 0
2025.05.15 14:26:32.089   set /dev12195/sgchannels/2/synchronization/enable 0
2025.05.15 14:26:32.089   set /dev12195/sgchannels/3/synchronization/enable 0
2025.05.15 14:26:32.090   set /dev12195/sgchannels/4/synchronization/enable 0
2025.05.15 14:26:32.090   set /dev12195/sgchannels/5/synchronization/enable 0
2025.05.15 14:26:32.090   set /dev12195/sgchannels/0/awg/enable 0
2025.05.15 14:26:32.090   set /dev12195/sgchannels/1/awg/enable 0
2025.05.15 14:26:32.090   set /dev12195/sgchannels/2/awg/enable 0
2025.05.15 14:26:32.090   set /dev12195/sgchannels/3/awg/enable 0
2025.05.15 14:26:32.091   set /dev12195/sgchannels/4/awg/enable 0
2025.05.15 14:26:32.091   set /dev12195/sgchannels/5/awg/enable 0
2025.05.15 14:26:32.092   set /dev12195/system/synchronization/source 0
2025.05.15 14:26:32.092   set /dev12195/system/internaltrigger/synchronization/enable 0
2025.05.15 14:26:32.092   set /dev12195/scopes/0/enable 0
2025.05.15 14:26:32.092   set /dev12195/qachannels/0/pipeliner/mode 0
2025.05.15 14:26:32.092   set /dev12195/qachannels/0/synchronization/enable 0
2025.05.15 14:26:32.093   set /dev12195/qachannels/0/generator/enable 0
2025.05.15 14:26:32.093   set /dev12195/qachannels/0/readout/result/enable 0
2025.05.15 14:26:32.093   set /dev12195/qachannels/0/spectroscopy/psd/enable 0
2025.05.15 14:26:32.093   set /dev12195/qachannels/0/spectroscopy/result/enable 0
2025.05.15 14:26:32.093   set /dev12195/qachannels/0/output/rflfinterlock 1
2025.05.15 14:26:32.093   set /dev12195/qachannels/0/oscs/0/gain 1
2025.05.15 14:26:32.093   set /dev12195/scopes/0/channels/0/enable 0
2025.05.15 14:26:32.094   set /dev12195/scopes/0/channels/1/enable 0
2025.05.15 14:26:32.094   set /dev12195/scopes/0/channels/2/enable 0
2025.05.15 14:26:32.094   set /dev12195/scopes/0/channels/3/enable 0
2025.05.15 14:26:32.097   get /dev12195/sgchannels/0/output/overrangecount -
2025.05.15 14:26:32.098   get /dev12195/sgchannels/1/output/overrangecount -
2025.05.15 14:26:32.098   get /dev12195/sgchannels/2/output/overrangecount -
2025.05.15 14:26:32.098   get /dev12195/sgchannels/3/output/overrangecount -
2025.05.15 14:26:32.098   get /dev12195/sgchannels/4/output/overrangecount -
2025.05.15 14:26:32.098   get /dev12195/sgchannels/5/output/overrangecount -
2025.05.15 14:26:32.098   get /dev12195/qachannels/0/output/overrangecount -
2025.05.15 14:26:32.098   get /dev12195/qachannels/0/input/overrangecount -
2025.05.15 14:26:32.099   set /dev12195/sgchannels/4/output/on 1
2025.05.15 14:26:32.099   set /dev12195/sgchannels/4/awg/single 1
2025.05.15 14:26:32.099   set /dev12195/sgchannels/4/awg/modulation/enable 1
2025.05.15 14:26:32.099   set /dev12195/sgchannels/4/marker/source 0
2025.05.15 14:26:32.099   set /dev12195/sgchannels/4/trigger/delay 0
2025.05.15 14:26:32.099   set /dev12195/sgchannels/4/output/rflfpath 1
2025.05.15 14:26:32.099   set /dev12195/sgchannels/4/output/muting/enable 0
2025.05.15 14:26:32.100   set /dev12195/sgchannels/4/sines/0/oscselect 0
2025.05.15 14:26:32.100   set /dev12195/sgchannels/4/sines/0/harmonic 1
2025.05.15 14:26:32.100   set /dev12195/sgchannels/4/sines/0/phaseshift 0
2025.05.15 14:26:32.100   set /dev12195/qachannels/0/output/on 1
2025.05.15 14:26:32.100   set /dev12195/qachannels/0/generator/single 1
2025.05.15 14:26:32.100   set /dev12195/qachannels/0/output/muting/enable 0
2025.05.15 14:26:32.100   set /dev12195/qachannels/0/input/rflfpath 1
2025.05.15 14:26:32.101   set /dev12195/qachannels/0/input/on 1
2025.05.15 14:26:32.101   set /dev12195/sgchannels/4/oscs/0/freq 4e+07
2025.05.15 14:26:32.101   set /dev12195/sgchannels/4/awg/auxtriggers/0/slope 1
2025.05.15 14:26:32.101   set /dev12195/sgchannels/4/awg/auxtriggers/0/channel 8
2025.05.15 14:26:32.101   set /dev12195/system/internaltrigger/enable 0
2025.05.15 14:26:32.101   set /dev12195/system/internaltrigger/repetitions 1
2025.05.15 14:26:32.101   set /dev12195/qachannels/0/markers/0/source 32
2025.05.15 14:26:32.102   set /dev12195/qachannels/0/markers/1/source 36
2025.05.15 14:26:32.102   set /dev12195/qachannels/0/generator/auxtriggers/0/channel 8
2025.05.15 14:26:32.102   set /dev12195/sgchannels/4/oscs/0/freq 4e+07
2025.05.15 14:26:32.102   set /dev12195/synthesizers/3/centerfreq 3.6e+09
2025.05.15 14:26:32.102   set /dev12195/sgchannels/4/output/delay 0
2025.05.15 14:26:32.102   set /dev12195/qachannels/0/centerfreq 6.8e+09
2025.05.15 14:26:32.102   set /dev12195/qachannels/0/generator/delay 0
2025.05.15 14:26:32.103   set /dev12195/qachannels/0/readout/integration/delay 2.12e-07
2025.05.15 14:26:32.103   set /dev12195/qachannels/0/mode 1
2025.05.15 14:26:32.103   set /dev12195/qachannels/0/readout/multistate/qudits/0/enable 0
2025.05.15 14:26:32.103   set /dev12195/qachannels/0/readout/multistate/qudits/1/enable 0
2025.05.15 14:26:32.103   set /dev12195/qachannels/0/readout/multistate/qudits/2/enable 0
2025.05.15 14:26:32.103   set /dev12195/qachannels/0/readout/multistate/qudits/3/enable 0
2025.05.15 14:26:32.103   set /dev12195/qachannels/0/readout/multistate/qudits/4/enable 0
2025.05.15 14:26:32.103   set /dev12195/qachannels/0/readout/multistate/qudits/5/enable 0
2025.05.15 14:26:32.103   set /dev12195/qachannels/0/readout/multistate/qudits/6/enable 0
2025.05.15 14:26:32.103   set /dev12195/qachannels/0/readout/multistate/qudits/7/enable 0
2025.05.15 14:26:32.103   set /dev12195/qachannels/0/readout/multistate/enable 1
2025.05.15 14:26:32.103   set /dev12195/qachannels/0/readout/multistate/zsync/packed 1
2025.05.15 14:26:32.105   set /dev12195/qachannels/0/readout/multistate/qudits/0/numstates 2
2025.05.15 14:26:32.105   set /dev12195/qachannels/0/readout/multistate/qudits/0/enable 1
2025.05.15 14:26:32.105   set /dev12195/qachannels/0/readout/multistate/qudits/0/assignmentvec vector (8 B)
2025.05.15 14:26:32.105   set /dev12195/sgchannels/4/awg/elf/data vector (1528 B)
2025.05.15 14:26:32.105   set /dev12195/sgchannels/4/awg/commandtable/data vector (152 B)
2025.05.15 14:26:32.105   set /dev12195/qachannels/0/readout/result/enable 0
2025.05.15 14:26:32.105   set /dev12195/qachannels/0/readout/result/source 1
2025.05.15 14:26:32.105   set /dev12195/qachannels/0/readout/result/length 101
2025.05.15 14:26:32.105   set /dev12195/qachannels/0/readout/result/averages 256
2025.05.15 14:26:32.105   set /dev12195/qachannels/0/readout/result/mode 0
2025.05.15 14:26:32.105   set /dev12195/qachannels/0/readout/multistate/qudits/0/thresholds/0/value 0
2025.05.15 14:26:32.105   set /dev12195/qachannels/0/readout/result/enable 1
2025.05.15 14:26:32.105   set /dev12195/qachannels/0/spectroscopy/result/enable 0
2025.05.15 14:26:32.105   set /dev12195/scopes/0/enable 0
2025.05.15 14:26:32.107   set /dev12195/qachannels/0/generator/elf/data vector (1996 B)
2025.05.15 14:26:32.107   set /dev12195/qachannels/0/generator/clearwave 1
2025.05.15 14:26:32.107   set /dev12195/qachannels/0/generator/waveforms/0/wave vector (32000 B)
2025.05.15 14:26:32.107   get /dev12195/qachannels/0/generator/waveforms/0/wave -
2025.05.15 14:26:32.107   set /dev12195/qachannels/0/generator/waveforms/0/wave vector (32000 B)
2025.05.15 14:26:32.107   get /dev12195/qachannels/0/generator/waveforms/0/wave -
2025.05.15 14:26:32.107   set /dev12195/qachannels/0/generator/waveforms/0/wave vector (32000 B)
2025.05.15 14:26:32.107   get /dev12195/qachannels/0/generator/waveforms/0/wave -
2025.05.15 14:26:32.107   set /dev12195/qachannels/0/generator/waveforms/0/wave vector (32000 B)
2025.05.15 14:26:32.107   get /dev12195/qachannels/0/generator/waveforms/0/wave -
2025.05.15 14:26:32.107   set /dev12195/qachannels/0/generator/waveforms/0/wave vector (32000 B)
2025.05.15 14:26:32.107   get /dev12195/qachannels/0/generator/waveforms/0/wave -
2025.05.15 14:26:32.107   set /dev12195/qachannels/0/generator/waveforms/0/wave vector (32000 B)
2025.05.15 14:26:32.109   get /dev12195/qachannels/0/generator/waveforms/0/wave -
2025.05.15 14:26:32.109   set /dev12195/qachannels/0/generator/waveforms/0/wave vector (32000 B)
2025.05.15 14:26:32.109   get /dev12195/qachannels/0/generator/waveforms/0/wave -
2025.05.15 14:26:32.109   set /dev12195/qachannels/0/generator/waveforms/0/wave vector (32000 B)
2025.05.15 14:26:32.109   get /dev12195/qachannels/0/generator/waveforms/0/wave -
2025.05.15 14:26:32.109   set /dev12195/qachannels/0/generator/waveforms/0/wave vector (32000 B)
2025.05.15 14:26:32.109   get /dev12195/qachannels/0/generator/waveforms/0/wave -
2025.05.15 14:26:32.109   set /dev12195/qachannels/0/generator/waveforms/0/wave vector (32000 B)
2025.05.15 14:26:32.109   get /dev12195/qachannels/0/generator/waveforms/0/wave -
2025.05.15 14:26:32.109   set /dev12195/qachannels/0/generator/waveforms/0/wave vector (32000 B)
2025.05.15 14:26:32.109   get /dev12195/qachannels/0/generator/waveforms/0/wave -
2025.05.15 14:26:32.109   set /dev12195/qachannels/0/generator/waveforms/0/wave vector (32000 B)
2025.05.15 14:26:32.109   get /dev12195/qachannels/0/generator/waveforms/0/wave -
2025.05.15 14:26:32.109   set /dev12195/qachannels/0/generator/waveforms/0/wave vector (32000 B)
2025.05.15 14:26:32.111   get /dev12195/qachannels/0/generator/waveforms/0/wave -
2025.05.15 14:26:32.111   set /dev12195/qachannels/0/generator/waveforms/0/wave vector (32000 B)
2025.05.15 14:26:32.111   get /dev12195/qachannels/0/generator/waveforms/0/wave -
2025.05.15 14:26:32.111   set /dev12195/qachannels/0/generator/waveforms/0/wave vector (32000 B)
2025.05.15 14:26:32.111   get /dev12195/qachannels/0/generator/waveforms/0/wave -
2025.05.15 14:26:32.111   set /dev12195/qachannels/0/generator/waveforms/0/wave vector (32000 B)
2025.05.15 14:26:32.111   get /dev12195/qachannels/0/generator/waveforms/0/wave -
2025.05.15 14:26:32.111   set /dev12195/qachannels/0/generator/waveforms/0/wave vector (32000 B)
2025.05.15 14:26:32.111   get /dev12195/qachannels/0/generator/waveforms/0/wave -
2025.05.15 14:26:32.111   set /dev12195/qachannels/0/generator/waveforms/0/wave vector (32000 B)
2025.05.15 14:26:32.111   get /dev12195/qachannels/0/generator/waveforms/0/wave -
2025.05.15 14:26:32.111   set /dev12195/qachannels/0/generator/waveforms/0/wave vector (32000 B)
2025.05.15 14:26:32.111   get /dev12195/qachannels/0/generator/waveforms/0/wave -
2025.05.15 14:26:32.111   set /dev12195/qachannels/0/generator/waveforms/0/wave vector (32000 B)
2025.05.15 14:26:32.113   get /dev12195/qachannels/0/generator/waveforms/0/wave -
2025.05.15 14:26:32.113   set /dev12195/qachannels/0/generator/waveforms/0/wave vector (32000 B)
2025.05.15 14:26:32.113   get /dev12195/qachannels/0/generator/waveforms/0/wave -
2025.05.15 14:26:32.113   set /dev12195/qachannels/0/generator/waveforms/0/wave vector (32000 B)
2025.05.15 14:26:32.113   get /dev12195/qachannels/0/generator/waveforms/0/wave -
2025.05.15 14:26:32.113   set /dev12195/qachannels/0/generator/waveforms/0/wave vector (32000 B)
2025.05.15 14:26:32.113   get /dev12195/qachannels/0/generator/waveforms/0/wave -
2025.05.15 14:26:32.113   set /dev12195/qachannels/0/generator/waveforms/0/wave vector (32000 B)
2025.05.15 14:26:32.113   get /dev12195/qachannels/0/generator/waveforms/0/wave -
2025.05.15 14:26:32.113   set /dev12195/qachannels/0/generator/waveforms/0/wave vector (32000 B)
2025.05.15 14:26:32.113   get /dev12195/qachannels/0/generator/waveforms/0/wave -
2025.05.15 14:26:32.113   set /dev12195/qachannels/0/generator/waveforms/0/wave vector (32000 B)
2025.05.15 14:26:32.113   get /dev12195/qachannels/0/generator/waveforms/0/wave -
2025.05.15 14:26:32.113   set /dev12195/qachannels/0/generator/waveforms/0/wave vector (32000 B)
2025.05.15 14:26:32.115   get /dev12195/qachannels/0/generator/waveforms/0/wave -
2025.05.15 14:26:32.115   set /dev12195/qachannels/0/generator/waveforms/0/wave vector (32000 B)
2025.05.15 14:26:32.115   get /dev12195/qachannels/0/generator/waveforms/0/wave -
2025.05.15 14:26:32.115   set /dev12195/qachannels/0/generator/waveforms/0/wave vector (32000 B)
2025.05.15 14:26:32.115   get /dev12195/qachannels/0/generator/waveforms/0/wave -
2025.05.15 14:26:32.115   set /dev12195/qachannels/0/generator/waveforms/0/wave vector (32000 B)
2025.05.15 14:26:32.115   get /dev12195/qachannels/0/generator/waveforms/0/wave -
2025.05.15 14:26:32.115   set /dev12195/qachannels/0/generator/waveforms/0/wave vector (32000 B)
2025.05.15 14:26:32.115   get /dev12195/qachannels/0/generator/waveforms/0/wave -
2025.05.15 14:26:32.115   set /dev12195/qachannels/0/generator/waveforms/0/wave vector (32000 B)
2025.05.15 14:26:32.115   get /dev12195/qachannels/0/generator/waveforms/0/wave -
2025.05.15 14:26:32.115   set /dev12195/qachannels/0/generator/waveforms/0/wave vector (32000 B)
2025.05.15 14:26:32.115   get /dev12195/qachannels/0/generator/waveforms/0/wave -
2025.05.15 14:26:32.115   set /dev12195/qachannels/0/generator/waveforms/0/wave vector (32000 B)
2025.05.15 14:26:32.117   get /dev12195/qachannels/0/generator/waveforms/0/wave -
2025.05.15 14:26:32.117   set /dev12195/qachannels/0/generator/waveforms/0/wave vector (32000 B)
2025.05.15 14:26:32.117   get /dev12195/qachannels/0/generator/waveforms/0/wave -
2025.05.15 14:26:32.117   set /dev12195/qachannels/0/generator/waveforms/0/wave vector (32000 B)
2025.05.15 14:26:32.117   get /dev12195/qachannels/0/generator/waveforms/0/wave -
2025.05.15 14:26:32.117   set /dev12195/qachannels/0/generator/waveforms/0/wave vector (32000 B)
2025.05.15 14:26:32.117   get /dev12195/qachannels/0/generator/waveforms/0/wave -
2025.05.15 14:26:32.117   set /dev12195/qachannels/0/generator/waveforms/0/wave vector (32000 B)
2025.05.15 14:26:32.117   get /dev12195/qachannels/0/generator/waveforms/0/wave -
2025.05.15 14:26:32.117   set /dev12195/qachannels/0/generator/waveforms/0/wave vector (32000 B)
2025.05.15 14:26:32.117   get /dev12195/qachannels/0/generator/waveforms/0/wave -
2025.05.15 14:26:32.117   set /dev12195/qachannels/0/generator/waveforms/0/wave vector (32000 B)
2025.05.15 14:26:32.119   get /dev12195/qachannels/0/generator/waveforms/0/wave -
2025.05.15 14:26:32.119   set /dev12195/qachannels/0/generator/waveforms/0/wave vector (32000 B)
2025.05.15 14:26:32.119   get /dev12195/qachannels/0/generator/waveforms/0/wave -
2025.05.15 14:26:32.119   set /dev12195/qachannels/0/generator/waveforms/0/wave vector (32000 B)
2025.05.15 14:26:32.119   get /dev12195/qachannels/0/generator/waveforms/0/wave -
2025.05.15 14:26:32.119   set /dev12195/qachannels/0/generator/waveforms/0/wave vector (32000 B)
2025.05.15 14:26:32.119   get /dev12195/qachannels/0/generator/waveforms/0/wave -
2025.05.15 14:26:32.119   set /dev12195/qachannels/0/generator/waveforms/0/wave vector (32000 B)
2025.05.15 14:26:32.119   get /dev12195/qachannels/0/generator/waveforms/0/wave -
2025.05.15 14:26:32.119   set /dev12195/qachannels/0/generator/waveforms/0/wave vector (32000 B)
2025.05.15 14:26:32.119   get /dev12195/qachannels/0/generator/waveforms/0/wave -
2025.05.15 14:26:32.119   set /dev12195/qachannels/0/generator/waveforms/0/wave vector (32000 B)
2025.05.15 14:26:32.119   get /dev12195/qachannels/0/generator/waveforms/0/wave -
2025.05.15 14:26:32.121   set /dev12195/qachannels/0/generator/waveforms/0/wave vector (32000 B)
2025.05.15 14:26:32.121   get /dev12195/qachannels/0/generator/waveforms/0/wave -
2025.05.15 14:26:32.121   set /dev12195/qachannels/0/generator/waveforms/0/wave vector (32000 B)
2025.05.15 14:26:32.121   get /dev12195/qachannels/0/generator/waveforms/0/wave -
2025.05.15 14:26:32.121   set /dev12195/qachannels/0/generator/waveforms/0/wave vector (32000 B)
2025.05.15 14:26:32.121   get /dev12195/qachannels/0/generator/waveforms/0/wave -
2025.05.15 14:26:32.121   set /dev12195/qachannels/0/generator/waveforms/0/wave vector (32000 B)
2025.05.15 14:26:32.121   get /dev12195/qachannels/0/generator/waveforms/0/wave -
2025.05.15 14:26:32.121   set /dev12195/qachannels/0/generator/waveforms/0/wave vector (32000 B)
2025.05.15 14:26:32.121   get /dev12195/qachannels/0/generator/waveforms/0/wave -
2025.05.15 14:26:32.121   set /dev12195/qachannels/0/generator/waveforms/0/wave vector (32000 B)
2025.05.15 14:26:32.121   get /dev12195/qachannels/0/generator/waveforms/0/wave -
2025.05.15 14:26:32.121   set /dev12195/qachannels/0/generator/waveforms/0/wave vector (32000 B)
2025.05.15 14:26:32.123   get /dev12195/qachannels/0/generator/waveforms/0/wave -
2025.05.15 14:26:32.123   set /dev12195/qachannels/0/generator/waveforms/0/wave vector (32000 B)
2025.05.15 14:26:32.123   get /dev12195/qachannels/0/generator/waveforms/0/wave -
2025.05.15 14:26:32.123   set /dev12195/qachannels/0/generator/waveforms/0/wave vector (32000 B)
2025.05.15 14:26:32.123   get /dev12195/qachannels/0/generator/waveforms/0/wave -
2025.05.15 14:26:32.123   set /dev12195/qachannels/0/generator/waveforms/0/wave vector (32000 B)
2025.05.15 14:26:32.123   get /dev12195/qachannels/0/generator/waveforms/0/wave -
2025.05.15 14:26:32.123   set /dev12195/qachannels/0/generator/waveforms/0/wave vector (32000 B)
2025.05.15 14:26:32.123   get /dev12195/qachannels/0/generator/waveforms/0/wave -
2025.05.15 14:26:32.123   set /dev12195/qachannels/0/generator/waveforms/0/wave vector (32000 B)
2025.05.15 14:26:32.123   get /dev12195/qachannels/0/generator/waveforms/0/wave -
2025.05.15 14:26:32.123   set /dev12195/qachannels/0/generator/waveforms/0/wave vector (32000 B)
2025.05.15 14:26:32.123   get /dev12195/qachannels/0/generator/waveforms/0/wave -
2025.05.15 14:26:32.123   set /dev12195/qachannels/0/generator/waveforms/0/wave vector (32000 B)
2025.05.15 14:26:32.125   get /dev12195/qachannels/0/generator/waveforms/0/wave -
2025.05.15 14:26:32.125   set /dev12195/qachannels/0/generator/waveforms/0/wave vector (32000 B)
2025.05.15 14:26:32.125   get /dev12195/qachannels/0/generator/waveforms/0/wave -
2025.05.15 14:26:32.125   set /dev12195/qachannels/0/generator/waveforms/0/wave vector (32000 B)
2025.05.15 14:26:32.125   get /dev12195/qachannels/0/generator/waveforms/0/wave -
2025.05.15 14:26:32.125   set /dev12195/qachannels/0/generator/waveforms/0/wave vector (32000 B)
2025.05.15 14:26:32.125   get /dev12195/qachannels/0/generator/waveforms/0/wave -
2025.05.15 14:26:32.125   set /dev12195/qachannels/0/generator/waveforms/0/wave vector (32000 B)
2025.05.15 14:26:32.125   get /dev12195/qachannels/0/generator/waveforms/0/wave -
2025.05.15 14:26:32.125   set /dev12195/qachannels/0/generator/waveforms/0/wave vector (32000 B)
2025.05.15 14:26:32.125   get /dev12195/qachannels/0/generator/waveforms/0/wave -
2025.05.15 14:26:32.125   set /dev12195/qachannels/0/generator/waveforms/0/wave vector (32000 B)
2025.05.15 14:26:32.125   get /dev12195/qachannels/0/generator/waveforms/0/wave -
2025.05.15 14:26:32.127   set /dev12195/qachannels/0/generator/waveforms/0/wave vector (32000 B)
2025.05.15 14:26:32.127   get /dev12195/qachannels/0/generator/waveforms/0/wave -
2025.05.15 14:26:32.127   set /dev12195/qachannels/0/generator/waveforms/0/wave vector (32000 B)
2025.05.15 14:26:32.127   get /dev12195/qachannels/0/generator/waveforms/0/wave -
2025.05.15 14:26:32.127   set /dev12195/qachannels/0/generator/waveforms/0/wave vector (32000 B)
2025.05.15 14:26:32.127   get /dev12195/qachannels/0/generator/waveforms/0/wave -
2025.05.15 14:26:32.127   set /dev12195/qachannels/0/generator/waveforms/0/wave vector (32000 B)
2025.05.15 14:26:32.127   get /dev12195/qachannels/0/generator/waveforms/0/wave -
2025.05.15 14:26:32.127   set /dev12195/qachannels/0/generator/waveforms/0/wave vector (32000 B)
2025.05.15 14:26:32.127   get /dev12195/qachannels/0/generator/waveforms/0/wave -
2025.05.15 14:26:32.127   set /dev12195/qachannels/0/generator/waveforms/0/wave vector (32000 B)
2025.05.15 14:26:32.127   get /dev12195/qachannels/0/generator/waveforms/0/wave -
2025.05.15 14:26:32.127   set /dev12195/qachannels/0/generator/waveforms/0/wave vector (32000 B)
2025.05.15 14:26:32.127   get /dev12195/qachannels/0/generator/waveforms/0/wave -
2025.05.15 14:26:32.129   set /dev12195/qachannels/0/generator/waveforms/0/wave vector (32000 B)
2025.05.15 14:26:32.129   get /dev12195/qachannels/0/generator/waveforms/0/wave -
2025.05.15 14:26:32.129   set /dev12195/qachannels/0/generator/waveforms/0/wave vector (32000 B)
2025.05.15 14:26:32.129   get /dev12195/qachannels/0/generator/waveforms/0/wave -
2025.05.15 14:26:32.129   set /dev12195/qachannels/0/generator/waveforms/0/wave vector (32000 B)
2025.05.15 14:26:32.129   get /dev12195/qachannels/0/generator/waveforms/0/wave -
2025.05.15 14:26:32.129   set /dev12195/qachannels/0/generator/waveforms/0/wave vector (32000 B)
2025.05.15 14:26:32.129   get /dev12195/qachannels/0/generator/waveforms/0/wave -
2025.05.15 14:26:32.129   set /dev12195/qachannels/0/generator/waveforms/0/wave vector (32000 B)
2025.05.15 14:26:32.129   get /dev12195/qachannels/0/generator/waveforms/0/wave -
2025.05.15 14:26:32.129   set /dev12195/qachannels/0/generator/waveforms/0/wave vector (32000 B)
2025.05.15 14:26:32.129   get /dev12195/qachannels/0/generator/waveforms/0/wave -
2025.05.15 14:26:32.129   set /dev12195/qachannels/0/generator/waveforms/0/wave vector (32000 B)
2025.05.15 14:26:32.129   get /dev12195/qachannels/0/generator/waveforms/0/wave -
2025.05.15 14:26:32.131   set /dev12195/qachannels/0/generator/waveforms/0/wave vector (32000 B)
2025.05.15 14:26:32.131   get /dev12195/qachannels/0/generator/waveforms/0/wave -
2025.05.15 14:26:32.131   set /dev12195/qachannels/0/generator/waveforms/0/wave vector (32000 B)
2025.05.15 14:26:32.131   get /dev12195/qachannels/0/generator/waveforms/0/wave -
2025.05.15 14:26:32.131   set /dev12195/qachannels/0/generator/waveforms/0/wave vector (32000 B)
2025.05.15 14:26:32.131   get /dev12195/qachannels/0/generator/waveforms/0/wave -
2025.05.15 14:26:32.131   set /dev12195/qachannels/0/generator/waveforms/0/wave vector (32000 B)
2025.05.15 14:26:32.131   get /dev12195/qachannels/0/generator/waveforms/0/wave -
2025.05.15 14:26:32.131   set /dev12195/qachannels/0/generator/waveforms/0/wave vector (32000 B)
2025.05.15 14:26:32.131   get /dev12195/qachannels/0/generator/waveforms/0/wave -
2025.05.15 14:26:32.131   set /dev12195/qachannels/0/generator/waveforms/0/wave vector (32000 B)
2025.05.15 14:26:32.131   get /dev12195/qachannels/0/generator/waveforms/0/wave -
2025.05.15 14:26:32.131   set /dev12195/qachannels/0/generator/waveforms/0/wave vector (32000 B)
2025.05.15 14:26:32.131   get /dev12195/qachannels/0/generator/waveforms/0/wave -
2025.05.15 14:26:32.133   set /dev12195/qachannels/0/generator/waveforms/0/wave vector (32000 B)
2025.05.15 14:26:32.133   get /dev12195/qachannels/0/generator/waveforms/0/wave -
2025.05.15 14:26:32.133   set /dev12195/qachannels/0/generator/waveforms/0/wave vector (32000 B)
2025.05.15 14:26:32.133   get /dev12195/qachannels/0/generator/waveforms/0/wave -
2025.05.15 14:26:32.133   set /dev12195/qachannels/0/generator/waveforms/0/wave vector (32000 B)
2025.05.15 14:26:32.133   get /dev12195/qachannels/0/generator/waveforms/0/wave -
2025.05.15 14:26:32.133   set /dev12195/qachannels/0/generator/waveforms/0/wave vector (32000 B)
2025.05.15 14:26:32.133   get /dev12195/qachannels/0/generator/waveforms/0/wave -
2025.05.15 14:26:32.133   set /dev12195/qachannels/0/generator/waveforms/0/wave vector (32000 B)
2025.05.15 14:26:32.133   get /dev12195/qachannels/0/generator/waveforms/0/wave -
2025.05.15 14:26:32.134   set /dev12195/qachannels/0/generator/waveforms/0/wave vector (32000 B)
2025.05.15 14:26:32.134   get /dev12195/qachannels/0/generator/waveforms/0/wave -
2025.05.15 14:26:32.134   set /dev12195/qachannels/0/generator/waveforms/0/wave vector (32000 B)
2025.05.15 14:26:32.134   get /dev12195/qachannels/0/generator/waveforms/0/wave -
2025.05.15 14:26:32.134   set /dev12195/qachannels/0/generator/waveforms/0/wave vector (32000 B)
2025.05.15 14:26:32.136   get /dev12195/qachannels/0/generator/waveforms/0/wave -
2025.05.15 14:26:32.136   set /dev12195/qachannels/0/generator/waveforms/0/wave vector (32000 B)
2025.05.15 14:26:32.136   get /dev12195/qachannels/0/generator/waveforms/0/wave -
2025.05.15 14:26:32.136   set /dev12195/qachannels/0/generator/waveforms/0/wave vector (32000 B)
2025.05.15 14:26:32.136   get /dev12195/qachannels/0/generator/waveforms/0/wave -
2025.05.15 14:26:32.136   set /dev12195/qachannels/0/generator/waveforms/0/wave vector (32000 B)
2025.05.15 14:26:32.136   get /dev12195/qachannels/0/generator/waveforms/0/wave -
2025.05.15 14:26:32.137   set /dev12195/qachannels/0/generator/waveforms/0/wave vector (32000 B)
2025.05.15 14:26:32.137   get /dev12195/qachannels/0/generator/waveforms/0/wave -
2025.05.15 14:26:32.137   set /dev12195/qachannels/0/generator/waveforms/0/wave vector (32000 B)
2025.05.15 14:26:32.137   get /dev12195/qachannels/0/generator/waveforms/0/wave -
2025.05.15 14:26:32.137   set /dev12195/qachannels/0/generator/waveforms/0/wave vector (32000 B)
2025.05.15 14:26:32.137   get /dev12195/qachannels/0/generator/waveforms/0/wave -
2025.05.15 14:26:32.137   set /dev12195/qachannels/0/spectroscopy/envelope/enable 0
2025.05.15 14:26:32.138   set /dev12195/qachannels/0/readout/multistate/qudits/0/weights/0/wave vector (64000 B)
2025.05.15 14:26:32.138   set /dev12195/qachannels/0/readout/integration/length 4000
2025.05.15 14:26:32.139   set /dev12195/sgchannels/4/awg/enable 1
2025.05.15 14:26:32.139   set /dev12195/qachannels/0/generator/enable 1
2025.05.15 14:26:32.140   set /dev12195/system/internaltrigger/enable 1
2025.05.15 14:26:32.140   set /dev12195/raw/system/awg/runtimechecks/enable 0
2025.05.15 14:26:32.141   set /dev12195/qachannels/0/readout/result/enable 0
2025.05.15 14:26:32.141   get /dev12195/raw/error/json/errors -
2025.05.15 14:26:32.141   get /dev12195/raw/error/json/errors -
2025.05.15 14:26:32.142   set /dev12195/qachannels/0/spectroscopy/envelope/enable 1
2025.05.15 14:26:34.950 Node log from the data server with id 'zi_server':
2025.05.15 14:26:34.951   set /dev12195/raw/error/clear 1
2025.05.15 14:26:34.951   set /dev12195/sgchannels/0/pipeliner/mode 0
2025.05.15 14:26:34.952   set /dev12195/sgchannels/1/pipeliner/mode 0
2025.05.15 14:26:34.952   set /dev12195/sgchannels/2/pipeliner/mode 0
2025.05.15 14:26:34.952   set /dev12195/sgchannels/3/pipeliner/mode 0
2025.05.15 14:26:34.952   set /dev12195/sgchannels/4/pipeliner/mode 0
2025.05.15 14:26:34.952   set /dev12195/sgchannels/5/pipeliner/mode 0
2025.05.15 14:26:34.952   set /dev12195/sgchannels/0/synchronization/enable 0
2025.05.15 14:26:34.952   set /dev12195/sgchannels/1/synchronization/enable 0
2025.05.15 14:26:34.952   set /dev12195/sgchannels/2/synchronization/enable 0
2025.05.15 14:26:34.952   set /dev12195/sgchannels/3/synchronization/enable 0
2025.05.15 14:26:34.952   set /dev12195/sgchannels/4/synchronization/enable 0
2025.05.15 14:26:34.952   set /dev12195/sgchannels/5/synchronization/enable 0
2025.05.15 14:26:34.952   set /dev12195/sgchannels/0/awg/enable 0
2025.05.15 14:26:34.954   set /dev12195/sgchannels/1/awg/enable 0
2025.05.15 14:26:34.954   set /dev12195/sgchannels/2/awg/enable 0
2025.05.15 14:26:34.954   set /dev12195/sgchannels/3/awg/enable 0
2025.05.15 14:26:34.954   set /dev12195/sgchannels/4/awg/enable 0
2025.05.15 14:26:34.954   set /dev12195/sgchannels/5/awg/enable 0
2025.05.15 14:26:34.956   set /dev12195/system/synchronization/source 0
2025.05.15 14:26:34.956   set /dev12195/system/internaltrigger/synchronization/enable 0
2025.05.15 14:26:34.956   set /dev12195/scopes/0/enable 0
2025.05.15 14:26:34.956   set /dev12195/qachannels/0/pipeliner/mode 0
2025.05.15 14:26:34.956   set /dev12195/qachannels/0/synchronization/enable 0
2025.05.15 14:26:34.956   set /dev12195/qachannels/0/generator/enable 0
2025.05.15 14:26:34.956   set /dev12195/qachannels/0/readout/result/enable 0
2025.05.15 14:26:34.956   set /dev12195/qachannels/0/spectroscopy/psd/enable 0
2025.05.15 14:26:34.956   set /dev12195/qachannels/0/spectroscopy/result/enable 0
2025.05.15 14:26:34.958   set /dev12195/qachannels/0/output/rflfinterlock 1
2025.05.15 14:26:34.958   set /dev12195/qachannels/0/oscs/0/gain 1
2025.05.15 14:26:34.958   set /dev12195/scopes/0/channels/0/enable 0
2025.05.15 14:26:34.958   set /dev12195/scopes/0/channels/1/enable 0
2025.05.15 14:26:34.958   set /dev12195/scopes/0/channels/2/enable 0
2025.05.15 14:26:34.958   set /dev12195/scopes/0/channels/3/enable 0
2025.05.15 14:26:34.962   get /dev12195/sgchannels/0/output/overrangecount -
2025.05.15 14:26:34.962   get /dev12195/sgchannels/1/output/overrangecount -
2025.05.15 14:26:34.962   get /dev12195/sgchannels/2/output/overrangecount -
2025.05.15 14:26:34.962   get /dev12195/sgchannels/3/output/overrangecount -
2025.05.15 14:26:34.962   get /dev12195/sgchannels/4/output/overrangecount -
2025.05.15 14:26:34.964   get /dev12195/sgchannels/5/output/overrangecount -
2025.05.15 14:26:34.964   get /dev12195/qachannels/0/output/overrangecount -
2025.05.15 14:26:34.964   get /dev12195/qachannels/0/input/overrangecount -
2025.05.15 14:26:34.964   set /dev12195/sgchannels/4/output/on 1
2025.05.15 14:26:34.964   set /dev12195/sgchannels/4/awg/single 1
2025.05.15 14:26:34.964   set /dev12195/sgchannels/4/awg/modulation/enable 1
2025.05.15 14:26:34.964   set /dev12195/sgchannels/4/marker/source 0
2025.05.15 14:26:34.964   set /dev12195/sgchannels/4/trigger/delay 0
2025.05.15 14:26:34.964   set /dev12195/sgchannels/4/output/rflfpath 1
2025.05.15 14:26:34.964   set /dev12195/sgchannels/4/output/muting/enable 0
2025.05.15 14:26:34.964   set /dev12195/sgchannels/4/sines/0/oscselect 0
2025.05.15 14:26:34.966   set /dev12195/sgchannels/4/sines/0/harmonic 1
2025.05.15 14:26:34.966   set /dev12195/sgchannels/4/sines/0/phaseshift 0
2025.05.15 14:26:34.966   set /dev12195/qachannels/0/output/on 1
2025.05.15 14:26:34.966   set /dev12195/qachannels/0/generator/single 1
2025.05.15 14:26:34.966   set /dev12195/qachannels/0/output/muting/enable 0
2025.05.15 14:26:34.966   set /dev12195/qachannels/0/input/rflfpath 1
2025.05.15 14:26:34.966   set /dev12195/qachannels/0/input/on 1
2025.05.15 14:26:34.967   set /dev12195/sgchannels/4/oscs/0/freq 4e+07
2025.05.15 14:26:34.967   set /dev12195/sgchannels/4/awg/auxtriggers/0/slope 1
2025.05.15 14:26:34.967   set /dev12195/sgchannels/4/awg/auxtriggers/0/channel 8
2025.05.15 14:26:34.967   set /dev12195/system/internaltrigger/enable 0
2025.05.15 14:26:34.967   set /dev12195/system/internaltrigger/repetitions 1
2025.05.15 14:26:34.967   set /dev12195/qachannels/0/markers/0/source 32
2025.05.15 14:26:34.967   set /dev12195/qachannels/0/markers/1/source 36
2025.05.15 14:26:34.967   set /dev12195/qachannels/0/generator/auxtriggers/0/channel 8
2025.05.15 14:26:34.969   set /dev12195/sgchannels/4/oscs/0/freq 4e+07
2025.05.15 14:26:34.969   set /dev12195/synthesizers/3/centerfreq 3.6e+09
2025.05.15 14:26:34.969   set /dev12195/sgchannels/4/output/delay 0
2025.05.15 14:26:34.969   set /dev12195/qachannels/0/centerfreq 6.8e+09
2025.05.15 14:26:34.969   set /dev12195/qachannels/0/generator/delay 0
2025.05.15 14:26:34.969   set /dev12195/qachannels/0/readout/integration/delay 2.12e-07
2025.05.15 14:26:34.969   set /dev12195/qachannels/0/mode 1
2025.05.15 14:26:34.969   set /dev12195/qachannels/0/readout/multistate/qudits/0/enable 0
2025.05.15 14:26:34.969   set /dev12195/qachannels/0/readout/multistate/qudits/1/enable 0
2025.05.15 14:26:34.969   set /dev12195/qachannels/0/readout/multistate/qudits/2/enable 0
2025.05.15 14:26:34.969   set /dev12195/qachannels/0/readout/multistate/qudits/3/enable 0
2025.05.15 14:26:34.969   set /dev12195/qachannels/0/readout/multistate/qudits/4/enable 0
2025.05.15 14:26:34.971   set /dev12195/qachannels/0/readout/multistate/qudits/5/enable 0
2025.05.15 14:26:34.971   set /dev12195/qachannels/0/readout/multistate/qudits/6/enable 0
2025.05.15 14:26:34.971   set /dev12195/qachannels/0/readout/multistate/qudits/7/enable 0
2025.05.15 14:26:34.971   set /dev12195/qachannels/0/readout/multistate/enable 1
2025.05.15 14:26:34.971   set /dev12195/qachannels/0/readout/multistate/zsync/packed 1
2025.05.15 14:26:34.971   set /dev12195/qachannels/0/readout/multistate/qudits/0/numstates 2
2025.05.15 14:26:34.971   set /dev12195/qachannels/0/readout/multistate/qudits/0/enable 1
2025.05.15 14:26:34.971   set /dev12195/qachannels/0/readout/multistate/qudits/0/assignmentvec vector (8 B)
2025.05.15 14:26:34.971   set /dev12195/sgchannels/4/awg/elf/data vector (1528 B)
2025.05.15 14:26:34.971   set /dev12195/sgchannels/4/awg/commandtable/data vector (152 B)
2025.05.15 14:26:34.973   set /dev12195/qachannels/0/readout/result/enable 0
2025.05.15 14:26:34.973   set /dev12195/qachannels/0/readout/result/source 1
2025.05.15 14:26:34.973   set /dev12195/qachannels/0/readout/result/length 101
2025.05.15 14:26:34.973   set /dev12195/qachannels/0/readout/result/averages 256
2025.05.15 14:26:34.973   set /dev12195/qachannels/0/readout/result/mode 0
2025.05.15 14:26:34.973   set /dev12195/qachannels/0/readout/multistate/qudits/0/thresholds/0/value 0
2025.05.15 14:26:34.973   set /dev12195/qachannels/0/readout/result/enable 1
2025.05.15 14:26:34.973   set /dev12195/qachannels/0/spectroscopy/result/enable 0
2025.05.15 14:26:34.973   set /dev12195/scopes/0/enable 0
2025.05.15 14:26:34.973   set /dev12195/qachannels/0/generator/elf/data vector (1996 B)
2025.05.15 14:26:34.973   set /dev12195/qachannels/0/generator/clearwave 1
2025.05.15 14:26:34.973   set /dev12195/qachannels/0/generator/waveforms/0/wave vector (32000 B)
2025.05.15 14:26:34.973   get /dev12195/qachannels/0/generator/waveforms/0/wave -
2025.05.15 14:26:34.975   set /dev12195/qachannels/0/generator/waveforms/0/wave vector (32000 B)
2025.05.15 14:26:34.975   get /dev12195/qachannels/0/generator/waveforms/0/wave -
2025.05.15 14:26:34.975   set /dev12195/qachannels/0/generator/waveforms/0/wave vector (32000 B)
2025.05.15 14:26:34.975   get /dev12195/qachannels/0/generator/waveforms/0/wave -
2025.05.15 14:26:34.975   set /dev12195/qachannels/0/generator/waveforms/0/wave vector (32000 B)
2025.05.15 14:26:34.975   get /dev12195/qachannels/0/generator/waveforms/0/wave -
2025.05.15 14:26:34.975   set /dev12195/qachannels/0/generator/waveforms/0/wave vector (32000 B)
2025.05.15 14:26:34.975   get /dev12195/qachannels/0/generator/waveforms/0/wave -
2025.05.15 14:26:34.975   set /dev12195/qachannels/0/generator/waveforms/0/wave vector (32000 B)
2025.05.15 14:26:34.975   get /dev12195/qachannels/0/generator/waveforms/0/wave -
2025.05.15 14:26:34.975   set /dev12195/qachannels/0/generator/waveforms/0/wave vector (32000 B)
2025.05.15 14:26:34.975   get /dev12195/qachannels/0/generator/waveforms/0/wave -
2025.05.15 14:26:34.975   set /dev12195/qachannels/0/generator/waveforms/0/wave vector (32000 B)
2025.05.15 14:26:34.975   get /dev12195/qachannels/0/generator/waveforms/0/wave -
2025.05.15 14:26:34.977   set /dev12195/qachannels/0/generator/waveforms/0/wave vector (32000 B)
2025.05.15 14:26:34.977   get /dev12195/qachannels/0/generator/waveforms/0/wave -
2025.05.15 14:26:34.977   set /dev12195/qachannels/0/generator/waveforms/0/wave vector (32000 B)
2025.05.15 14:26:34.977   get /dev12195/qachannels/0/generator/waveforms/0/wave -
2025.05.15 14:26:34.977   set /dev12195/qachannels/0/generator/waveforms/0/wave vector (32000 B)
2025.05.15 14:26:34.977   get /dev12195/qachannels/0/generator/waveforms/0/wave -
2025.05.15 14:26:34.977   set /dev12195/qachannels/0/generator/waveforms/0/wave vector (32000 B)
2025.05.15 14:26:34.978   get /dev12195/qachannels/0/generator/waveforms/0/wave -
2025.05.15 14:26:34.978   set /dev12195/qachannels/0/generator/waveforms/0/wave vector (32000 B)
2025.05.15 14:26:34.978   get /dev12195/qachannels/0/generator/waveforms/0/wave -
2025.05.15 14:26:34.978   set /dev12195/qachannels/0/generator/waveforms/0/wave vector (32000 B)
2025.05.15 14:26:34.978   get /dev12195/qachannels/0/generator/waveforms/0/wave -
2025.05.15 14:26:34.978   set /dev12195/qachannels/0/generator/waveforms/0/wave vector (32000 B)
2025.05.15 14:26:34.978   get /dev12195/qachannels/0/generator/waveforms/0/wave -
2025.05.15 14:26:34.979   set /dev12195/qachannels/0/generator/waveforms/0/wave vector (32000 B)
2025.05.15 14:26:34.979   get /dev12195/qachannels/0/generator/waveforms/0/wave -
2025.05.15 14:26:34.979   set /dev12195/qachannels/0/generator/waveforms/0/wave vector (32000 B)
2025.05.15 14:26:34.979   get /dev12195/qachannels/0/generator/waveforms/0/wave -
2025.05.15 14:26:34.979   set /dev12195/qachannels/0/generator/waveforms/0/wave vector (32000 B)
2025.05.15 14:26:34.979   get /dev12195/qachannels/0/generator/waveforms/0/wave -
2025.05.15 14:26:34.979   set /dev12195/qachannels/0/generator/waveforms/0/wave vector (32000 B)
2025.05.15 14:26:34.980   get /dev12195/qachannels/0/generator/waveforms/0/wave -
2025.05.15 14:26:34.980   set /dev12195/qachannels/0/generator/waveforms/0/wave vector (32000 B)
2025.05.15 14:26:34.980   get /dev12195/qachannels/0/generator/waveforms/0/wave -
2025.05.15 14:26:34.980   set /dev12195/qachannels/0/generator/waveforms/0/wave vector (32000 B)
2025.05.15 14:26:34.980   get /dev12195/qachannels/0/generator/waveforms/0/wave -
2025.05.15 14:26:34.980   set /dev12195/qachannels/0/generator/waveforms/0/wave vector (32000 B)
2025.05.15 14:26:34.980   get /dev12195/qachannels/0/generator/waveforms/0/wave -
2025.05.15 14:26:34.981   set /dev12195/qachannels/0/generator/waveforms/0/wave vector (32000 B)
2025.05.15 14:26:34.981   get /dev12195/qachannels/0/generator/waveforms/0/wave -
2025.05.15 14:26:34.981   set /dev12195/qachannels/0/generator/waveforms/0/wave vector (32000 B)
2025.05.15 14:26:34.981   get /dev12195/qachannels/0/generator/waveforms/0/wave -
2025.05.15 14:26:34.981   set /dev12195/qachannels/0/generator/waveforms/0/wave vector (32000 B)
2025.05.15 14:26:34.981   get /dev12195/qachannels/0/generator/waveforms/0/wave -
2025.05.15 14:26:34.981   set /dev12195/qachannels/0/generator/waveforms/0/wave vector (32000 B)
2025.05.15 14:26:34.982   get /dev12195/qachannels/0/generator/waveforms/0/wave -
2025.05.15 14:26:34.982   set /dev12195/qachannels/0/generator/waveforms/0/wave vector (32000 B)
2025.05.15 14:26:34.982   get /dev12195/qachannels/0/generator/waveforms/0/wave -
2025.05.15 14:26:34.982   set /dev12195/qachannels/0/generator/waveforms/0/wave vector (32000 B)
2025.05.15 14:26:34.982   get /dev12195/qachannels/0/generator/waveforms/0/wave -
2025.05.15 14:26:34.982   set /dev12195/qachannels/0/generator/waveforms/0/wave vector (32000 B)
2025.05.15 14:26:34.982   get /dev12195/qachannels/0/generator/waveforms/0/wave -
2025.05.15 14:26:34.982   set /dev12195/qachannels/0/generator/waveforms/0/wave vector (32000 B)
2025.05.15 14:26:34.982   get /dev12195/qachannels/0/generator/waveforms/0/wave -
2025.05.15 14:26:34.982   set /dev12195/qachannels/0/generator/waveforms/0/wave vector (32000 B)
2025.05.15 14:26:34.982   get /dev12195/qachannels/0/generator/waveforms/0/wave -
2025.05.15 14:26:34.982   set /dev12195/qachannels/0/generator/waveforms/0/wave vector (32000 B)
2025.05.15 14:26:34.982   get /dev12195/qachannels/0/generator/waveforms/0/wave -
2025.05.15 14:26:34.982   set /dev12195/qachannels/0/generator/waveforms/0/wave vector (32000 B)
2025.05.15 14:26:34.984   get /dev12195/qachannels/0/generator/waveforms/0/wave -
2025.05.15 14:26:34.984   set /dev12195/qachannels/0/generator/waveforms/0/wave vector (32000 B)
2025.05.15 14:26:34.984   get /dev12195/qachannels/0/generator/waveforms/0/wave -
2025.05.15 14:26:34.984   set /dev12195/qachannels/0/generator/waveforms/0/wave vector (32000 B)
2025.05.15 14:26:34.984   get /dev12195/qachannels/0/generator/waveforms/0/wave -
2025.05.15 14:26:34.984   set /dev12195/qachannels/0/generator/waveforms/0/wave vector (32000 B)
2025.05.15 14:26:34.984   get /dev12195/qachannels/0/generator/waveforms/0/wave -
2025.05.15 14:26:34.984   set /dev12195/qachannels/0/generator/waveforms/0/wave vector (32000 B)
2025.05.15 14:26:34.984   get /dev12195/qachannels/0/generator/waveforms/0/wave -
2025.05.15 14:26:34.984   set /dev12195/qachannels/0/generator/waveforms/0/wave vector (32000 B)
2025.05.15 14:26:34.984   get /dev12195/qachannels/0/generator/waveforms/0/wave -
2025.05.15 14:26:34.984   set /dev12195/qachannels/0/generator/waveforms/0/wave vector (32000 B)
2025.05.15 14:26:34.984   get /dev12195/qachannels/0/generator/waveforms/0/wave -
2025.05.15 14:26:34.984   set /dev12195/qachannels/0/generator/waveforms/0/wave vector (32000 B)
2025.05.15 14:26:34.986   get /dev12195/qachannels/0/generator/waveforms/0/wave -
2025.05.15 14:26:34.986   set /dev12195/qachannels/0/generator/waveforms/0/wave vector (32000 B)
2025.05.15 14:26:34.986   get /dev12195/qachannels/0/generator/waveforms/0/wave -
2025.05.15 14:26:34.986   set /dev12195/qachannels/0/generator/waveforms/0/wave vector (32000 B)
2025.05.15 14:26:34.986   get /dev12195/qachannels/0/generator/waveforms/0/wave -
2025.05.15 14:26:34.986   set /dev12195/qachannels/0/generator/waveforms/0/wave vector (32000 B)
2025.05.15 14:26:34.986   get /dev12195/qachannels/0/generator/waveforms/0/wave -
2025.05.15 14:26:34.986   set /dev12195/qachannels/0/generator/waveforms/0/wave vector (32000 B)
2025.05.15 14:26:34.986   get /dev12195/qachannels/0/generator/waveforms/0/wave -
2025.05.15 14:26:34.986   set /dev12195/qachannels/0/generator/waveforms/0/wave vector (32000 B)
2025.05.15 14:26:34.986   get /dev12195/qachannels/0/generator/waveforms/0/wave -
2025.05.15 14:26:34.986   set /dev12195/qachannels/0/generator/waveforms/0/wave vector (32000 B)
2025.05.15 14:26:34.986   get /dev12195/qachannels/0/generator/waveforms/0/wave -
2025.05.15 14:26:34.988   set /dev12195/qachannels/0/generator/waveforms/0/wave vector (32000 B)
2025.05.15 14:26:34.988   get /dev12195/qachannels/0/generator/waveforms/0/wave -
2025.05.15 14:26:34.988   set /dev12195/qachannels/0/generator/waveforms/0/wave vector (32000 B)
2025.05.15 14:26:34.988   get /dev12195/qachannels/0/generator/waveforms/0/wave -
2025.05.15 14:26:34.988   set /dev12195/qachannels/0/generator/waveforms/0/wave vector (32000 B)
2025.05.15 14:26:34.988   get /dev12195/qachannels/0/generator/waveforms/0/wave -
2025.05.15 14:26:34.988   set /dev12195/qachannels/0/generator/waveforms/0/wave vector (32000 B)
2025.05.15 14:26:34.988   get /dev12195/qachannels/0/generator/waveforms/0/wave -
2025.05.15 14:26:34.988   set /dev12195/qachannels/0/generator/waveforms/0/wave vector (32000 B)
2025.05.15 14:26:34.988   get /dev12195/qachannels/0/generator/waveforms/0/wave -
2025.05.15 14:26:34.988   set /dev12195/qachannels/0/generator/waveforms/0/wave vector (32000 B)
2025.05.15 14:26:34.988   get /dev12195/qachannels/0/generator/waveforms/0/wave -
2025.05.15 14:26:34.988   set /dev12195/qachannels/0/generator/waveforms/0/wave vector (32000 B)
2025.05.15 14:26:34.988   get /dev12195/qachannels/0/generator/waveforms/0/wave -
2025.05.15 14:26:34.990   set /dev12195/qachannels/0/generator/waveforms/0/wave vector (32000 B)
2025.05.15 14:26:34.990   get /dev12195/qachannels/0/generator/waveforms/0/wave -
2025.05.15 14:26:34.990   set /dev12195/qachannels/0/generator/waveforms/0/wave vector (32000 B)
2025.05.15 14:26:34.990   get /dev12195/qachannels/0/generator/waveforms/0/wave -
2025.05.15 14:26:34.990   set /dev12195/qachannels/0/generator/waveforms/0/wave vector (32000 B)
2025.05.15 14:26:34.990   get /dev12195/qachannels/0/generator/waveforms/0/wave -
2025.05.15 14:26:34.990   set /dev12195/qachannels/0/generator/waveforms/0/wave vector (32000 B)
2025.05.15 14:26:34.990   get /dev12195/qachannels/0/generator/waveforms/0/wave -
2025.05.15 14:26:34.990   set /dev12195/qachannels/0/generator/waveforms/0/wave vector (32000 B)
2025.05.15 14:26:34.990   get /dev12195/qachannels/0/generator/waveforms/0/wave -
2025.05.15 14:26:34.990   set /dev12195/qachannels/0/generator/waveforms/0/wave vector (32000 B)
2025.05.15 14:26:34.990   get /dev12195/qachannels/0/generator/waveforms/0/wave -
2025.05.15 14:26:34.990   set /dev12195/qachannels/0/generator/waveforms/0/wave vector (32000 B)
2025.05.15 14:26:34.990   get /dev12195/qachannels/0/generator/waveforms/0/wave -
2025.05.15 14:26:34.992   set /dev12195/qachannels/0/generator/waveforms/0/wave vector (32000 B)
2025.05.15 14:26:34.992   get /dev12195/qachannels/0/generator/waveforms/0/wave -
2025.05.15 14:26:34.992   set /dev12195/qachannels/0/generator/waveforms/0/wave vector (32000 B)
2025.05.15 14:26:34.992   get /dev12195/qachannels/0/generator/waveforms/0/wave -
2025.05.15 14:26:34.992   set /dev12195/qachannels/0/generator/waveforms/0/wave vector (32000 B)
2025.05.15 14:26:34.992   get /dev12195/qachannels/0/generator/waveforms/0/wave -
2025.05.15 14:26:34.992   set /dev12195/qachannels/0/generator/waveforms/0/wave vector (32000 B)
2025.05.15 14:26:34.992   get /dev12195/qachannels/0/generator/waveforms/0/wave -
2025.05.15 14:26:34.992   set /dev12195/qachannels/0/generator/waveforms/0/wave vector (32000 B)
2025.05.15 14:26:34.992   get /dev12195/qachannels/0/generator/waveforms/0/wave -
2025.05.15 14:26:34.992   set /dev12195/qachannels/0/generator/waveforms/0/wave vector (32000 B)
2025.05.15 14:26:34.992   get /dev12195/qachannels/0/generator/waveforms/0/wave -
2025.05.15 14:26:34.992   set /dev12195/qachannels/0/generator/waveforms/0/wave vector (32000 B)
2025.05.15 14:26:34.994   get /dev12195/qachannels/0/generator/waveforms/0/wave -
2025.05.15 14:26:34.994   set /dev12195/qachannels/0/generator/waveforms/0/wave vector (32000 B)
2025.05.15 14:26:34.994   get /dev12195/qachannels/0/generator/waveforms/0/wave -
2025.05.15 14:26:34.994   set /dev12195/qachannels/0/generator/waveforms/0/wave vector (32000 B)
2025.05.15 14:26:34.994   get /dev12195/qachannels/0/generator/waveforms/0/wave -
2025.05.15 14:26:34.994   set /dev12195/qachannels/0/generator/waveforms/0/wave vector (32000 B)
2025.05.15 14:26:34.994   get /dev12195/qachannels/0/generator/waveforms/0/wave -
2025.05.15 14:26:34.994   set /dev12195/qachannels/0/generator/waveforms/0/wave vector (32000 B)
2025.05.15 14:26:34.994   get /dev12195/qachannels/0/generator/waveforms/0/wave -
2025.05.15 14:26:34.994   set /dev12195/qachannels/0/generator/waveforms/0/wave vector (32000 B)
2025.05.15 14:26:34.994   get /dev12195/qachannels/0/generator/waveforms/0/wave -
2025.05.15 14:26:34.994   set /dev12195/qachannels/0/generator/waveforms/0/wave vector (32000 B)
2025.05.15 14:26:34.994   get /dev12195/qachannels/0/generator/waveforms/0/wave -
2025.05.15 14:26:34.994   set /dev12195/qachannels/0/generator/waveforms/0/wave vector (32000 B)
2025.05.15 14:26:34.996   get /dev12195/qachannels/0/generator/waveforms/0/wave -
2025.05.15 14:26:34.996   set /dev12195/qachannels/0/generator/waveforms/0/wave vector (32000 B)
2025.05.15 14:26:34.996   get /dev12195/qachannels/0/generator/waveforms/0/wave -
2025.05.15 14:26:34.996   set /dev12195/qachannels/0/generator/waveforms/0/wave vector (32000 B)
2025.05.15 14:26:34.996   get /dev12195/qachannels/0/generator/waveforms/0/wave -
2025.05.15 14:26:34.996   set /dev12195/qachannels/0/generator/waveforms/0/wave vector (32000 B)
2025.05.15 14:26:34.996   get /dev12195/qachannels/0/generator/waveforms/0/wave -
2025.05.15 14:26:34.996   set /dev12195/qachannels/0/generator/waveforms/0/wave vector (32000 B)
2025.05.15 14:26:34.996   get /dev12195/qachannels/0/generator/waveforms/0/wave -
2025.05.15 14:26:34.996   set /dev12195/qachannels/0/generator/waveforms/0/wave vector (32000 B)
2025.05.15 14:26:34.996   get /dev12195/qachannels/0/generator/waveforms/0/wave -
2025.05.15 14:26:34.996   set /dev12195/qachannels/0/generator/waveforms/0/wave vector (32000 B)
2025.05.15 14:26:34.998   get /dev12195/qachannels/0/generator/waveforms/0/wave -
2025.05.15 14:26:34.998   set /dev12195/qachannels/0/generator/waveforms/0/wave vector (32000 B)
2025.05.15 14:26:34.998   get /dev12195/qachannels/0/generator/waveforms/0/wave -
2025.05.15 14:26:34.998   set /dev12195/qachannels/0/generator/waveforms/0/wave vector (32000 B)
2025.05.15 14:26:34.998   get /dev12195/qachannels/0/generator/waveforms/0/wave -
2025.05.15 14:26:34.998   set /dev12195/qachannels/0/generator/waveforms/0/wave vector (32000 B)
2025.05.15 14:26:34.998   get /dev12195/qachannels/0/generator/waveforms/0/wave -
2025.05.15 14:26:34.998   set /dev12195/qachannels/0/generator/waveforms/0/wave vector (32000 B)
2025.05.15 14:26:34.998   get /dev12195/qachannels/0/generator/waveforms/0/wave -
2025.05.15 14:26:34.998   set /dev12195/qachannels/0/generator/waveforms/0/wave vector (32000 B)
2025.05.15 14:26:34.998   get /dev12195/qachannels/0/generator/waveforms/0/wave -
2025.05.15 14:26:35.000   set /dev12195/qachannels/0/generator/waveforms/0/wave vector (32000 B)
2025.05.15 14:26:35.000   get /dev12195/qachannels/0/generator/waveforms/0/wave -
2025.05.15 14:26:35.000   set /dev12195/qachannels/0/generator/waveforms/0/wave vector (32000 B)
2025.05.15 14:26:35.000   get /dev12195/qachannels/0/generator/waveforms/0/wave -
2025.05.15 14:26:35.000   set /dev12195/qachannels/0/generator/waveforms/0/wave vector (32000 B)
2025.05.15 14:26:35.000   get /dev12195/qachannels/0/generator/waveforms/0/wave -
2025.05.15 14:26:35.000   set /dev12195/qachannels/0/generator/waveforms/0/wave vector (32000 B)
2025.05.15 14:26:35.000   get /dev12195/qachannels/0/generator/waveforms/0/wave -
2025.05.15 14:26:35.000   set /dev12195/qachannels/0/generator/waveforms/0/wave vector (32000 B)
2025.05.15 14:26:35.000   get /dev12195/qachannels/0/generator/waveforms/0/wave -
2025.05.15 14:26:35.000   set /dev12195/qachannels/0/generator/waveforms/0/wave vector (32000 B)
2025.05.15 14:26:35.000   get /dev12195/qachannels/0/generator/waveforms/0/wave -
2025.05.15 14:26:35.000   set /dev12195/qachannels/0/generator/waveforms/0/wave vector (32000 B)
2025.05.15 14:26:35.000   get /dev12195/qachannels/0/generator/waveforms/0/wave -
2025.05.15 14:26:35.002   set /dev12195/qachannels/0/generator/waveforms/0/wave vector (32000 B)
2025.05.15 14:26:35.002   get /dev12195/qachannels/0/generator/waveforms/0/wave -
2025.05.15 14:26:35.002   set /dev12195/qachannels/0/generator/waveforms/0/wave vector (32000 B)
2025.05.15 14:26:35.002   get /dev12195/qachannels/0/generator/waveforms/0/wave -
2025.05.15 14:26:35.002   set /dev12195/qachannels/0/generator/waveforms/0/wave vector (32000 B)
2025.05.15 14:26:35.002   get /dev12195/qachannels/0/generator/waveforms/0/wave -
2025.05.15 14:26:35.002   set /dev12195/qachannels/0/generator/waveforms/0/wave vector (32000 B)
2025.05.15 14:26:35.002   get /dev12195/qachannels/0/generator/waveforms/0/wave -
2025.05.15 14:26:35.002   set /dev12195/qachannels/0/generator/waveforms/0/wave vector (32000 B)
2025.05.15 14:26:35.002   get /dev12195/qachannels/0/generator/waveforms/0/wave -
2025.05.15 14:26:35.002   set /dev12195/qachannels/0/generator/waveforms/0/wave vector (32000 B)
2025.05.15 14:26:35.002   get /dev12195/qachannels/0/generator/waveforms/0/wave -
2025.05.15 14:26:35.002   set /dev12195/qachannels/0/generator/waveforms/0/wave vector (32000 B)
2025.05.15 14:26:35.002   get /dev12195/qachannels/0/generator/waveforms/0/wave -
2025.05.15 14:26:35.004   set /dev12195/qachannels/0/generator/waveforms/0/wave vector (32000 B)
2025.05.15 14:26:35.004   get /dev12195/qachannels/0/generator/waveforms/0/wave -
2025.05.15 14:26:35.004   set /dev12195/qachannels/0/generator/waveforms/0/wave vector (32000 B)
2025.05.15 14:26:35.004   get /dev12195/qachannels/0/generator/waveforms/0/wave -
2025.05.15 14:26:35.004   set /dev12195/qachannels/0/spectroscopy/envelope/enable 0
2025.05.15 14:26:35.004   set /dev12195/qachannels/0/readout/multistate/qudits/0/weights/0/wave vector (64000 B)
2025.05.15 14:26:35.004   set /dev12195/qachannels/0/readout/integration/length 4000
2025.05.15 14:26:35.006   get /dev12195/features/options -
2025.05.15 14:26:35.006   set /dev12195/sgchannels/4/awg/enable 1
2025.05.15 14:26:35.006   set /dev12195/qachannels/0/generator/enable 1
2025.05.15 14:26:35.006   set /dev12195/system/internaltrigger/enable 1
2025.05.15 14:26:35.006   get /dev12195/qachannels/0/readout/result/data/0/wave -
2025.05.15 14:26:35.008   get /dev12195/system/properties/timebase -
2025.05.15 14:26:35.008   set /dev12195/raw/system/awg/runtimechecks/enable 0
2025.05.15 14:26:35.009   set /dev12195/qachannels/0/readout/result/enable 0
2025.05.15 14:26:35.010   get /dev12195/raw/error/json/errors -
2025.05.15 14:26:35.010   get /dev12195/raw/error/json/errors -
2025.05.15 14:26:35.011   set /dev12195/qachannels/0/spectroscopy/envelope/enable 1
2025.05.15 14:26:57.443 Node log from the data server with id 'zi_server':
2025.05.15 14:26:57.443   get /dev12195/raw/system/awg/runtimechecks/enable -
2025.05.15 14:26:57.443   get /dev12195/raw/system/awg/runtimechecks/enable -
2025.05.15 14:26:57.443   get /dev12195/system/clocks/referenceclock/in/freq -
2025.05.15 14:26:57.443   get /dev12195/system/clocks/referenceclock/in/sourceactual -
2025.05.15 14:26:57.443   get /dev12195/system/clocks/referenceclock/in/source -
2025.05.15 14:26:57.443   get /dev12195/system/clocks/referenceclock/in/status -
2025.05.15 14:26:57.443   get /dev12195/system/clocks/referenceclock/in/freq -
2025.05.15 14:26:57.443   get /dev12195/system/clocks/referenceclock/in/sourceactual -
2025.05.15 14:26:57.443   get /dev12195/system/clocks/referenceclock/in/source -
2025.05.15 14:26:57.445   get /dev12195/system/clocks/referenceclock/in/status -
2025.05.15 14:26:58.686 Node log from the data server with id 'zi_server':
2025.05.15 14:26:58.687   set /dev12195/raw/error/clear 1
2025.05.15 14:26:58.687   set /dev12195/sgchannels/0/pipeliner/mode 0
2025.05.15 14:26:58.687   set /dev12195/sgchannels/1/pipeliner/mode 0
2025.05.15 14:26:58.687   set /dev12195/sgchannels/2/pipeliner/mode 0
2025.05.15 14:26:58.688   set /dev12195/sgchannels/3/pipeliner/mode 0
2025.05.15 14:26:58.688   set /dev12195/sgchannels/4/pipeliner/mode 0
2025.05.15 14:26:58.688   set /dev12195/sgchannels/5/pipeliner/mode 0
2025.05.15 14:26:58.688   set /dev12195/sgchannels/0/synchronization/enable 0
2025.05.15 14:26:58.688   set /dev12195/sgchannels/1/synchronization/enable 0
2025.05.15 14:26:58.689   set /dev12195/sgchannels/2/synchronization/enable 0
2025.05.15 14:26:58.689   set /dev12195/sgchannels/3/synchronization/enable 0
2025.05.15 14:26:58.689   set /dev12195/sgchannels/4/synchronization/enable 0
2025.05.15 14:26:58.689   set /dev12195/sgchannels/5/synchronization/enable 0
2025.05.15 14:26:58.689   set /dev12195/sgchannels/0/awg/enable 0
2025.05.15 14:26:58.689   set /dev12195/sgchannels/1/awg/enable 0
2025.05.15 14:26:58.689   set /dev12195/sgchannels/2/awg/enable 0
2025.05.15 14:26:58.690   set /dev12195/sgchannels/3/awg/enable 0
2025.05.15 14:26:58.690   set /dev12195/sgchannels/4/awg/enable 0
2025.05.15 14:26:58.690   set /dev12195/sgchannels/5/awg/enable 0
2025.05.15 14:26:58.691   set /dev12195/system/synchronization/source 0
2025.05.15 14:26:58.691   set /dev12195/system/internaltrigger/synchronization/enable 0
2025.05.15 14:26:58.691   set /dev12195/scopes/0/enable 0
2025.05.15 14:26:58.691   set /dev12195/qachannels/0/pipeliner/mode 0
2025.05.15 14:26:58.691   set /dev12195/qachannels/0/synchronization/enable 0
2025.05.15 14:26:58.692   set /dev12195/qachannels/0/generator/enable 0
2025.05.15 14:26:58.692   set /dev12195/qachannels/0/readout/result/enable 0
2025.05.15 14:26:58.692   set /dev12195/qachannels/0/spectroscopy/psd/enable 0
2025.05.15 14:26:58.692   set /dev12195/qachannels/0/spectroscopy/result/enable 0
2025.05.15 14:26:58.692   set /dev12195/qachannels/0/output/rflfinterlock 1
2025.05.15 14:26:58.692   set /dev12195/qachannels/0/oscs/0/gain 1
2025.05.15 14:26:58.692   set /dev12195/scopes/0/channels/0/enable 0
2025.05.15 14:26:58.693   set /dev12195/scopes/0/channels/1/enable 0
2025.05.15 14:26:58.693   set /dev12195/scopes/0/channels/2/enable 0
2025.05.15 14:26:58.693   set /dev12195/scopes/0/channels/3/enable 0
2025.05.15 14:26:58.693   get /dev12195/raw/error/json/errors -
2025.05.15 14:26:58.693   get /dev12195/raw/error/json/errors -
2025.05.15 14:26:58.694   set /dev12195/qachannels/0/spectroscopy/envelope/enable 1
2025.05.15 14:31:51.707 Node log from the data server with id 'zi_server':
2025.05.15 14:31:51.708   get /dev12195/raw/system/awg/runtimechecks/enable -
2025.05.15 14:31:51.708   get /dev12195/raw/system/awg/runtimechecks/enable -
2025.05.15 14:31:51.708   get /dev12195/system/clocks/referenceclock/in/freq -
2025.05.15 14:31:51.708   get /dev12195/system/clocks/referenceclock/in/sourceactual -
2025.05.15 14:31:51.708   get /dev12195/system/clocks/referenceclock/in/source -
2025.05.15 14:31:51.709   get /dev12195/system/clocks/referenceclock/in/status -
2025.05.15 14:31:51.709   get /dev12195/system/clocks/referenceclock/in/freq -
2025.05.15 14:31:51.709   get /dev12195/system/clocks/referenceclock/in/sourceactual -
2025.05.15 14:31:51.709   get /dev12195/system/clocks/referenceclock/in/source -
2025.05.15 14:31:51.709   get /dev12195/system/clocks/referenceclock/in/status -
2025.05.15 14:31:54.604 Node log from the data server with id 'zi_server':
2025.05.15 14:31:54.605   set /dev12195/raw/error/clear 1
2025.05.15 14:31:54.605   set /dev12195/sgchannels/0/pipeliner/mode 0
2025.05.15 14:31:54.605   set /dev12195/sgchannels/1/pipeliner/mode 0
2025.05.15 14:31:54.606   set /dev12195/sgchannels/2/pipeliner/mode 0
2025.05.15 14:31:54.606   set /dev12195/sgchannels/3/pipeliner/mode 0
2025.05.15 14:31:54.606   set /dev12195/sgchannels/4/pipeliner/mode 0
2025.05.15 14:31:54.606   set /dev12195/sgchannels/5/pipeliner/mode 0
2025.05.15 14:31:54.606   set /dev12195/sgchannels/0/synchronization/enable 0
2025.05.15 14:31:54.606   set /dev12195/sgchannels/1/synchronization/enable 0
2025.05.15 14:31:54.606   set /dev12195/sgchannels/2/synchronization/enable 0
2025.05.15 14:31:54.607   set /dev12195/sgchannels/3/synchronization/enable 0
2025.05.15 14:31:54.607   set /dev12195/sgchannels/4/synchronization/enable 0
2025.05.15 14:31:54.607   set /dev12195/sgchannels/5/synchronization/enable 0
2025.05.15 14:31:54.607   set /dev12195/sgchannels/0/awg/enable 0
2025.05.15 14:31:54.607   set /dev12195/sgchannels/1/awg/enable 0
2025.05.15 14:31:54.608   set /dev12195/sgchannels/2/awg/enable 0
2025.05.15 14:31:54.608   set /dev12195/sgchannels/3/awg/enable 0
2025.05.15 14:31:54.608   set /dev12195/sgchannels/4/awg/enable 0
2025.05.15 14:31:54.608   set /dev12195/sgchannels/5/awg/enable 0
2025.05.15 14:31:54.609   set /dev12195/system/synchronization/source 0
2025.05.15 14:31:54.609   set /dev12195/system/internaltrigger/synchronization/enable 0
2025.05.15 14:31:54.609   set /dev12195/scopes/0/enable 0
2025.05.15 14:31:54.610   set /dev12195/qachannels/0/pipeliner/mode 0
2025.05.15 14:31:54.610   set /dev12195/qachannels/0/synchronization/enable 0
2025.05.15 14:31:54.610   set /dev12195/qachannels/0/generator/enable 0
2025.05.15 14:31:54.610   set /dev12195/qachannels/0/readout/result/enable 0
2025.05.15 14:31:54.610   set /dev12195/qachannels/0/spectroscopy/psd/enable 0
2025.05.15 14:31:54.610   set /dev12195/qachannels/0/spectroscopy/result/enable 0
2025.05.15 14:31:54.611   set /dev12195/qachannels/0/output/rflfinterlock 1
2025.05.15 14:31:54.611   set /dev12195/qachannels/0/oscs/0/gain 1
2025.05.15 14:31:54.611   set /dev12195/scopes/0/channels/0/enable 0
2025.05.15 14:31:54.611   set /dev12195/scopes/0/channels/1/enable 0
2025.05.15 14:31:54.611   set /dev12195/scopes/0/channels/2/enable 0
2025.05.15 14:31:54.611   set /dev12195/scopes/0/channels/3/enable 0
2025.05.15 14:31:54.615   get /dev12195/sgchannels/0/output/overrangecount -
2025.05.15 14:31:54.615   get /dev12195/sgchannels/1/output/overrangecount -
2025.05.15 14:31:54.615   get /dev12195/sgchannels/2/output/overrangecount -
2025.05.15 14:31:54.615   get /dev12195/sgchannels/3/output/overrangecount -
2025.05.15 14:31:54.615   get /dev12195/sgchannels/4/output/overrangecount -
2025.05.15 14:31:54.616   get /dev12195/sgchannels/5/output/overrangecount -
2025.05.15 14:31:54.616   get /dev12195/qachannels/0/output/overrangecount -
2025.05.15 14:31:54.616   get /dev12195/qachannels/0/input/overrangecount -
2025.05.15 14:31:54.616   set /dev12195/sgchannels/4/output/on 1
2025.05.15 14:31:54.616   set /dev12195/sgchannels/4/awg/single 1
2025.05.15 14:31:54.616   set /dev12195/sgchannels/4/awg/modulation/enable 1
2025.05.15 14:31:54.616   set /dev12195/sgchannels/4/marker/source 0
2025.05.15 14:31:54.617   set /dev12195/sgchannels/4/trigger/delay 0
2025.05.15 14:31:54.617   set /dev12195/sgchannels/4/output/rflfpath 1
2025.05.15 14:31:54.617   set /dev12195/sgchannels/4/output/muting/enable 0
2025.05.15 14:31:54.617   set /dev12195/sgchannels/4/sines/0/oscselect 0
2025.05.15 14:31:54.617   set /dev12195/sgchannels/4/sines/0/harmonic 1
2025.05.15 14:31:54.617   set /dev12195/sgchannels/4/sines/0/phaseshift 0
2025.05.15 14:31:54.617   set /dev12195/qachannels/0/output/on 1
2025.05.15 14:31:54.618   set /dev12195/qachannels/0/generator/single 1
2025.05.15 14:31:54.618   set /dev12195/qachannels/0/output/muting/enable 0
2025.05.15 14:31:54.618   set /dev12195/qachannels/0/input/rflfpath 1
2025.05.15 14:31:54.618   set /dev12195/qachannels/0/input/on 1
2025.05.15 14:31:54.618   set /dev12195/sgchannels/4/oscs/0/freq 4e+07
2025.05.15 14:31:54.618   set /dev12195/sgchannels/4/awg/auxtriggers/0/slope 1
2025.05.15 14:31:54.618   set /dev12195/sgchannels/4/awg/auxtriggers/0/channel 8
2025.05.15 14:31:54.619   set /dev12195/system/internaltrigger/enable 0
2025.05.15 14:31:54.619   set /dev12195/system/internaltrigger/repetitions 1
2025.05.15 14:31:54.619   set /dev12195/qachannels/0/markers/0/source 32
2025.05.15 14:31:54.619   set /dev12195/qachannels/0/markers/1/source 36
2025.05.15 14:31:54.619   set /dev12195/qachannels/0/generator/auxtriggers/0/channel 8
2025.05.15 14:31:54.619   set /dev12195/sgchannels/4/oscs/0/freq 4e+07
2025.05.15 14:31:54.619   set /dev12195/synthesizers/3/centerfreq 3.6e+09
2025.05.15 14:31:54.620   set /dev12195/sgchannels/4/output/delay 0
2025.05.15 14:31:54.620   set /dev12195/qachannels/0/centerfreq 6.8e+09
2025.05.15 14:31:54.620   set /dev12195/qachannels/0/generator/delay 0
2025.05.15 14:31:54.620   set /dev12195/qachannels/0/readout/integration/delay 2.12e-07
2025.05.15 14:31:54.620   set /dev12195/qachannels/0/mode 1
2025.05.15 14:31:54.620   set /dev12195/qachannels/0/readout/multistate/qudits/0/enable 0
2025.05.15 14:31:54.621   set /dev12195/qachannels/0/readout/multistate/qudits/1/enable 0
2025.05.15 14:31:54.621   set /dev12195/qachannels/0/readout/multistate/qudits/2/enable 0
2025.05.15 14:31:54.621   set /dev12195/qachannels/0/readout/multistate/qudits/3/enable 0
2025.05.15 14:31:54.621   set /dev12195/qachannels/0/readout/multistate/qudits/4/enable 0
2025.05.15 14:31:54.621   set /dev12195/qachannels/0/readout/multistate/qudits/5/enable 0
2025.05.15 14:31:54.621   set /dev12195/qachannels/0/readout/multistate/qudits/6/enable 0
2025.05.15 14:31:54.621   set /dev12195/qachannels/0/readout/multistate/qudits/7/enable 0
2025.05.15 14:31:54.622   set /dev12195/qachannels/0/readout/multistate/enable 1
2025.05.15 14:31:54.622   set /dev12195/qachannels/0/readout/multistate/zsync/packed 1
2025.05.15 14:31:54.622   set /dev12195/qachannels/0/readout/multistate/qudits/0/numstates 2
2025.05.15 14:31:54.622   set /dev12195/qachannels/0/readout/multistate/qudits/0/enable 1
2025.05.15 14:31:54.622   set /dev12195/qachannels/0/readout/multistate/qudits/0/assignmentvec vector (8 B)
2025.05.15 14:31:54.622   set /dev12195/sgchannels/4/awg/elf/data vector (1528 B)
2025.05.15 14:31:54.623   set /dev12195/sgchannels/4/awg/commandtable/data vector (152 B)
2025.05.15 14:31:54.623   set /dev12195/qachannels/0/readout/result/enable 0
2025.05.15 14:31:54.623   set /dev12195/qachannels/0/readout/result/source 1
2025.05.15 14:31:54.623   set /dev12195/qachannels/0/readout/result/length 101
2025.05.15 14:31:54.623   set /dev12195/qachannels/0/readout/result/averages 256
2025.05.15 14:31:54.623   set /dev12195/qachannels/0/readout/result/mode 0
2025.05.15 14:31:54.623   set /dev12195/qachannels/0/readout/multistate/qudits/0/thresholds/0/value 0
2025.05.15 14:31:54.624   set /dev12195/qachannels/0/readout/result/enable 1
2025.05.15 14:31:54.624   set /dev12195/qachannels/0/spectroscopy/result/enable 0
2025.05.15 14:31:54.624   set /dev12195/scopes/0/enable 0
2025.05.15 14:31:54.624   set /dev12195/qachannels/0/generator/elf/data vector (1996 B)
2025.05.15 14:31:54.624   set /dev12195/qachannels/0/generator/clearwave 1
2025.05.15 14:31:54.624   set /dev12195/qachannels/0/generator/waveforms/0/wave vector (32000 B)
2025.05.15 14:31:54.624   get /dev12195/qachannels/0/generator/waveforms/0/wave -
2025.05.15 14:31:54.625   set /dev12195/qachannels/0/generator/waveforms/0/wave vector (32000 B)
2025.05.15 14:31:54.625   get /dev12195/qachannels/0/generator/waveforms/0/wave -
2025.05.15 14:31:54.625   set /dev12195/qachannels/0/generator/waveforms/0/wave vector (32000 B)
2025.05.15 14:31:54.625   get /dev12195/qachannels/0/generator/waveforms/0/wave -
2025.05.15 14:31:54.625   set /dev12195/qachannels/0/generator/waveforms/0/wave vector (32000 B)
2025.05.15 14:31:54.625   get /dev12195/qachannels/0/generator/waveforms/0/wave -
2025.05.15 14:31:54.625   set /dev12195/qachannels/0/generator/waveforms/0/wave vector (32000 B)
2025.05.15 14:31:54.626   get /dev12195/qachannels/0/generator/waveforms/0/wave -
2025.05.15 14:31:54.626   set /dev12195/qachannels/0/generator/waveforms/0/wave vector (32000 B)
2025.05.15 14:31:54.626   get /dev12195/qachannels/0/generator/waveforms/0/wave -
2025.05.15 14:31:54.626   set /dev12195/qachannels/0/generator/waveforms/0/wave vector (32000 B)
2025.05.15 14:31:54.626   get /dev12195/qachannels/0/generator/waveforms/0/wave -
2025.05.15 14:31:54.626   set /dev12195/qachannels/0/generator/waveforms/0/wave vector (32000 B)
2025.05.15 14:31:54.626   get /dev12195/qachannels/0/generator/waveforms/0/wave -
2025.05.15 14:31:54.627   set /dev12195/qachannels/0/generator/waveforms/0/wave vector (32000 B)
2025.05.15 14:31:54.627   get /dev12195/qachannels/0/generator/waveforms/0/wave -
2025.05.15 14:31:54.627   set /dev12195/qachannels/0/generator/waveforms/0/wave vector (32000 B)
2025.05.15 14:31:54.627   get /dev12195/qachannels/0/generator/waveforms/0/wave -
2025.05.15 14:31:54.627   set /dev12195/qachannels/0/generator/waveforms/0/wave vector (32000 B)
2025.05.15 14:31:54.627   get /dev12195/qachannels/0/generator/waveforms/0/wave -
2025.05.15 14:31:54.627   set /dev12195/qachannels/0/generator/waveforms/0/wave vector (32000 B)
2025.05.15 14:31:54.628   get /dev12195/qachannels/0/generator/waveforms/0/wave -
2025.05.15 14:31:54.628   set /dev12195/qachannels/0/generator/waveforms/0/wave vector (32000 B)
2025.05.15 14:31:54.628   get /dev12195/qachannels/0/generator/waveforms/0/wave -
2025.05.15 14:31:54.628   set /dev12195/qachannels/0/generator/waveforms/0/wave vector (32000 B)
2025.05.15 14:31:54.628   get /dev12195/qachannels/0/generator/waveforms/0/wave -
2025.05.15 14:31:54.628   set /dev12195/qachannels/0/generator/waveforms/0/wave vector (32000 B)
2025.05.15 14:31:54.628   get /dev12195/qachannels/0/generator/waveforms/0/wave -
2025.05.15 14:31:54.629   set /dev12195/qachannels/0/generator/waveforms/0/wave vector (32000 B)
2025.05.15 14:31:54.629   get /dev12195/qachannels/0/generator/waveforms/0/wave -
2025.05.15 14:31:54.629   set /dev12195/qachannels/0/generator/waveforms/0/wave vector (32000 B)
2025.05.15 14:31:54.629   get /dev12195/qachannels/0/generator/waveforms/0/wave -
2025.05.15 14:31:54.629   set /dev12195/qachannels/0/generator/waveforms/0/wave vector (32000 B)
2025.05.15 14:31:54.629   get /dev12195/qachannels/0/generator/waveforms/0/wave -
2025.05.15 14:31:54.629   set /dev12195/qachannels/0/generator/waveforms/0/wave vector (32000 B)
2025.05.15 14:31:54.630   get /dev12195/qachannels/0/generator/waveforms/0/wave -
2025.05.15 14:31:54.630   set /dev12195/qachannels/0/generator/waveforms/0/wave vector (32000 B)
2025.05.15 14:31:54.630   get /dev12195/qachannels/0/generator/waveforms/0/wave -
2025.05.15 14:31:54.630   set /dev12195/qachannels/0/generator/waveforms/0/wave vector (32000 B)
2025.05.15 14:31:54.630   get /dev12195/qachannels/0/generator/waveforms/0/wave -
2025.05.15 14:31:54.630   set /dev12195/qachannels/0/generator/waveforms/0/wave vector (32000 B)
2025.05.15 14:31:54.631   get /dev12195/qachannels/0/generator/waveforms/0/wave -
2025.05.15 14:31:54.631   set /dev12195/qachannels/0/generator/waveforms/0/wave vector (32000 B)
2025.05.15 14:31:54.631   get /dev12195/qachannels/0/generator/waveforms/0/wave -
2025.05.15 14:31:54.631   set /dev12195/qachannels/0/generator/waveforms/0/wave vector (32000 B)
2025.05.15 14:31:54.631   get /dev12195/qachannels/0/generator/waveforms/0/wave -
2025.05.15 14:31:54.631   set /dev12195/qachannels/0/generator/waveforms/0/wave vector (32000 B)
2025.05.15 14:31:54.631   get /dev12195/qachannels/0/generator/waveforms/0/wave -
2025.05.15 14:31:54.632   set /dev12195/qachannels/0/generator/waveforms/0/wave vector (32000 B)
2025.05.15 14:31:54.632   get /dev12195/qachannels/0/generator/waveforms/0/wave -
2025.05.15 14:31:54.632   set /dev12195/qachannels/0/generator/waveforms/0/wave vector (32000 B)
2025.05.15 14:31:54.632   get /dev12195/qachannels/0/generator/waveforms/0/wave -
2025.05.15 14:31:54.632   set /dev12195/qachannels/0/generator/waveforms/0/wave vector (32000 B)
2025.05.15 14:31:54.632   get /dev12195/qachannels/0/generator/waveforms/0/wave -
2025.05.15 14:31:54.632   set /dev12195/qachannels/0/generator/waveforms/0/wave vector (32000 B)
2025.05.15 14:31:54.633   get /dev12195/qachannels/0/generator/waveforms/0/wave -
2025.05.15 14:31:54.633   set /dev12195/qachannels/0/generator/waveforms/0/wave vector (32000 B)
2025.05.15 14:31:54.633   get /dev12195/qachannels/0/generator/waveforms/0/wave -
2025.05.15 14:31:54.633   set /dev12195/qachannels/0/generator/waveforms/0/wave vector (32000 B)
2025.05.15 14:31:54.633   get /dev12195/qachannels/0/generator/waveforms/0/wave -
2025.05.15 14:31:54.633   set /dev12195/qachannels/0/generator/waveforms/0/wave vector (32000 B)
2025.05.15 14:31:54.633   get /dev12195/qachannels/0/generator/waveforms/0/wave -
2025.05.15 14:31:54.634   set /dev12195/qachannels/0/generator/waveforms/0/wave vector (32000 B)
2025.05.15 14:31:54.634   get /dev12195/qachannels/0/generator/waveforms/0/wave -
2025.05.15 14:31:54.634   set /dev12195/qachannels/0/generator/waveforms/0/wave vector (32000 B)
2025.05.15 14:31:54.635   get /dev12195/qachannels/0/generator/waveforms/0/wave -
2025.05.15 14:31:54.635   set /dev12195/qachannels/0/generator/waveforms/0/wave vector (32000 B)
2025.05.15 14:31:54.635   get /dev12195/qachannels/0/generator/waveforms/0/wave -
2025.05.15 14:31:54.635   set /dev12195/qachannels/0/generator/waveforms/0/wave vector (32000 B)
2025.05.15 14:31:54.635   get /dev12195/qachannels/0/generator/waveforms/0/wave -
2025.05.15 14:31:54.635   set /dev12195/qachannels/0/generator/waveforms/0/wave vector (32000 B)
2025.05.15 14:31:54.635   get /dev12195/qachannels/0/generator/waveforms/0/wave -
2025.05.15 14:31:54.636   set /dev12195/qachannels/0/generator/waveforms/0/wave vector (32000 B)
2025.05.15 14:31:54.636   get /dev12195/qachannels/0/generator/waveforms/0/wave -
2025.05.15 14:31:54.636   set /dev12195/qachannels/0/generator/waveforms/0/wave vector (32000 B)
2025.05.15 14:31:54.636   get /dev12195/qachannels/0/generator/waveforms/0/wave -
2025.05.15 14:31:54.636   set /dev12195/qachannels/0/generator/waveforms/0/wave vector (32000 B)
2025.05.15 14:31:54.636   get /dev12195/qachannels/0/generator/waveforms/0/wave -
2025.05.15 14:31:54.637   set /dev12195/qachannels/0/generator/waveforms/0/wave vector (32000 B)
2025.05.15 14:31:54.637   get /dev12195/qachannels/0/generator/waveforms/0/wave -
2025.05.15 14:31:54.637   set /dev12195/qachannels/0/generator/waveforms/0/wave vector (32000 B)
2025.05.15 14:31:54.637   get /dev12195/qachannels/0/generator/waveforms/0/wave -
2025.05.15 14:31:54.637   set /dev12195/qachannels/0/generator/waveforms/0/wave vector (32000 B)
2025.05.15 14:31:54.637   get /dev12195/qachannels/0/generator/waveforms/0/wave -
2025.05.15 14:31:54.637   set /dev12195/qachannels/0/generator/waveforms/0/wave vector (32000 B)
2025.05.15 14:31:54.638   get /dev12195/qachannels/0/generator/waveforms/0/wave -
2025.05.15 14:31:54.638   set /dev12195/qachannels/0/generator/waveforms/0/wave vector (32000 B)
2025.05.15 14:31:54.638   get /dev12195/qachannels/0/generator/waveforms/0/wave -
2025.05.15 14:31:54.638   set /dev12195/qachannels/0/generator/waveforms/0/wave vector (32000 B)
2025.05.15 14:31:54.638   get /dev12195/qachannels/0/generator/waveforms/0/wave -
2025.05.15 14:31:54.638   set /dev12195/qachannels/0/generator/waveforms/0/wave vector (32000 B)
2025.05.15 14:31:54.638   get /dev12195/qachannels/0/generator/waveforms/0/wave -
2025.05.15 14:31:54.639   set /dev12195/qachannels/0/generator/waveforms/0/wave vector (32000 B)
2025.05.15 14:31:54.639   get /dev12195/qachannels/0/generator/waveforms/0/wave -
2025.05.15 14:31:54.639   set /dev12195/qachannels/0/generator/waveforms/0/wave vector (32000 B)
2025.05.15 14:31:54.639   get /dev12195/qachannels/0/generator/waveforms/0/wave -
2025.05.15 14:31:54.639   set /dev12195/qachannels/0/generator/waveforms/0/wave vector (32000 B)
2025.05.15 14:31:54.639   get /dev12195/qachannels/0/generator/waveforms/0/wave -
2025.05.15 14:31:54.639   set /dev12195/qachannels/0/generator/waveforms/0/wave vector (32000 B)
2025.05.15 14:31:54.640   get /dev12195/qachannels/0/generator/waveforms/0/wave -
2025.05.15 14:31:54.640   set /dev12195/qachannels/0/generator/waveforms/0/wave vector (32000 B)
2025.05.15 14:31:54.640   get /dev12195/qachannels/0/generator/waveforms/0/wave -
2025.05.15 14:31:54.640   set /dev12195/qachannels/0/generator/waveforms/0/wave vector (32000 B)
2025.05.15 14:31:54.640   get /dev12195/qachannels/0/generator/waveforms/0/wave -
2025.05.15 14:31:54.640   set /dev12195/qachannels/0/generator/waveforms/0/wave vector (32000 B)
2025.05.15 14:31:54.640   get /dev12195/qachannels/0/generator/waveforms/0/wave -
2025.05.15 14:31:54.641   set /dev12195/qachannels/0/generator/waveforms/0/wave vector (32000 B)
2025.05.15 14:31:54.641   get /dev12195/qachannels/0/generator/waveforms/0/wave -
2025.05.15 14:31:54.641   set /dev12195/qachannels/0/generator/waveforms/0/wave vector (32000 B)
2025.05.15 14:31:54.641   get /dev12195/qachannels/0/generator/waveforms/0/wave -
2025.05.15 14:31:54.641   set /dev12195/qachannels/0/generator/waveforms/0/wave vector (32000 B)
2025.05.15 14:31:54.641   get /dev12195/qachannels/0/generator/waveforms/0/wave -
2025.05.15 14:31:54.641   set /dev12195/qachannels/0/generator/waveforms/0/wave vector (32000 B)
2025.05.15 14:31:54.642   get /dev12195/qachannels/0/generator/waveforms/0/wave -
2025.05.15 14:31:54.642   set /dev12195/qachannels/0/generator/waveforms/0/wave vector (32000 B)
2025.05.15 14:31:54.642   get /dev12195/qachannels/0/generator/waveforms/0/wave -
2025.05.15 14:31:54.642   set /dev12195/qachannels/0/generator/waveforms/0/wave vector (32000 B)
2025.05.15 14:31:54.642   get /dev12195/qachannels/0/generator/waveforms/0/wave -
2025.05.15 14:31:54.642   set /dev12195/qachannels/0/generator/waveforms/0/wave vector (32000 B)
2025.05.15 14:31:54.642   get /dev12195/qachannels/0/generator/waveforms/0/wave -
2025.05.15 14:31:54.643   set /dev12195/qachannels/0/generator/waveforms/0/wave vector (32000 B)
2025.05.15 14:31:54.643   get /dev12195/qachannels/0/generator/waveforms/0/wave -
2025.05.15 14:31:54.643   set /dev12195/qachannels/0/generator/waveforms/0/wave vector (32000 B)
2025.05.15 14:31:54.643   get /dev12195/qachannels/0/generator/waveforms/0/wave -
2025.05.15 14:31:54.643   set /dev12195/qachannels/0/generator/waveforms/0/wave vector (32000 B)
2025.05.15 14:31:54.643   get /dev12195/qachannels/0/generator/waveforms/0/wave -
2025.05.15 14:31:54.644   set /dev12195/qachannels/0/generator/waveforms/0/wave vector (32000 B)
2025.05.15 14:31:54.644   get /dev12195/qachannels/0/generator/waveforms/0/wave -
2025.05.15 14:31:54.644   set /dev12195/qachannels/0/generator/waveforms/0/wave vector (32000 B)
2025.05.15 14:31:54.644   get /dev12195/qachannels/0/generator/waveforms/0/wave -
2025.05.15 14:31:54.644   set /dev12195/qachannels/0/generator/waveforms/0/wave vector (32000 B)
2025.05.15 14:31:54.644   get /dev12195/qachannels/0/generator/waveforms/0/wave -
2025.05.15 14:31:54.644   set /dev12195/qachannels/0/generator/waveforms/0/wave vector (32000 B)
2025.05.15 14:31:54.645   get /dev12195/qachannels/0/generator/waveforms/0/wave -
2025.05.15 14:31:54.645   set /dev12195/qachannels/0/generator/waveforms/0/wave vector (32000 B)
2025.05.15 14:31:54.645   get /dev12195/qachannels/0/generator/waveforms/0/wave -
2025.05.15 14:31:54.645   set /dev12195/qachannels/0/generator/waveforms/0/wave vector (32000 B)
2025.05.15 14:31:54.645   get /dev12195/qachannels/0/generator/waveforms/0/wave -
2025.05.15 14:31:54.645   set /dev12195/qachannels/0/generator/waveforms/0/wave vector (32000 B)
2025.05.15 14:31:54.645   get /dev12195/qachannels/0/generator/waveforms/0/wave -
2025.05.15 14:31:54.646   set /dev12195/qachannels/0/generator/waveforms/0/wave vector (32000 B)
2025.05.15 14:31:54.646   get /dev12195/qachannels/0/generator/waveforms/0/wave -
2025.05.15 14:31:54.646   set /dev12195/qachannels/0/generator/waveforms/0/wave vector (32000 B)
2025.05.15 14:31:54.646   get /dev12195/qachannels/0/generator/waveforms/0/wave -
2025.05.15 14:31:54.646   set /dev12195/qachannels/0/generator/waveforms/0/wave vector (32000 B)
2025.05.15 14:31:54.646   get /dev12195/qachannels/0/generator/waveforms/0/wave -
2025.05.15 14:31:54.646   set /dev12195/qachannels/0/generator/waveforms/0/wave vector (32000 B)
2025.05.15 14:31:54.647   get /dev12195/qachannels/0/generator/waveforms/0/wave -
2025.05.15 14:31:54.647   set /dev12195/qachannels/0/generator/waveforms/0/wave vector (32000 B)
2025.05.15 14:31:54.647   get /dev12195/qachannels/0/generator/waveforms/0/wave -
2025.05.15 14:31:54.647   set /dev12195/qachannels/0/generator/waveforms/0/wave vector (32000 B)
2025.05.15 14:31:54.647   get /dev12195/qachannels/0/generator/waveforms/0/wave -
2025.05.15 14:31:54.647   set /dev12195/qachannels/0/generator/waveforms/0/wave vector (32000 B)
2025.05.15 14:31:54.647   get /dev12195/qachannels/0/generator/waveforms/0/wave -
2025.05.15 14:31:54.648   set /dev12195/qachannels/0/generator/waveforms/0/wave vector (32000 B)
2025.05.15 14:31:54.648   get /dev12195/qachannels/0/generator/waveforms/0/wave -
2025.05.15 14:31:54.648   set /dev12195/qachannels/0/generator/waveforms/0/wave vector (32000 B)
2025.05.15 14:31:54.648   get /dev12195/qachannels/0/generator/waveforms/0/wave -
2025.05.15 14:31:54.648   set /dev12195/qachannels/0/generator/waveforms/0/wave vector (32000 B)
2025.05.15 14:31:54.648   get /dev12195/qachannels/0/generator/waveforms/0/wave -
2025.05.15 14:31:54.648   set /dev12195/qachannels/0/generator/waveforms/0/wave vector (32000 B)
2025.05.15 14:31:54.649   get /dev12195/qachannels/0/generator/waveforms/0/wave -
2025.05.15 14:31:54.649   set /dev12195/qachannels/0/generator/waveforms/0/wave vector (32000 B)
2025.05.15 14:31:54.649   get /dev12195/qachannels/0/generator/waveforms/0/wave -
2025.05.15 14:31:54.649   set /dev12195/qachannels/0/generator/waveforms/0/wave vector (32000 B)
2025.05.15 14:31:54.649   get /dev12195/qachannels/0/generator/waveforms/0/wave -
2025.05.15 14:31:54.649   set /dev12195/qachannels/0/generator/waveforms/0/wave vector (32000 B)
2025.05.15 14:31:54.649   get /dev12195/qachannels/0/generator/waveforms/0/wave -
2025.05.15 14:31:54.650   set /dev12195/qachannels/0/generator/waveforms/0/wave vector (32000 B)
2025.05.15 14:31:54.650   get /dev12195/qachannels/0/generator/waveforms/0/wave -
2025.05.15 14:31:54.650   set /dev12195/qachannels/0/generator/waveforms/0/wave vector (32000 B)
2025.05.15 14:31:54.650   get /dev12195/qachannels/0/generator/waveforms/0/wave -
2025.05.15 14:31:54.650   set /dev12195/qachannels/0/generator/waveforms/0/wave vector (32000 B)
2025.05.15 14:31:54.651   get /dev12195/qachannels/0/generator/waveforms/0/wave -
2025.05.15 14:31:54.651   set /dev12195/qachannels/0/generator/waveforms/0/wave vector (32000 B)
2025.05.15 14:31:54.651   get /dev12195/qachannels/0/generator/waveforms/0/wave -
2025.05.15 14:31:54.651   set /dev12195/qachannels/0/generator/waveforms/0/wave vector (32000 B)
2025.05.15 14:31:54.651   get /dev12195/qachannels/0/generator/waveforms/0/wave -
2025.05.15 14:31:54.651   set /dev12195/qachannels/0/generator/waveforms/0/wave vector (32000 B)
2025.05.15 14:31:54.651   get /dev12195/qachannels/0/generator/waveforms/0/wave -
2025.05.15 14:31:54.652   set /dev12195/qachannels/0/generator/waveforms/0/wave vector (32000 B)
2025.05.15 14:31:54.652   get /dev12195/qachannels/0/generator/waveforms/0/wave -
2025.05.15 14:31:54.652   set /dev12195/qachannels/0/generator/waveforms/0/wave vector (32000 B)
2025.05.15 14:31:54.652   get /dev12195/qachannels/0/generator/waveforms/0/wave -
2025.05.15 14:31:54.652   set /dev12195/qachannels/0/generator/waveforms/0/wave vector (32000 B)
2025.05.15 14:31:54.652   get /dev12195/qachannels/0/generator/waveforms/0/wave -
2025.05.15 14:31:54.653   set /dev12195/qachannels/0/generator/waveforms/0/wave vector (32000 B)
2025.05.15 14:31:54.653   get /dev12195/qachannels/0/generator/waveforms/0/wave -
2025.05.15 14:31:54.653   set /dev12195/qachannels/0/generator/waveforms/0/wave vector (32000 B)
2025.05.15 14:31:54.653   get /dev12195/qachannels/0/generator/waveforms/0/wave -
2025.05.15 14:31:54.653   set /dev12195/qachannels/0/generator/waveforms/0/wave vector (32000 B)
2025.05.15 14:31:54.653   get /dev12195/qachannels/0/generator/waveforms/0/wave -
2025.05.15 14:31:54.653   set /dev12195/qachannels/0/generator/waveforms/0/wave vector (32000 B)
2025.05.15 14:31:54.654   get /dev12195/qachannels/0/generator/waveforms/0/wave -
2025.05.15 14:31:54.654   set /dev12195/qachannels/0/generator/waveforms/0/wave vector (32000 B)
2025.05.15 14:31:54.654   get /dev12195/qachannels/0/generator/waveforms/0/wave -
2025.05.15 14:31:54.654   set /dev12195/qachannels/0/generator/waveforms/0/wave vector (32000 B)
2025.05.15 14:31:54.654   get /dev12195/qachannels/0/generator/waveforms/0/wave -
2025.05.15 14:31:54.654   set /dev12195/qachannels/0/generator/waveforms/0/wave vector (32000 B)
2025.05.15 14:31:54.654   get /dev12195/qachannels/0/generator/waveforms/0/wave -
2025.05.15 14:31:54.655   set /dev12195/qachannels/0/spectroscopy/envelope/enable 0
2025.05.15 14:31:54.655   set /dev12195/qachannels/0/readout/multistate/qudits/0/weights/0/wave vector (64000 B)
2025.05.15 14:31:54.655   set /dev12195/qachannels/0/readout/integration/length 4000
2025.05.15 14:31:54.656   set /dev12195/sgchannels/4/awg/enable 1
2025.05.15 14:31:54.656   set /dev12195/qachannels/0/generator/enable 1
2025.05.15 14:31:54.656   set /dev12195/system/internaltrigger/enable 1
2025.05.15 14:31:54.657   set /dev12195/raw/system/awg/runtimechecks/enable 0
2025.05.15 14:31:54.657   set /dev12195/qachannels/0/readout/result/enable 0
2025.05.15 14:31:54.658   get /dev12195/raw/error/json/errors -
2025.05.15 14:31:54.659   get /dev12195/raw/error/json/errors -
2025.05.15 14:31:54.659   set /dev12195/qachannels/0/spectroscopy/envelope/enable 1
2025.05.15 14:31:56.899 Node log from the data server with id 'zi_server':
2025.05.15 14:31:56.900   set /dev12195/raw/error/clear 1
2025.05.15 14:31:56.900   set /dev12195/sgchannels/0/pipeliner/mode 0
2025.05.15 14:31:56.900   set /dev12195/sgchannels/1/pipeliner/mode 0
2025.05.15 14:31:56.900   set /dev12195/sgchannels/2/pipeliner/mode 0
2025.05.15 14:31:56.901   set /dev12195/sgchannels/3/pipeliner/mode 0
2025.05.15 14:31:56.901   set /dev12195/sgchannels/4/pipeliner/mode 0
2025.05.15 14:31:56.901   set /dev12195/sgchannels/5/pipeliner/mode 0
2025.05.15 14:31:56.901   set /dev12195/sgchannels/0/synchronization/enable 0
2025.05.15 14:31:56.901   set /dev12195/sgchannels/1/synchronization/enable 0
2025.05.15 14:31:56.901   set /dev12195/sgchannels/2/synchronization/enable 0
2025.05.15 14:31:56.901   set /dev12195/sgchannels/3/synchronization/enable 0
2025.05.15 14:31:56.902   set /dev12195/sgchannels/4/synchronization/enable 0
2025.05.15 14:31:56.902   set /dev12195/sgchannels/5/synchronization/enable 0
2025.05.15 14:31:56.903   set /dev12195/sgchannels/0/awg/enable 0
2025.05.15 14:31:56.903   set /dev12195/sgchannels/1/awg/enable 0
2025.05.15 14:31:56.903   set /dev12195/sgchannels/2/awg/enable 0
2025.05.15 14:31:56.903   set /dev12195/sgchannels/3/awg/enable 0
2025.05.15 14:31:56.903   set /dev12195/sgchannels/4/awg/enable 0
2025.05.15 14:31:56.903   set /dev12195/sgchannels/5/awg/enable 0
2025.05.15 14:31:56.904   set /dev12195/system/synchronization/source 0
2025.05.15 14:31:56.905   set /dev12195/system/internaltrigger/synchronization/enable 0
2025.05.15 14:31:56.905   set /dev12195/scopes/0/enable 0
2025.05.15 14:31:56.905   set /dev12195/qachannels/0/pipeliner/mode 0
2025.05.15 14:31:56.905   set /dev12195/qachannels/0/synchronization/enable 0
2025.05.15 14:31:56.905   set /dev12195/qachannels/0/generator/enable 0
2025.05.15 14:31:56.906   set /dev12195/qachannels/0/readout/result/enable 0
2025.05.15 14:31:56.906   set /dev12195/qachannels/0/spectroscopy/psd/enable 0
2025.05.15 14:31:56.906   set /dev12195/qachannels/0/spectroscopy/result/enable 0
2025.05.15 14:31:56.906   set /dev12195/qachannels/0/output/rflfinterlock 1
2025.05.15 14:31:56.906   set /dev12195/qachannels/0/oscs/0/gain 1
2025.05.15 14:31:56.906   set /dev12195/scopes/0/channels/0/enable 0
2025.05.15 14:31:56.907   set /dev12195/scopes/0/channels/1/enable 0
2025.05.15 14:31:56.907   set /dev12195/scopes/0/channels/2/enable 0
2025.05.15 14:31:56.907   set /dev12195/scopes/0/channels/3/enable 0
2025.05.15 14:31:56.912   get /dev12195/sgchannels/0/output/overrangecount -
2025.05.15 14:31:56.912   get /dev12195/sgchannels/1/output/overrangecount -
2025.05.15 14:31:56.912   get /dev12195/sgchannels/2/output/overrangecount -
2025.05.15 14:31:56.912   get /dev12195/sgchannels/3/output/overrangecount -
2025.05.15 14:31:56.912   get /dev12195/sgchannels/4/output/overrangecount -
2025.05.15 14:31:56.913   get /dev12195/sgchannels/5/output/overrangecount -
2025.05.15 14:31:56.913   get /dev12195/qachannels/0/output/overrangecount -
2025.05.15 14:31:56.913   get /dev12195/qachannels/0/input/overrangecount -
2025.05.15 14:31:56.913   set /dev12195/sgchannels/4/output/on 1
2025.05.15 14:31:56.913   set /dev12195/sgchannels/4/awg/single 1
2025.05.15 14:31:56.913   set /dev12195/sgchannels/4/awg/modulation/enable 1
2025.05.15 14:31:56.914   set /dev12195/sgchannels/4/marker/source 0
2025.05.15 14:31:56.914   set /dev12195/sgchannels/4/trigger/delay 0
2025.05.15 14:31:56.914   set /dev12195/sgchannels/4/output/rflfpath 1
2025.05.15 14:31:56.914   set /dev12195/sgchannels/4/output/muting/enable 0
2025.05.15 14:31:56.914   set /dev12195/sgchannels/4/sines/0/oscselect 0
2025.05.15 14:31:56.914   set /dev12195/sgchannels/4/sines/0/harmonic 1
2025.05.15 14:31:56.914   set /dev12195/sgchannels/4/sines/0/phaseshift 0
2025.05.15 14:31:56.914   set /dev12195/qachannels/0/output/on 1
2025.05.15 14:31:56.914   set /dev12195/qachannels/0/generator/single 1
2025.05.15 14:31:56.914   set /dev12195/qachannels/0/output/muting/enable 0
2025.05.15 14:31:56.914   set /dev12195/qachannels/0/input/rflfpath 1
2025.05.15 14:31:56.916   set /dev12195/qachannels/0/input/on 1
2025.05.15 14:31:56.916   set /dev12195/sgchannels/4/oscs/0/freq 4e+07
2025.05.15 14:31:56.916   set /dev12195/sgchannels/4/awg/auxtriggers/0/slope 1
2025.05.15 14:31:56.916   set /dev12195/sgchannels/4/awg/auxtriggers/0/channel 8
2025.05.15 14:31:56.916   set /dev12195/system/internaltrigger/enable 0
2025.05.15 14:31:56.916   set /dev12195/system/internaltrigger/repetitions 1
2025.05.15 14:31:56.916   set /dev12195/qachannels/0/markers/0/source 32
2025.05.15 14:31:56.916   set /dev12195/qachannels/0/markers/1/source 36
2025.05.15 14:31:56.916   set /dev12195/qachannels/0/generator/auxtriggers/0/channel 8
2025.05.15 14:31:56.917   set /dev12195/sgchannels/4/oscs/0/freq 4e+07
2025.05.15 14:31:56.917   set /dev12195/synthesizers/3/centerfreq 3.6e+09
2025.05.15 14:31:56.917   set /dev12195/sgchannels/4/output/delay 0
2025.05.15 14:31:56.917   set /dev12195/qachannels/0/centerfreq 6.8e+09
2025.05.15 14:31:56.917   set /dev12195/qachannels/0/generator/delay 0
2025.05.15 14:31:56.917   set /dev12195/qachannels/0/readout/integration/delay 2.12e-07
2025.05.15 14:31:56.918   set /dev12195/qachannels/0/mode 1
2025.05.15 14:31:56.918   set /dev12195/qachannels/0/readout/multistate/qudits/0/enable 0
2025.05.15 14:31:56.918   set /dev12195/qachannels/0/readout/multistate/qudits/1/enable 0
2025.05.15 14:31:56.919   set /dev12195/qachannels/0/readout/multistate/qudits/2/enable 0
2025.05.15 14:31:56.919   set /dev12195/qachannels/0/readout/multistate/qudits/3/enable 0
2025.05.15 14:31:56.919   set /dev12195/qachannels/0/readout/multistate/qudits/4/enable 0
2025.05.15 14:31:56.919   set /dev12195/qachannels/0/readout/multistate/qudits/5/enable 0
2025.05.15 14:31:56.919   set /dev12195/qachannels/0/readout/multistate/qudits/6/enable 0
2025.05.15 14:31:56.919   set /dev12195/qachannels/0/readout/multistate/qudits/7/enable 0
2025.05.15 14:31:56.919   set /dev12195/qachannels/0/readout/multistate/enable 1
2025.05.15 14:31:56.920   set /dev12195/qachannels/0/readout/multistate/zsync/packed 1
2025.05.15 14:31:56.920   set /dev12195/qachannels/0/readout/multistate/qudits/0/numstates 2
2025.05.15 14:31:56.920   set /dev12195/qachannels/0/readout/multistate/qudits/0/enable 1
2025.05.15 14:31:56.921   set /dev12195/qachannels/0/readout/multistate/qudits/0/assignmentvec vector (8 B)
2025.05.15 14:31:56.921   set /dev12195/sgchannels/4/awg/elf/data vector (1528 B)
2025.05.15 14:31:56.921   set /dev12195/sgchannels/4/awg/commandtable/data vector (152 B)
2025.05.15 14:31:56.921   set /dev12195/qachannels/0/readout/result/enable 0
2025.05.15 14:31:56.921   set /dev12195/qachannels/0/readout/result/source 1
2025.05.15 14:31:56.921   set /dev12195/qachannels/0/readout/result/length 101
2025.05.15 14:31:56.921   set /dev12195/qachannels/0/readout/result/averages 256
2025.05.15 14:31:56.921   set /dev12195/qachannels/0/readout/result/mode 0
2025.05.15 14:31:56.921   set /dev12195/qachannels/0/readout/multistate/qudits/0/thresholds/0/value 0
2025.05.15 14:31:56.921   set /dev12195/qachannels/0/readout/result/enable 1
2025.05.15 14:31:56.922   set /dev12195/qachannels/0/spectroscopy/result/enable 0
2025.05.15 14:31:56.922   set /dev12195/scopes/0/enable 0
2025.05.15 14:31:56.922   set /dev12195/qachannels/0/generator/elf/data vector (1996 B)
2025.05.15 14:31:56.922   set /dev12195/qachannels/0/generator/clearwave 1
2025.05.15 14:31:56.923   set /dev12195/qachannels/0/generator/waveforms/0/wave vector (32000 B)
2025.05.15 14:31:56.923   get /dev12195/qachannels/0/generator/waveforms/0/wave -
2025.05.15 14:31:56.923   set /dev12195/qachannels/0/generator/waveforms/0/wave vector (32000 B)
2025.05.15 14:31:56.923   get /dev12195/qachannels/0/generator/waveforms/0/wave -
2025.05.15 14:31:56.923   set /dev12195/qachannels/0/generator/waveforms/0/wave vector (32000 B)
2025.05.15 14:31:56.923   get /dev12195/qachannels/0/generator/waveforms/0/wave -
2025.05.15 14:31:56.923   set /dev12195/qachannels/0/generator/waveforms/0/wave vector (32000 B)
2025.05.15 14:31:56.923   get /dev12195/qachannels/0/generator/waveforms/0/wave -
2025.05.15 14:31:56.923   set /dev12195/qachannels/0/generator/waveforms/0/wave vector (32000 B)
2025.05.15 14:31:56.923   get /dev12195/qachannels/0/generator/waveforms/0/wave -
2025.05.15 14:31:56.924   set /dev12195/qachannels/0/generator/waveforms/0/wave vector (32000 B)
2025.05.15 14:31:56.924   get /dev12195/qachannels/0/generator/waveforms/0/wave -
2025.05.15 14:31:56.924   set /dev12195/qachannels/0/generator/waveforms/0/wave vector (32000 B)
2025.05.15 14:31:56.924   get /dev12195/qachannels/0/generator/waveforms/0/wave -
2025.05.15 14:31:56.924   set /dev12195/qachannels/0/generator/waveforms/0/wave vector (32000 B)
2025.05.15 14:31:56.924   get /dev12195/qachannels/0/generator/waveforms/0/wave -
2025.05.15 14:31:56.924   set /dev12195/qachannels/0/generator/waveforms/0/wave vector (32000 B)
2025.05.15 14:31:56.925   get /dev12195/qachannels/0/generator/waveforms/0/wave -
2025.05.15 14:31:56.925   set /dev12195/qachannels/0/generator/waveforms/0/wave vector (32000 B)
2025.05.15 14:31:56.925   get /dev12195/qachannels/0/generator/waveforms/0/wave -
2025.05.15 14:31:56.925   set /dev12195/qachannels/0/generator/waveforms/0/wave vector (32000 B)
2025.05.15 14:31:56.925   get /dev12195/qachannels/0/generator/waveforms/0/wave -
2025.05.15 14:31:56.925   set /dev12195/qachannels/0/generator/waveforms/0/wave vector (32000 B)
2025.05.15 14:31:56.925   get /dev12195/qachannels/0/generator/waveforms/0/wave -
2025.05.15 14:31:56.926   set /dev12195/qachannels/0/generator/waveforms/0/wave vector (32000 B)
2025.05.15 14:31:56.926   get /dev12195/qachannels/0/generator/waveforms/0/wave -
2025.05.15 14:31:56.926   set /dev12195/qachannels/0/generator/waveforms/0/wave vector (32000 B)
2025.05.15 14:31:56.926   get /dev12195/qachannels/0/generator/waveforms/0/wave -
2025.05.15 14:31:56.926   set /dev12195/qachannels/0/generator/waveforms/0/wave vector (32000 B)
2025.05.15 14:31:56.926   get /dev12195/qachannels/0/generator/waveforms/0/wave -
2025.05.15 14:31:56.926   set /dev12195/qachannels/0/generator/waveforms/0/wave vector (32000 B)
2025.05.15 14:31:56.927   get /dev12195/qachannels/0/generator/waveforms/0/wave -
2025.05.15 14:31:56.927   set /dev12195/qachannels/0/generator/waveforms/0/wave vector (32000 B)
2025.05.15 14:31:56.927   get /dev12195/qachannels/0/generator/waveforms/0/wave -
2025.05.15 14:31:56.927   set /dev12195/qachannels/0/generator/waveforms/0/wave vector (32000 B)
2025.05.15 14:31:56.927   get /dev12195/qachannels/0/generator/waveforms/0/wave -
2025.05.15 14:31:56.927   set /dev12195/qachannels/0/generator/waveforms/0/wave vector (32000 B)
2025.05.15 14:31:56.927   get /dev12195/qachannels/0/generator/waveforms/0/wave -
2025.05.15 14:31:56.928   set /dev12195/qachannels/0/generator/waveforms/0/wave vector (32000 B)
2025.05.15 14:31:56.928   get /dev12195/qachannels/0/generator/waveforms/0/wave -
2025.05.15 14:31:56.928   set /dev12195/qachannels/0/generator/waveforms/0/wave vector (32000 B)
2025.05.15 14:31:56.928   get /dev12195/qachannels/0/generator/waveforms/0/wave -
2025.05.15 14:31:56.928   set /dev12195/qachannels/0/generator/waveforms/0/wave vector (32000 B)
2025.05.15 14:31:56.928   get /dev12195/qachannels/0/generator/waveforms/0/wave -
2025.05.15 14:31:56.928   set /dev12195/qachannels/0/generator/waveforms/0/wave vector (32000 B)
2025.05.15 14:31:56.929   get /dev12195/qachannels/0/generator/waveforms/0/wave -
2025.05.15 14:31:56.929   set /dev12195/qachannels/0/generator/waveforms/0/wave vector (32000 B)
2025.05.15 14:31:56.929   get /dev12195/qachannels/0/generator/waveforms/0/wave -
2025.05.15 14:31:56.929   set /dev12195/qachannels/0/generator/waveforms/0/wave vector (32000 B)
2025.05.15 14:31:56.929   get /dev12195/qachannels/0/generator/waveforms/0/wave -
2025.05.15 14:31:56.929   set /dev12195/qachannels/0/generator/waveforms/0/wave vector (32000 B)
2025.05.15 14:31:56.929   get /dev12195/qachannels/0/generator/waveforms/0/wave -
2025.05.15 14:31:56.930   set /dev12195/qachannels/0/generator/waveforms/0/wave vector (32000 B)
2025.05.15 14:31:56.930   get /dev12195/qachannels/0/generator/waveforms/0/wave -
2025.05.15 14:31:56.930   set /dev12195/qachannels/0/generator/waveforms/0/wave vector (32000 B)
2025.05.15 14:31:56.930   get /dev12195/qachannels/0/generator/waveforms/0/wave -
2025.05.15 14:31:56.930   set /dev12195/qachannels/0/generator/waveforms/0/wave vector (32000 B)
2025.05.15 14:31:56.930   get /dev12195/qachannels/0/generator/waveforms/0/wave -
2025.05.15 14:31:56.930   set /dev12195/qachannels/0/generator/waveforms/0/wave vector (32000 B)
2025.05.15 14:31:56.931   get /dev12195/qachannels/0/generator/waveforms/0/wave -
2025.05.15 14:31:56.931   set /dev12195/qachannels/0/generator/waveforms/0/wave vector (32000 B)
2025.05.15 14:31:56.931   get /dev12195/qachannels/0/generator/waveforms/0/wave -
2025.05.15 14:31:56.931   set /dev12195/qachannels/0/generator/waveforms/0/wave vector (32000 B)
2025.05.15 14:31:56.931   get /dev12195/qachannels/0/generator/waveforms/0/wave -
2025.05.15 14:31:56.931   set /dev12195/qachannels/0/generator/waveforms/0/wave vector (32000 B)
2025.05.15 14:31:56.933   get /dev12195/qachannels/0/generator/waveforms/0/wave -
2025.05.15 14:31:56.933   set /dev12195/qachannels/0/generator/waveforms/0/wave vector (32000 B)
2025.05.15 14:31:56.933   get /dev12195/qachannels/0/generator/waveforms/0/wave -
2025.05.15 14:31:56.933   set /dev12195/qachannels/0/generator/waveforms/0/wave vector (32000 B)
2025.05.15 14:31:56.933   get /dev12195/qachannels/0/generator/waveforms/0/wave -
2025.05.15 14:31:56.933   set /dev12195/qachannels/0/generator/waveforms/0/wave vector (32000 B)
2025.05.15 14:31:56.933   get /dev12195/qachannels/0/generator/waveforms/0/wave -
2025.05.15 14:31:56.934   set /dev12195/qachannels/0/generator/waveforms/0/wave vector (32000 B)
2025.05.15 14:31:56.934   get /dev12195/qachannels/0/generator/waveforms/0/wave -
2025.05.15 14:31:56.934   set /dev12195/qachannels/0/generator/waveforms/0/wave vector (32000 B)
2025.05.15 14:31:56.934   get /dev12195/qachannels/0/generator/waveforms/0/wave -
2025.05.15 14:31:56.934   set /dev12195/qachannels/0/generator/waveforms/0/wave vector (32000 B)
2025.05.15 14:31:56.934   get /dev12195/qachannels/0/generator/waveforms/0/wave -
2025.05.15 14:31:56.934   set /dev12195/qachannels/0/generator/waveforms/0/wave vector (32000 B)
2025.05.15 14:31:56.935   get /dev12195/qachannels/0/generator/waveforms/0/wave -
2025.05.15 14:31:56.935   set /dev12195/qachannels/0/generator/waveforms/0/wave vector (32000 B)
2025.05.15 14:31:56.935   get /dev12195/qachannels/0/generator/waveforms/0/wave -
2025.05.15 14:31:56.935   set /dev12195/qachannels/0/generator/waveforms/0/wave vector (32000 B)
2025.05.15 14:31:56.935   get /dev12195/qachannels/0/generator/waveforms/0/wave -
2025.05.15 14:31:56.935   set /dev12195/qachannels/0/generator/waveforms/0/wave vector (32000 B)
2025.05.15 14:31:56.935   get /dev12195/qachannels/0/generator/waveforms/0/wave -
2025.05.15 14:31:56.936   set /dev12195/qachannels/0/generator/waveforms/0/wave vector (32000 B)
2025.05.15 14:31:56.936   get /dev12195/qachannels/0/generator/waveforms/0/wave -
2025.05.15 14:31:56.936   set /dev12195/qachannels/0/generator/waveforms/0/wave vector (32000 B)
2025.05.15 14:31:56.936   get /dev12195/qachannels/0/generator/waveforms/0/wave -
2025.05.15 14:31:56.936   set /dev12195/qachannels/0/generator/waveforms/0/wave vector (32000 B)
2025.05.15 14:31:56.936   get /dev12195/qachannels/0/generator/waveforms/0/wave -
2025.05.15 14:31:56.936   set /dev12195/qachannels/0/generator/waveforms/0/wave vector (32000 B)
2025.05.15 14:31:56.937   get /dev12195/qachannels/0/generator/waveforms/0/wave -
2025.05.15 14:31:56.937   set /dev12195/qachannels/0/generator/waveforms/0/wave vector (32000 B)
2025.05.15 14:31:56.937   get /dev12195/qachannels/0/generator/waveforms/0/wave -
2025.05.15 14:31:56.937   set /dev12195/qachannels/0/generator/waveforms/0/wave vector (32000 B)
2025.05.15 14:31:56.937   get /dev12195/qachannels/0/generator/waveforms/0/wave -
2025.05.15 14:31:56.937   set /dev12195/qachannels/0/generator/waveforms/0/wave vector (32000 B)
2025.05.15 14:31:56.937   get /dev12195/qachannels/0/generator/waveforms/0/wave -
2025.05.15 14:31:56.938   set /dev12195/qachannels/0/generator/waveforms/0/wave vector (32000 B)
2025.05.15 14:31:56.938   get /dev12195/qachannels/0/generator/waveforms/0/wave -
2025.05.15 14:31:56.938   set /dev12195/qachannels/0/generator/waveforms/0/wave vector (32000 B)
2025.05.15 14:31:56.938   get /dev12195/qachannels/0/generator/waveforms/0/wave -
2025.05.15 14:31:56.938   set /dev12195/qachannels/0/generator/waveforms/0/wave vector (32000 B)
2025.05.15 14:31:56.938   get /dev12195/qachannels/0/generator/waveforms/0/wave -
2025.05.15 14:31:56.938   set /dev12195/qachannels/0/generator/waveforms/0/wave vector (32000 B)
2025.05.15 14:31:56.939   get /dev12195/qachannels/0/generator/waveforms/0/wave -
2025.05.15 14:31:56.939   set /dev12195/qachannels/0/generator/waveforms/0/wave vector (32000 B)
2025.05.15 14:31:56.939   get /dev12195/qachannels/0/generator/waveforms/0/wave -
2025.05.15 14:31:56.939   set /dev12195/qachannels/0/generator/waveforms/0/wave vector (32000 B)
2025.05.15 14:31:56.939   get /dev12195/qachannels/0/generator/waveforms/0/wave -
2025.05.15 14:31:56.939   set /dev12195/qachannels/0/generator/waveforms/0/wave vector (32000 B)
2025.05.15 14:31:56.939   get /dev12195/qachannels/0/generator/waveforms/0/wave -
2025.05.15 14:31:56.940   set /dev12195/qachannels/0/generator/waveforms/0/wave vector (32000 B)
2025.05.15 14:31:56.940   get /dev12195/qachannels/0/generator/waveforms/0/wave -
2025.05.15 14:31:56.940   set /dev12195/qachannels/0/generator/waveforms/0/wave vector (32000 B)
2025.05.15 14:31:56.940   get /dev12195/qachannels/0/generator/waveforms/0/wave -
2025.05.15 14:31:56.940   set /dev12195/qachannels/0/generator/waveforms/0/wave vector (32000 B)
2025.05.15 14:31:56.940   get /dev12195/qachannels/0/generator/waveforms/0/wave -
2025.05.15 14:31:56.941   set /dev12195/qachannels/0/generator/waveforms/0/wave vector (32000 B)
2025.05.15 14:31:56.941   get /dev12195/qachannels/0/generator/waveforms/0/wave -
2025.05.15 14:31:56.941   set /dev12195/qachannels/0/generator/waveforms/0/wave vector (32000 B)
2025.05.15 14:31:56.941   get /dev12195/qachannels/0/generator/waveforms/0/wave -
2025.05.15 14:31:56.941   set /dev12195/qachannels/0/generator/waveforms/0/wave vector (32000 B)
2025.05.15 14:31:56.941   get /dev12195/qachannels/0/generator/waveforms/0/wave -
2025.05.15 14:31:56.941   set /dev12195/qachannels/0/generator/waveforms/0/wave vector (32000 B)
2025.05.15 14:31:56.941   get /dev12195/qachannels/0/generator/waveforms/0/wave -
2025.05.15 14:31:56.942   set /dev12195/qachannels/0/generator/waveforms/0/wave vector (32000 B)
2025.05.15 14:31:56.942   get /dev12195/qachannels/0/generator/waveforms/0/wave -
2025.05.15 14:31:56.942   set /dev12195/qachannels/0/generator/waveforms/0/wave vector (32000 B)
2025.05.15 14:31:56.942   get /dev12195/qachannels/0/generator/waveforms/0/wave -
2025.05.15 14:31:56.942   set /dev12195/qachannels/0/generator/waveforms/0/wave vector (32000 B)
2025.05.15 14:31:56.942   get /dev12195/qachannels/0/generator/waveforms/0/wave -
2025.05.15 14:31:56.943   set /dev12195/qachannels/0/generator/waveforms/0/wave vector (32000 B)
2025.05.15 14:31:56.943   get /dev12195/qachannels/0/generator/waveforms/0/wave -
2025.05.15 14:31:56.943   set /dev12195/qachannels/0/generator/waveforms/0/wave vector (32000 B)
2025.05.15 14:31:56.943   get /dev12195/qachannels/0/generator/waveforms/0/wave -
2025.05.15 14:31:56.943   set /dev12195/qachannels/0/generator/waveforms/0/wave vector (32000 B)
2025.05.15 14:31:56.943   get /dev12195/qachannels/0/generator/waveforms/0/wave -
2025.05.15 14:31:56.943   set /dev12195/qachannels/0/generator/waveforms/0/wave vector (32000 B)
2025.05.15 14:31:56.944   get /dev12195/qachannels/0/generator/waveforms/0/wave -
2025.05.15 14:31:56.944   set /dev12195/qachannels/0/generator/waveforms/0/wave vector (32000 B)
2025.05.15 14:31:56.944   get /dev12195/qachannels/0/generator/waveforms/0/wave -
2025.05.15 14:31:56.944   set /dev12195/qachannels/0/generator/waveforms/0/wave vector (32000 B)
2025.05.15 14:31:56.944   get /dev12195/qachannels/0/generator/waveforms/0/wave -
2025.05.15 14:31:56.944   set /dev12195/qachannels/0/generator/waveforms/0/wave vector (32000 B)
2025.05.15 14:31:56.944   get /dev12195/qachannels/0/generator/waveforms/0/wave -
2025.05.15 14:31:56.945   set /dev12195/qachannels/0/generator/waveforms/0/wave vector (32000 B)
2025.05.15 14:31:56.945   get /dev12195/qachannels/0/generator/waveforms/0/wave -
2025.05.15 14:31:56.945   set /dev12195/qachannels/0/generator/waveforms/0/wave vector (32000 B)
2025.05.15 14:31:56.945   get /dev12195/qachannels/0/generator/waveforms/0/wave -
2025.05.15 14:31:56.945   set /dev12195/qachannels/0/generator/waveforms/0/wave vector (32000 B)
2025.05.15 14:31:56.945   get /dev12195/qachannels/0/generator/waveforms/0/wave -
2025.05.15 14:31:56.945   set /dev12195/qachannels/0/generator/waveforms/0/wave vector (32000 B)
2025.05.15 14:31:56.946   get /dev12195/qachannels/0/generator/waveforms/0/wave -
2025.05.15 14:31:56.946   set /dev12195/qachannels/0/generator/waveforms/0/wave vector (32000 B)
2025.05.15 14:31:56.946   get /dev12195/qachannels/0/generator/waveforms/0/wave -
2025.05.15 14:31:56.946   set /dev12195/qachannels/0/generator/waveforms/0/wave vector (32000 B)
2025.05.15 14:31:56.946   get /dev12195/qachannels/0/generator/waveforms/0/wave -
2025.05.15 14:31:56.946   set /dev12195/qachannels/0/generator/waveforms/0/wave vector (32000 B)
2025.05.15 14:31:56.946   get /dev12195/qachannels/0/generator/waveforms/0/wave -
2025.05.15 14:31:56.947   set /dev12195/qachannels/0/generator/waveforms/0/wave vector (32000 B)
2025.05.15 14:31:56.947   get /dev12195/qachannels/0/generator/waveforms/0/wave -
2025.05.15 14:31:56.947   set /dev12195/qachannels/0/generator/waveforms/0/wave vector (32000 B)
2025.05.15 14:31:56.947   get /dev12195/qachannels/0/generator/waveforms/0/wave -
2025.05.15 14:31:56.947   set /dev12195/qachannels/0/generator/waveforms/0/wave vector (32000 B)
2025.05.15 14:31:56.948   get /dev12195/qachannels/0/generator/waveforms/0/wave -
2025.05.15 14:31:56.948   set /dev12195/qachannels/0/generator/waveforms/0/wave vector (32000 B)
2025.05.15 14:31:56.948   get /dev12195/qachannels/0/generator/waveforms/0/wave -
2025.05.15 14:31:56.948   set /dev12195/qachannels/0/generator/waveforms/0/wave vector (32000 B)
2025.05.15 14:31:56.948   get /dev12195/qachannels/0/generator/waveforms/0/wave -
2025.05.15 14:31:56.948   set /dev12195/qachannels/0/generator/waveforms/0/wave vector (32000 B)
2025.05.15 14:31:56.948   get /dev12195/qachannels/0/generator/waveforms/0/wave -
2025.05.15 14:31:56.948   set /dev12195/qachannels/0/generator/waveforms/0/wave vector (32000 B)
2025.05.15 14:31:56.948   get /dev12195/qachannels/0/generator/waveforms/0/wave -
2025.05.15 14:31:56.948   set /dev12195/qachannels/0/generator/waveforms/0/wave vector (32000 B)
2025.05.15 14:31:56.948   get /dev12195/qachannels/0/generator/waveforms/0/wave -
2025.05.15 14:31:56.948   set /dev12195/qachannels/0/generator/waveforms/0/wave vector (32000 B)
2025.05.15 14:31:56.948   get /dev12195/qachannels/0/generator/waveforms/0/wave -
2025.05.15 14:31:56.948   set /dev12195/qachannels/0/generator/waveforms/0/wave vector (32000 B)
2025.05.15 14:31:56.950   get /dev12195/qachannels/0/generator/waveforms/0/wave -
2025.05.15 14:31:56.950   set /dev12195/qachannels/0/generator/waveforms/0/wave vector (32000 B)
2025.05.15 14:31:56.950   get /dev12195/qachannels/0/generator/waveforms/0/wave -
2025.05.15 14:31:56.950   set /dev12195/qachannels/0/generator/waveforms/0/wave vector (32000 B)
2025.05.15 14:31:56.950   get /dev12195/qachannels/0/generator/waveforms/0/wave -
2025.05.15 14:31:56.950   set /dev12195/qachannels/0/generator/waveforms/0/wave vector (32000 B)
2025.05.15 14:31:56.950   get /dev12195/qachannels/0/generator/waveforms/0/wave -
2025.05.15 14:31:56.950   set /dev12195/qachannels/0/generator/waveforms/0/wave vector (32000 B)
2025.05.15 14:31:56.950   get /dev12195/qachannels/0/generator/waveforms/0/wave -
2025.05.15 14:31:56.950   set /dev12195/qachannels/0/generator/waveforms/0/wave vector (32000 B)
2025.05.15 14:31:56.950   get /dev12195/qachannels/0/generator/waveforms/0/wave -
2025.05.15 14:31:56.950   set /dev12195/qachannels/0/generator/waveforms/0/wave vector (32000 B)
2025.05.15 14:31:56.950   get /dev12195/qachannels/0/generator/waveforms/0/wave -
2025.05.15 14:31:56.952   set /dev12195/qachannels/0/generator/waveforms/0/wave vector (32000 B)
2025.05.15 14:31:56.952   get /dev12195/qachannels/0/generator/waveforms/0/wave -
2025.05.15 14:31:56.952   set /dev12195/qachannels/0/generator/waveforms/0/wave vector (32000 B)
2025.05.15 14:31:56.952   get /dev12195/qachannels/0/generator/waveforms/0/wave -
2025.05.15 14:31:56.952   set /dev12195/qachannels/0/generator/waveforms/0/wave vector (32000 B)
2025.05.15 14:31:56.952   get /dev12195/qachannels/0/generator/waveforms/0/wave -
2025.05.15 14:31:56.952   set /dev12195/qachannels/0/generator/waveforms/0/wave vector (32000 B)
2025.05.15 14:31:56.952   get /dev12195/qachannels/0/generator/waveforms/0/wave -
2025.05.15 14:31:56.952   set /dev12195/qachannels/0/spectroscopy/envelope/enable 0
2025.05.15 14:31:56.952   set /dev12195/qachannels/0/readout/multistate/qudits/0/weights/0/wave vector (64000 B)
2025.05.15 14:31:56.952   set /dev12195/qachannels/0/readout/integration/length 4000
2025.05.15 14:31:56.954   set /dev12195/sgchannels/4/awg/enable 1
2025.05.15 14:31:56.954   set /dev12195/qachannels/0/generator/enable 1
2025.05.15 14:31:56.954   set /dev12195/system/internaltrigger/enable 1
2025.05.15 14:31:56.956   set /dev12195/raw/system/awg/runtimechecks/enable 0
2025.05.15 14:31:56.956   set /dev12195/qachannels/0/readout/result/enable 0
2025.05.15 14:31:56.956   get /dev12195/raw/error/json/errors -
2025.05.15 14:31:56.956   get /dev12195/raw/error/json/errors -
2025.05.15 14:31:56.956   set /dev12195/qachannels/0/spectroscopy/envelope/enable 1
2025.05.15 14:32:08.337 Node log from the data server with id 'zi_server':
2025.05.15 14:32:08.337   get /dev12195/raw/system/awg/runtimechecks/enable -
2025.05.15 14:32:08.337   get /dev12195/raw/system/awg/runtimechecks/enable -
2025.05.15 14:32:08.337   get /dev12195/system/clocks/referenceclock/in/freq -
2025.05.15 14:32:08.337   get /dev12195/system/clocks/referenceclock/in/sourceactual -
2025.05.15 14:32:08.337   get /dev12195/system/clocks/referenceclock/in/source -
2025.05.15 14:32:08.337   get /dev12195/system/clocks/referenceclock/in/status -
2025.05.15 14:32:08.337   get /dev12195/system/clocks/referenceclock/in/freq -
2025.05.15 14:32:08.337   get /dev12195/system/clocks/referenceclock/in/sourceactual -
2025.05.15 14:32:08.337   get /dev12195/system/clocks/referenceclock/in/source -
2025.05.15 14:32:08.337   get /dev12195/system/clocks/referenceclock/in/status -
2025.05.15 14:32:09.902 Node log from the data server with id 'zi_server':
2025.05.15 14:32:09.903   set /dev12195/raw/error/clear 1
2025.05.15 14:32:09.903   set /dev12195/sgchannels/0/pipeliner/mode 0
2025.05.15 14:32:09.903   set /dev12195/sgchannels/1/pipeliner/mode 0
2025.05.15 14:32:09.903   set /dev12195/sgchannels/2/pipeliner/mode 0
2025.05.15 14:32:09.904   set /dev12195/sgchannels/3/pipeliner/mode 0
2025.05.15 14:32:09.904   set /dev12195/sgchannels/4/pipeliner/mode 0
2025.05.15 14:32:09.904   set /dev12195/sgchannels/5/pipeliner/mode 0
2025.05.15 14:32:09.904   set /dev12195/sgchannels/0/synchronization/enable 0
2025.05.15 14:32:09.904   set /dev12195/sgchannels/1/synchronization/enable 0
2025.05.15 14:32:09.904   set /dev12195/sgchannels/2/synchronization/enable 0
2025.05.15 14:32:09.904   set /dev12195/sgchannels/3/synchronization/enable 0
2025.05.15 14:32:09.905   set /dev12195/sgchannels/4/synchronization/enable 0
2025.05.15 14:32:09.905   set /dev12195/sgchannels/5/synchronization/enable 0
2025.05.15 14:32:09.905   set /dev12195/sgchannels/0/awg/enable 0
2025.05.15 14:32:09.905   set /dev12195/sgchannels/1/awg/enable 0
2025.05.15 14:32:09.905   set /dev12195/sgchannels/2/awg/enable 0
2025.05.15 14:32:09.905   set /dev12195/sgchannels/3/awg/enable 0
2025.05.15 14:32:09.906   set /dev12195/sgchannels/4/awg/enable 0
2025.05.15 14:32:09.906   set /dev12195/sgchannels/5/awg/enable 0
2025.05.15 14:32:09.907   set /dev12195/system/synchronization/source 0
2025.05.15 14:32:09.907   set /dev12195/system/internaltrigger/synchronization/enable 0
2025.05.15 14:32:09.907   set /dev12195/scopes/0/enable 0
2025.05.15 14:32:09.907   set /dev12195/qachannels/0/pipeliner/mode 0
2025.05.15 14:32:09.907   set /dev12195/qachannels/0/synchronization/enable 0
2025.05.15 14:32:09.907   set /dev12195/qachannels/0/generator/enable 0
2025.05.15 14:32:09.908   set /dev12195/qachannels/0/readout/result/enable 0
2025.05.15 14:32:09.908   set /dev12195/qachannels/0/spectroscopy/psd/enable 0
2025.05.15 14:32:09.908   set /dev12195/qachannels/0/spectroscopy/result/enable 0
2025.05.15 14:32:09.908   set /dev12195/qachannels/0/output/rflfinterlock 1
2025.05.15 14:32:09.908   set /dev12195/qachannels/0/oscs/0/gain 1
2025.05.15 14:32:09.908   set /dev12195/scopes/0/channels/0/enable 0
2025.05.15 14:32:09.908   set /dev12195/scopes/0/channels/1/enable 0
2025.05.15 14:32:09.909   set /dev12195/scopes/0/channels/2/enable 0
2025.05.15 14:32:09.909   set /dev12195/scopes/0/channels/3/enable 0
2025.05.15 14:32:09.909   get /dev12195/raw/error/json/errors -
2025.05.15 14:32:09.909   get /dev12195/raw/error/json/errors -
2025.05.15 14:32:09.909   set /dev12195/qachannels/0/spectroscopy/envelope/enable 1
2025.05.15 14:32:25.726 Node log from the data server with id 'zi_server':
2025.05.15 14:32:25.726   get /dev12195/raw/system/awg/runtimechecks/enable -
2025.05.15 14:32:25.726   get /dev12195/raw/system/awg/runtimechecks/enable -
2025.05.15 14:32:25.728   get /dev12195/system/clocks/referenceclock/in/freq -
2025.05.15 14:32:25.728   get /dev12195/system/clocks/referenceclock/in/sourceactual -
2025.05.15 14:32:25.728   get /dev12195/system/clocks/referenceclock/in/source -
2025.05.15 14:32:25.728   get /dev12195/system/clocks/referenceclock/in/status -
2025.05.15 14:32:25.728   get /dev12195/system/clocks/referenceclock/in/freq -
2025.05.15 14:32:25.728   get /dev12195/system/clocks/referenceclock/in/sourceactual -
2025.05.15 14:32:25.728   get /dev12195/system/clocks/referenceclock/in/source -
2025.05.15 14:32:25.729   get /dev12195/system/clocks/referenceclock/in/status -
2025.05.15 14:32:27.721 Node log from the data server with id 'zi_server':
2025.05.15 14:32:27.722   set /dev12195/raw/error/clear 1
2025.05.15 14:32:27.722   set /dev12195/sgchannels/0/pipeliner/mode 0
2025.05.15 14:32:27.723   set /dev12195/sgchannels/1/pipeliner/mode 0
2025.05.15 14:32:27.723   set /dev12195/sgchannels/2/pipeliner/mode 0
2025.05.15 14:32:27.723   set /dev12195/sgchannels/3/pipeliner/mode 0
2025.05.15 14:32:27.723   set /dev12195/sgchannels/4/pipeliner/mode 0
2025.05.15 14:32:27.723   set /dev12195/sgchannels/5/pipeliner/mode 0
2025.05.15 14:32:27.723   set /dev12195/sgchannels/0/synchronization/enable 0
2025.05.15 14:32:27.724   set /dev12195/sgchannels/1/synchronization/enable 0
2025.05.15 14:32:27.724   set /dev12195/sgchannels/2/synchronization/enable 0
2025.05.15 14:32:27.724   set /dev12195/sgchannels/3/synchronization/enable 0
2025.05.15 14:32:27.724   set /dev12195/sgchannels/4/synchronization/enable 0
2025.05.15 14:32:27.724   set /dev12195/sgchannels/5/synchronization/enable 0
2025.05.15 14:32:27.724   set /dev12195/sgchannels/0/awg/enable 0
2025.05.15 14:32:27.725   set /dev12195/sgchannels/1/awg/enable 0
2025.05.15 14:32:27.725   set /dev12195/sgchannels/2/awg/enable 0
2025.05.15 14:32:27.725   set /dev12195/sgchannels/3/awg/enable 0
2025.05.15 14:32:27.725   set /dev12195/sgchannels/4/awg/enable 0
2025.05.15 14:32:27.725   set /dev12195/sgchannels/5/awg/enable 0
2025.05.15 14:32:27.726   set /dev12195/system/synchronization/source 0
2025.05.15 14:32:27.726   set /dev12195/system/internaltrigger/synchronization/enable 0
2025.05.15 14:32:27.726   set /dev12195/scopes/0/enable 0
2025.05.15 14:32:27.726   set /dev12195/qachannels/0/pipeliner/mode 0
2025.05.15 14:32:27.726   set /dev12195/qachannels/0/synchronization/enable 0
2025.05.15 14:32:27.726   set /dev12195/qachannels/0/generator/enable 0
2025.05.15 14:32:27.728   set /dev12195/qachannels/0/readout/result/enable 0
2025.05.15 14:32:27.728   set /dev12195/qachannels/0/spectroscopy/psd/enable 0
2025.05.15 14:32:27.728   set /dev12195/qachannels/0/spectroscopy/result/enable 0
2025.05.15 14:32:27.728   set /dev12195/qachannels/0/output/rflfinterlock 1
2025.05.15 14:32:27.728   set /dev12195/qachannels/0/oscs/0/gain 1
2025.05.15 14:32:27.728   set /dev12195/scopes/0/channels/0/enable 0
2025.05.15 14:32:27.728   set /dev12195/scopes/0/channels/1/enable 0
2025.05.15 14:32:27.729   set /dev12195/scopes/0/channels/2/enable 0
2025.05.15 14:32:27.729   set /dev12195/scopes/0/channels/3/enable 0
2025.05.15 14:32:27.732   get /dev12195/sgchannels/0/output/overrangecount -
2025.05.15 14:32:27.732   get /dev12195/sgchannels/1/output/overrangecount -
2025.05.15 14:32:27.733   get /dev12195/sgchannels/2/output/overrangecount -
2025.05.15 14:32:27.733   get /dev12195/sgchannels/3/output/overrangecount -
2025.05.15 14:32:27.733   get /dev12195/sgchannels/4/output/overrangecount -
2025.05.15 14:32:27.733   get /dev12195/sgchannels/5/output/overrangecount -
2025.05.15 14:32:27.733   get /dev12195/qachannels/0/output/overrangecount -
2025.05.15 14:32:27.733   get /dev12195/qachannels/0/input/overrangecount -
2025.05.15 14:32:27.733   set /dev12195/sgchannels/4/output/on 1
2025.05.15 14:32:27.734   set /dev12195/sgchannels/4/awg/single 1
2025.05.15 14:32:27.734   set /dev12195/sgchannels/4/awg/modulation/enable 1
2025.05.15 14:32:27.734   set /dev12195/sgchannels/4/marker/source 0
2025.05.15 14:32:27.734   set /dev12195/sgchannels/4/trigger/delay 0
2025.05.15 14:32:27.734   set /dev12195/sgchannels/4/output/rflfpath 1
2025.05.15 14:32:27.734   set /dev12195/sgchannels/4/output/muting/enable 0
2025.05.15 14:32:27.734   set /dev12195/sgchannels/4/sines/0/oscselect 0
2025.05.15 14:32:27.735   set /dev12195/sgchannels/4/sines/0/harmonic 1
2025.05.15 14:32:27.735   set /dev12195/sgchannels/4/sines/0/phaseshift 0
2025.05.15 14:32:27.735   set /dev12195/qachannels/0/output/on 1
2025.05.15 14:32:27.735   set /dev12195/qachannels/0/generator/single 1
2025.05.15 14:32:27.735   set /dev12195/qachannels/0/output/muting/enable 0
2025.05.15 14:32:27.735   set /dev12195/qachannels/0/input/rflfpath 1
2025.05.15 14:32:27.735   set /dev12195/qachannels/0/input/on 1
2025.05.15 14:32:27.736   set /dev12195/sgchannels/4/oscs/0/freq 4e+07
2025.05.15 14:32:27.736   set /dev12195/qachannels/0/oscs/0/freq 0
2025.05.15 14:32:27.736   set /dev12195/sgchannels/4/awg/auxtriggers/0/slope 1
2025.05.15 14:32:27.736   set /dev12195/sgchannels/4/awg/auxtriggers/0/channel 8
2025.05.15 14:32:27.736   set /dev12195/system/internaltrigger/enable 0
2025.05.15 14:32:27.736   set /dev12195/system/internaltrigger/repetitions 1
2025.05.15 14:32:27.736   set /dev12195/qachannels/0/markers/0/source 32
2025.05.15 14:32:27.737   set /dev12195/qachannels/0/markers/1/source 36
2025.05.15 14:32:27.737   set /dev12195/qachannels/0/generator/auxtriggers/0/channel 8
2025.05.15 14:32:27.737   set /dev12195/sgchannels/4/oscs/0/freq 4e+07
2025.05.15 14:32:27.737   set /dev12195/synthesizers/3/centerfreq 3.6e+09
2025.05.15 14:32:27.737   set /dev12195/sgchannels/4/output/delay 0
2025.05.15 14:32:27.737   set /dev12195/qachannels/0/centerfreq 6.8e+09
2025.05.15 14:32:27.738   set /dev12195/qachannels/0/spectroscopy/envelope/delay 0
2025.05.15 14:32:27.738   set /dev12195/qachannels/0/spectroscopy/delay 2.2e-07
2025.05.15 14:32:27.738   set /dev12195/qachannels/0/mode 0
2025.05.15 14:32:27.738   set /dev12195/qachannels/0/spectroscopy/trigger/channel 36
2025.05.15 14:32:27.738   set /dev12195/qachannels/0/spectroscopy/length 4000
2025.05.15 14:32:27.738   set /dev12195/sgchannels/4/awg/elf/data vector (1528 B)
2025.05.15 14:32:27.738   set /dev12195/sgchannels/4/awg/commandtable/data vector (152 B)
2025.05.15 14:32:27.739   set /dev12195/qachannels/0/readout/result/enable 0
2025.05.15 14:32:27.739   set /dev12195/qachannels/0/spectroscopy/result/length 101
2025.05.15 14:32:27.739   set /dev12195/qachannels/0/spectroscopy/result/averages 256
2025.05.15 14:32:27.739   set /dev12195/qachannels/0/spectroscopy/result/mode 0
2025.05.15 14:32:27.739   set /dev12195/qachannels/0/spectroscopy/psd/enable 0
2025.05.15 14:32:27.739   set /dev12195/qachannels/0/spectroscopy/result/enable 0
2025.05.15 14:32:27.739   set /dev12195/qachannels/0/spectroscopy/result/enable 1
2025.05.15 14:32:27.740   set /dev12195/scopes/0/enable 0
2025.05.15 14:32:27.740   set /dev12195/qachannels/0/generator/elf/data vector (4280 B)
2025.05.15 14:32:27.740   set /dev12195/qachannels/0/spectroscopy/envelope/wave vector (32000 B)
2025.05.15 14:32:27.740   get /dev12195/qachannels/0/spectroscopy/envelope/wave -
2025.05.15 14:32:27.740   set /dev12195/qachannels/0/spectroscopy/envelope/enable 1
2025.05.15 14:32:27.740   set /dev12195/qachannels/0/readout/multistate/qudits/0/weights/0/wave vector (64000 B)
2025.05.15 14:32:27.740   set /dev12195/qachannels/0/readout/integration/length 4000
2025.05.15 14:32:27.741   set /dev12195/sgchannels/4/awg/enable 1
2025.05.15 14:32:27.741   set /dev12195/qachannels/0/generator/enable 1
2025.05.15 14:32:27.742   set /dev12195/system/internaltrigger/enable 1
2025.05.15 14:32:27.743   set /dev12195/raw/system/awg/runtimechecks/enable 0
2025.05.15 14:32:27.743   set /dev12195/qachannels/0/readout/result/enable 0
2025.05.15 14:32:27.744   get /dev12195/raw/error/json/errors -
2025.05.15 14:32:27.744   get /dev12195/raw/error/json/errors -
2025.05.15 14:32:27.744   set /dev12195/qachannels/0/spectroscopy/envelope/enable 1
2025.05.15 14:32:29.041 Node log from the data server with id 'zi_server':
2025.05.15 14:32:29.042   set /dev12195/raw/error/clear 1
2025.05.15 14:32:29.042   set /dev12195/sgchannels/0/pipeliner/mode 0
2025.05.15 14:32:29.043   set /dev12195/sgchannels/1/pipeliner/mode 0
2025.05.15 14:32:29.043   set /dev12195/sgchannels/2/pipeliner/mode 0
2025.05.15 14:32:29.043   set /dev12195/sgchannels/3/pipeliner/mode 0
2025.05.15 14:32:29.043   set /dev12195/sgchannels/4/pipeliner/mode 0
2025.05.15 14:32:29.043   set /dev12195/sgchannels/5/pipeliner/mode 0
2025.05.15 14:32:29.044   set /dev12195/sgchannels/0/synchronization/enable 0
2025.05.15 14:32:29.044   set /dev12195/sgchannels/1/synchronization/enable 0
2025.05.15 14:32:29.044   set /dev12195/sgchannels/2/synchronization/enable 0
2025.05.15 14:32:29.044   set /dev12195/sgchannels/3/synchronization/enable 0
2025.05.15 14:32:29.044   set /dev12195/sgchannels/4/synchronization/enable 0
2025.05.15 14:32:29.044   set /dev12195/sgchannels/5/synchronization/enable 0
2025.05.15 14:32:29.044   set /dev12195/sgchannels/0/awg/enable 0
2025.05.15 14:32:29.044   set /dev12195/sgchannels/1/awg/enable 0
2025.05.15 14:32:29.044   set /dev12195/sgchannels/2/awg/enable 0
2025.05.15 14:32:29.044   set /dev12195/sgchannels/3/awg/enable 0
2025.05.15 14:32:29.044   set /dev12195/sgchannels/4/awg/enable 0
2025.05.15 14:32:29.044   set /dev12195/sgchannels/5/awg/enable 0
2025.05.15 14:32:29.046   set /dev12195/system/synchronization/source 0
2025.05.15 14:32:29.048   set /dev12195/system/internaltrigger/synchronization/enable 0
2025.05.15 14:32:29.048   set /dev12195/scopes/0/enable 0
2025.05.15 14:32:29.048   set /dev12195/qachannels/0/pipeliner/mode 0
2025.05.15 14:32:29.048   set /dev12195/qachannels/0/synchronization/enable 0
2025.05.15 14:32:29.048   set /dev12195/qachannels/0/generator/enable 0
2025.05.15 14:32:29.048   set /dev12195/qachannels/0/readout/result/enable 0
2025.05.15 14:32:29.048   set /dev12195/qachannels/0/spectroscopy/psd/enable 0
2025.05.15 14:32:29.048   set /dev12195/qachannels/0/spectroscopy/result/enable 0
2025.05.15 14:32:29.048   set /dev12195/qachannels/0/output/rflfinterlock 1
2025.05.15 14:32:29.048   set /dev12195/qachannels/0/oscs/0/gain 1
2025.05.15 14:32:29.048   set /dev12195/scopes/0/channels/0/enable 0
2025.05.15 14:32:29.048   set /dev12195/scopes/0/channels/1/enable 0
2025.05.15 14:32:29.048   set /dev12195/scopes/0/channels/2/enable 0
2025.05.15 14:32:29.050   set /dev12195/scopes/0/channels/3/enable 0
2025.05.15 14:32:29.056   get /dev12195/sgchannels/0/output/overrangecount -
2025.05.15 14:32:29.056   get /dev12195/sgchannels/1/output/overrangecount -
2025.05.15 14:32:29.056   get /dev12195/sgchannels/2/output/overrangecount -
2025.05.15 14:32:29.056   get /dev12195/sgchannels/3/output/overrangecount -
2025.05.15 14:32:29.056   get /dev12195/sgchannels/4/output/overrangecount -
2025.05.15 14:32:29.056   get /dev12195/sgchannels/5/output/overrangecount -
2025.05.15 14:32:29.056   get /dev12195/qachannels/0/output/overrangecount -
2025.05.15 14:32:29.056   get /dev12195/qachannels/0/input/overrangecount -
2025.05.15 14:32:29.056   set /dev12195/sgchannels/4/output/on 1
2025.05.15 14:32:29.056   set /dev12195/sgchannels/4/awg/single 1
2025.05.15 14:32:29.056   set /dev12195/sgchannels/4/awg/modulation/enable 1
2025.05.15 14:32:29.056   set /dev12195/sgchannels/4/marker/source 0
2025.05.15 14:32:29.056   set /dev12195/sgchannels/4/trigger/delay 0
2025.05.15 14:32:29.056   set /dev12195/sgchannels/4/output/rflfpath 1
2025.05.15 14:32:29.058   set /dev12195/sgchannels/4/output/muting/enable 0
2025.05.15 14:32:29.058   set /dev12195/sgchannels/4/sines/0/oscselect 0
2025.05.15 14:32:29.058   set /dev12195/sgchannels/4/sines/0/harmonic 1
2025.05.15 14:32:29.058   set /dev12195/sgchannels/4/sines/0/phaseshift 0
2025.05.15 14:32:29.058   set /dev12195/qachannels/0/output/on 1
2025.05.15 14:32:29.058   set /dev12195/qachannels/0/generator/single 1
2025.05.15 14:32:29.058   set /dev12195/qachannels/0/output/muting/enable 0
2025.05.15 14:32:29.058   set /dev12195/qachannels/0/input/rflfpath 1
2025.05.15 14:32:29.059   set /dev12195/qachannels/0/input/on 1
2025.05.15 14:32:29.059   set /dev12195/sgchannels/4/oscs/0/freq 4e+07
2025.05.15 14:32:29.059   set /dev12195/qachannels/0/oscs/0/freq 0
2025.05.15 14:32:29.059   set /dev12195/sgchannels/4/awg/auxtriggers/0/slope 1
2025.05.15 14:32:29.059   set /dev12195/sgchannels/4/awg/auxtriggers/0/channel 8
2025.05.15 14:32:29.059   set /dev12195/system/internaltrigger/enable 0
2025.05.15 14:32:29.059   set /dev12195/system/internaltrigger/repetitions 1
2025.05.15 14:32:29.061   set /dev12195/qachannels/0/markers/0/source 32
2025.05.15 14:32:29.061   set /dev12195/qachannels/0/markers/1/source 36
2025.05.15 14:32:29.061   set /dev12195/qachannels/0/generator/auxtriggers/0/channel 8
2025.05.15 14:32:29.061   set /dev12195/sgchannels/4/oscs/0/freq 4e+07
2025.05.15 14:32:29.061   set /dev12195/synthesizers/3/centerfreq 3.6e+09
2025.05.15 14:32:29.061   set /dev12195/sgchannels/4/output/delay 0
2025.05.15 14:32:29.061   set /dev12195/qachannels/0/centerfreq 6.8e+09
2025.05.15 14:32:29.061   set /dev12195/qachannels/0/spectroscopy/envelope/delay 0
2025.05.15 14:32:29.061   set /dev12195/qachannels/0/spectroscopy/delay 2.2e-07
2025.05.15 14:32:29.061   set /dev12195/qachannels/0/mode 0
2025.05.15 14:32:29.061   set /dev12195/qachannels/0/spectroscopy/trigger/channel 36
2025.05.15 14:32:29.061   set /dev12195/qachannels/0/spectroscopy/length 4000
2025.05.15 14:32:29.063   set /dev12195/sgchannels/4/awg/elf/data vector (1528 B)
2025.05.15 14:32:29.063   set /dev12195/sgchannels/4/awg/commandtable/data vector (152 B)
2025.05.15 14:32:29.063   set /dev12195/qachannels/0/readout/result/enable 0
2025.05.15 14:32:29.063   set /dev12195/qachannels/0/spectroscopy/result/length 101
2025.05.15 14:32:29.063   set /dev12195/qachannels/0/spectroscopy/result/averages 256
2025.05.15 14:32:29.063   set /dev12195/qachannels/0/spectroscopy/result/mode 0
2025.05.15 14:32:29.063   set /dev12195/qachannels/0/spectroscopy/psd/enable 0
2025.05.15 14:32:29.063   set /dev12195/qachannels/0/spectroscopy/result/enable 0
2025.05.15 14:32:29.063   set /dev12195/qachannels/0/spectroscopy/result/enable 1
2025.05.15 14:32:29.063   set /dev12195/scopes/0/enable 0
2025.05.15 14:32:29.065   set /dev12195/qachannels/0/generator/elf/data vector (4280 B)
2025.05.15 14:32:29.065   set /dev12195/qachannels/0/spectroscopy/envelope/wave vector (32000 B)
2025.05.15 14:32:29.065   get /dev12195/qachannels/0/spectroscopy/envelope/wave -
2025.05.15 14:32:29.065   set /dev12195/qachannels/0/spectroscopy/envelope/enable 1
2025.05.15 14:32:29.065   set /dev12195/qachannels/0/readout/multistate/qudits/0/weights/0/wave vector (64000 B)
2025.05.15 14:32:29.065   set /dev12195/qachannels/0/readout/integration/length 4000
2025.05.15 14:32:29.065   set /dev12195/sgchannels/4/awg/enable 1
2025.05.15 14:32:29.065   set /dev12195/qachannels/0/generator/enable 1
2025.05.15 14:32:29.067   set /dev12195/system/internaltrigger/enable 1
2025.05.15 14:32:29.067   set /dev12195/raw/system/awg/runtimechecks/enable 0
2025.05.15 14:32:29.067   set /dev12195/qachannels/0/readout/result/enable 0
2025.05.15 14:32:29.069   get /dev12195/raw/error/json/errors -
2025.05.15 14:32:29.069   get /dev12195/raw/error/json/errors -
2025.05.15 14:32:29.069   set /dev12195/qachannels/0/spectroscopy/envelope/enable 1
2025.05.15 14:33:13.585 Node log from the data server with id 'zi_server':
2025.05.15 14:33:13.587   get /dev12195/raw/system/awg/runtimechecks/enable -
2025.05.15 14:33:13.587   get /dev12195/raw/system/awg/runtimechecks/enable -
2025.05.15 14:33:13.587   get /dev12195/system/clocks/referenceclock/in/freq -
2025.05.15 14:33:13.587   get /dev12195/system/clocks/referenceclock/in/sourceactual -
2025.05.15 14:33:13.587   get /dev12195/system/clocks/referenceclock/in/source -
2025.05.15 14:33:13.587   get /dev12195/system/clocks/referenceclock/in/status -
2025.05.15 14:33:13.587   get /dev12195/system/clocks/referenceclock/in/freq -
2025.05.15 14:33:13.587   get /dev12195/system/clocks/referenceclock/in/sourceactual -
2025.05.15 14:33:13.587   get /dev12195/system/clocks/referenceclock/in/source -
2025.05.15 14:33:13.587   get /dev12195/system/clocks/referenceclock/in/status -
2025.05.15 14:33:15.036 Node log from the data server with id 'zi_server':
2025.05.15 14:33:15.036   set /dev12195/raw/error/clear 1
2025.05.15 14:33:15.038   set /dev12195/sgchannels/0/pipeliner/mode 0
2025.05.15 14:33:15.038   set /dev12195/sgchannels/1/pipeliner/mode 0
2025.05.15 14:33:15.038   set /dev12195/sgchannels/2/pipeliner/mode 0
2025.05.15 14:33:15.038   set /dev12195/sgchannels/3/pipeliner/mode 0
2025.05.15 14:33:15.038   set /dev12195/sgchannels/4/pipeliner/mode 0
2025.05.15 14:33:15.038   set /dev12195/sgchannels/5/pipeliner/mode 0
2025.05.15 14:33:15.038   set /dev12195/sgchannels/0/synchronization/enable 0
2025.05.15 14:33:15.038   set /dev12195/sgchannels/1/synchronization/enable 0
2025.05.15 14:33:15.038   set /dev12195/sgchannels/2/synchronization/enable 0
2025.05.15 14:33:15.038   set /dev12195/sgchannels/3/synchronization/enable 0
2025.05.15 14:33:15.038   set /dev12195/sgchannels/4/synchronization/enable 0
2025.05.15 14:33:15.040   set /dev12195/sgchannels/5/synchronization/enable 0
2025.05.15 14:33:15.040   set /dev12195/sgchannels/0/awg/enable 0
2025.05.15 14:33:15.040   set /dev12195/sgchannels/1/awg/enable 0
2025.05.15 14:33:15.040   set /dev12195/sgchannels/2/awg/enable 0
2025.05.15 14:33:15.040   set /dev12195/sgchannels/3/awg/enable 0
2025.05.15 14:33:15.040   set /dev12195/sgchannels/4/awg/enable 0
2025.05.15 14:33:15.040   set /dev12195/sgchannels/5/awg/enable 0
2025.05.15 14:33:15.041   set /dev12195/system/synchronization/source 0
2025.05.15 14:33:15.041   set /dev12195/system/internaltrigger/synchronization/enable 0
2025.05.15 14:33:15.041   set /dev12195/scopes/0/enable 0
2025.05.15 14:33:15.041   set /dev12195/qachannels/0/pipeliner/mode 0
2025.05.15 14:33:15.041   set /dev12195/qachannels/0/synchronization/enable 0
2025.05.15 14:33:15.042   set /dev12195/qachannels/0/generator/enable 0
2025.05.15 14:33:15.042   set /dev12195/qachannels/0/readout/result/enable 0
2025.05.15 14:33:15.042   set /dev12195/qachannels/0/spectroscopy/psd/enable 0
2025.05.15 14:33:15.042   set /dev12195/qachannels/0/spectroscopy/result/enable 0
2025.05.15 14:33:15.042   set /dev12195/qachannels/0/output/rflfinterlock 1
2025.05.15 14:33:15.042   set /dev12195/qachannels/0/oscs/0/gain 1
2025.05.15 14:33:15.042   set /dev12195/scopes/0/channels/0/enable 0
2025.05.15 14:33:15.043   set /dev12195/scopes/0/channels/1/enable 0
2025.05.15 14:33:15.043   set /dev12195/scopes/0/channels/2/enable 0
2025.05.15 14:33:15.043   set /dev12195/scopes/0/channels/3/enable 0
2025.05.15 14:33:15.046   get /dev12195/sgchannels/0/output/overrangecount -
2025.05.15 14:33:15.046   get /dev12195/sgchannels/1/output/overrangecount -
2025.05.15 14:33:15.046   get /dev12195/sgchannels/2/output/overrangecount -
2025.05.15 14:33:15.046   get /dev12195/sgchannels/3/output/overrangecount -
2025.05.15 14:33:15.046   get /dev12195/sgchannels/4/output/overrangecount -
2025.05.15 14:33:15.046   get /dev12195/sgchannels/5/output/overrangecount -
2025.05.15 14:33:15.048   get /dev12195/qachannels/0/output/overrangecount -
2025.05.15 14:33:15.048   get /dev12195/qachannels/0/input/overrangecount -
2025.05.15 14:33:15.048   set /dev12195/sgchannels/4/output/on 1
2025.05.15 14:33:15.048   set /dev12195/sgchannels/4/awg/single 1
2025.05.15 14:33:15.048   set /dev12195/sgchannels/4/awg/modulation/enable 1
2025.05.15 14:33:15.048   set /dev12195/sgchannels/4/marker/source 0
2025.05.15 14:33:15.048   set /dev12195/sgchannels/4/trigger/delay 0
2025.05.15 14:33:15.048   set /dev12195/sgchannels/4/output/rflfpath 1
2025.05.15 14:33:15.048   set /dev12195/sgchannels/4/output/muting/enable 0
2025.05.15 14:33:15.048   set /dev12195/sgchannels/4/sines/0/oscselect 0
2025.05.15 14:33:15.048   set /dev12195/sgchannels/4/sines/0/harmonic 1
2025.05.15 14:33:15.048   set /dev12195/sgchannels/4/sines/0/phaseshift 0
2025.05.15 14:33:15.048   set /dev12195/qachannels/0/output/on 1
2025.05.15 14:33:15.048   set /dev12195/qachannels/0/generator/single 1
2025.05.15 14:33:15.048   set /dev12195/qachannels/0/output/muting/enable 0
2025.05.15 14:33:15.050   set /dev12195/qachannels/0/input/rflfpath 1
2025.05.15 14:33:15.050   set /dev12195/qachannels/0/input/on 1
2025.05.15 14:33:15.050   set /dev12195/sgchannels/4/oscs/0/freq 4e+07
2025.05.15 14:33:15.050   set /dev12195/qachannels/0/oscs/0/freq 0
2025.05.15 14:33:15.050   set /dev12195/sgchannels/4/awg/auxtriggers/0/slope 1
2025.05.15 14:33:15.050   set /dev12195/sgchannels/4/awg/auxtriggers/0/channel 8
2025.05.15 14:33:15.050   set /dev12195/system/internaltrigger/enable 0
2025.05.15 14:33:15.050   set /dev12195/system/internaltrigger/repetitions 1
2025.05.15 14:33:15.050   set /dev12195/qachannels/0/markers/0/source 32
2025.05.15 14:33:15.050   set /dev12195/qachannels/0/markers/1/source 36
2025.05.15 14:33:15.050   set /dev12195/qachannels/0/generator/auxtriggers/0/channel 8
2025.05.15 14:33:15.050   set /dev12195/sgchannels/4/oscs/0/freq 4e+07
2025.05.15 14:33:15.050   set /dev12195/synthesizers/3/centerfreq 3.6e+09
2025.05.15 14:33:15.052   set /dev12195/sgchannels/4/output/delay 0
2025.05.15 14:33:15.052   set /dev12195/qachannels/0/centerfreq 6.8e+09
2025.05.15 14:33:15.052   set /dev12195/qachannels/0/spectroscopy/envelope/delay 0
2025.05.15 14:33:15.052   set /dev12195/qachannels/0/spectroscopy/delay 2.2e-07
2025.05.15 14:33:15.052   set /dev12195/qachannels/0/mode 0
2025.05.15 14:33:15.052   set /dev12195/qachannels/0/spectroscopy/trigger/channel 36
2025.05.15 14:33:15.052   set /dev12195/qachannels/0/spectroscopy/length 4000
2025.05.15 14:33:15.052   set /dev12195/sgchannels/4/awg/elf/data vector (1528 B)
2025.05.15 14:33:15.052   set /dev12195/sgchannels/4/awg/commandtable/data vector (152 B)
2025.05.15 14:33:15.052   set /dev12195/qachannels/0/readout/result/enable 0
2025.05.15 14:33:15.052   set /dev12195/qachannels/0/spectroscopy/result/length 101
2025.05.15 14:33:15.052   set /dev12195/qachannels/0/spectroscopy/result/averages 256
2025.05.15 14:33:15.052   set /dev12195/qachannels/0/spectroscopy/result/mode 0
2025.05.15 14:33:15.052   set /dev12195/qachannels/0/spectroscopy/psd/enable 0
2025.05.15 14:33:15.054   set /dev12195/qachannels/0/spectroscopy/result/enable 0
2025.05.15 14:33:15.054   set /dev12195/qachannels/0/spectroscopy/result/enable 1
2025.05.15 14:33:15.054   set /dev12195/scopes/0/enable 0
2025.05.15 14:33:15.054   set /dev12195/qachannels/0/generator/elf/data vector (4272 B)
2025.05.15 14:33:15.054   set /dev12195/qachannels/0/spectroscopy/envelope/wave vector (32000 B)
2025.05.15 14:33:15.054   get /dev12195/qachannels/0/spectroscopy/envelope/wave -
2025.05.15 14:33:15.054   set /dev12195/qachannels/0/spectroscopy/envelope/enable 1
2025.05.15 14:33:15.054   set /dev12195/qachannels/0/readout/multistate/qudits/0/weights/0/wave vector (64000 B)
2025.05.15 14:33:15.054   set /dev12195/qachannels/0/readout/integration/length 4000
2025.05.15 14:33:15.054   set /dev12195/sgchannels/4/awg/enable 1
2025.05.15 14:33:15.054   set /dev12195/qachannels/0/generator/enable 1
2025.05.15 14:33:15.056   set /dev12195/system/internaltrigger/enable 1
2025.05.15 14:33:15.056   set /dev12195/raw/system/awg/runtimechecks/enable 0
2025.05.15 14:33:15.058   set /dev12195/qachannels/0/readout/result/enable 0
2025.05.15 14:33:15.058   get /dev12195/raw/error/json/errors -
2025.05.15 14:33:15.058   get /dev12195/raw/error/json/errors -
2025.05.15 14:33:15.058   set /dev12195/qachannels/0/spectroscopy/envelope/enable 1
2025.05.15 14:33:16.260 Node log from the data server with id 'zi_server':
2025.05.15 14:33:16.261   set /dev12195/raw/error/clear 1
2025.05.15 14:33:16.261   set /dev12195/sgchannels/0/pipeliner/mode 0
2025.05.15 14:33:16.262   set /dev12195/sgchannels/1/pipeliner/mode 0
2025.05.15 14:33:16.262   set /dev12195/sgchannels/2/pipeliner/mode 0
2025.05.15 14:33:16.262   set /dev12195/sgchannels/3/pipeliner/mode 0
2025.05.15 14:33:16.262   set /dev12195/sgchannels/4/pipeliner/mode 0
2025.05.15 14:33:16.262   set /dev12195/sgchannels/5/pipeliner/mode 0
2025.05.15 14:33:16.262   set /dev12195/sgchannels/0/synchronization/enable 0
2025.05.15 14:33:16.262   set /dev12195/sgchannels/1/synchronization/enable 0
2025.05.15 14:33:16.263   set /dev12195/sgchannels/2/synchronization/enable 0
2025.05.15 14:33:16.263   set /dev12195/sgchannels/3/synchronization/enable 0
2025.05.15 14:33:16.263   set /dev12195/sgchannels/4/synchronization/enable 0
2025.05.15 14:33:16.263   set /dev12195/sgchannels/5/synchronization/enable 0
2025.05.15 14:33:16.264   set /dev12195/sgchannels/0/awg/enable 0
2025.05.15 14:33:16.264   set /dev12195/sgchannels/1/awg/enable 0
2025.05.15 14:33:16.264   set /dev12195/sgchannels/2/awg/enable 0
2025.05.15 14:33:16.264   set /dev12195/sgchannels/3/awg/enable 0
2025.05.15 14:33:16.264   set /dev12195/sgchannels/4/awg/enable 0
2025.05.15 14:33:16.264   set /dev12195/sgchannels/5/awg/enable 0
2025.05.15 14:33:16.266   set /dev12195/system/synchronization/source 0
2025.05.15 14:33:16.266   set /dev12195/system/internaltrigger/synchronization/enable 0
2025.05.15 14:33:16.266   set /dev12195/scopes/0/enable 0
2025.05.15 14:33:16.266   set /dev12195/qachannels/0/pipeliner/mode 0
2025.05.15 14:33:16.267   set /dev12195/qachannels/0/synchronization/enable 0
2025.05.15 14:33:16.267   set /dev12195/qachannels/0/generator/enable 0
2025.05.15 14:33:16.267   set /dev12195/qachannels/0/readout/result/enable 0
2025.05.15 14:33:16.267   set /dev12195/qachannels/0/spectroscopy/psd/enable 0
2025.05.15 14:33:16.268   set /dev12195/qachannels/0/spectroscopy/result/enable 0
2025.05.15 14:33:16.268   set /dev12195/qachannels/0/output/rflfinterlock 1
2025.05.15 14:33:16.268   set /dev12195/qachannels/0/oscs/0/gain 1
2025.05.15 14:33:16.268   set /dev12195/scopes/0/channels/0/enable 0
2025.05.15 14:33:16.268   set /dev12195/scopes/0/channels/1/enable 0
2025.05.15 14:33:16.268   set /dev12195/scopes/0/channels/2/enable 0
2025.05.15 14:33:16.269   set /dev12195/scopes/0/channels/3/enable 0
2025.05.15 14:33:16.273   get /dev12195/sgchannels/0/output/overrangecount -
2025.05.15 14:33:16.273   get /dev12195/sgchannels/1/output/overrangecount -
2025.05.15 14:33:16.273   get /dev12195/sgchannels/2/output/overrangecount -
2025.05.15 14:33:16.274   get /dev12195/sgchannels/3/output/overrangecount -
2025.05.15 14:33:16.274   get /dev12195/sgchannels/4/output/overrangecount -
2025.05.15 14:33:16.274   get /dev12195/sgchannels/5/output/overrangecount -
2025.05.15 14:33:16.274   get /dev12195/qachannels/0/output/overrangecount -
2025.05.15 14:33:16.274   get /dev12195/qachannels/0/input/overrangecount -
2025.05.15 14:33:16.274   set /dev12195/sgchannels/4/output/on 1
2025.05.15 14:33:16.274   set /dev12195/sgchannels/4/awg/single 1
2025.05.15 14:33:16.275   set /dev12195/sgchannels/4/awg/modulation/enable 1
2025.05.15 14:33:16.275   set /dev12195/sgchannels/4/marker/source 0
2025.05.15 14:33:16.275   set /dev12195/sgchannels/4/trigger/delay 0
2025.05.15 14:33:16.275   set /dev12195/sgchannels/4/output/rflfpath 1
2025.05.15 14:33:16.275   set /dev12195/sgchannels/4/output/muting/enable 0
2025.05.15 14:33:16.275   set /dev12195/sgchannels/4/sines/0/oscselect 0
2025.05.15 14:33:16.275   set /dev12195/sgchannels/4/sines/0/harmonic 1
2025.05.15 14:33:16.275   set /dev12195/sgchannels/4/sines/0/phaseshift 0
2025.05.15 14:33:16.275   set /dev12195/qachannels/0/output/on 1
2025.05.15 14:33:16.276   set /dev12195/qachannels/0/generator/single 1
2025.05.15 14:33:16.276   set /dev12195/qachannels/0/output/muting/enable 0
2025.05.15 14:33:16.276   set /dev12195/qachannels/0/input/rflfpath 1
2025.05.15 14:33:16.276   set /dev12195/qachannels/0/input/on 1
2025.05.15 14:33:16.277   set /dev12195/sgchannels/4/oscs/0/freq 4e+07
2025.05.15 14:33:16.277   set /dev12195/qachannels/0/oscs/0/freq 0
2025.05.15 14:33:16.277   set /dev12195/sgchannels/4/awg/auxtriggers/0/slope 1
2025.05.15 14:33:16.277   set /dev12195/sgchannels/4/awg/auxtriggers/0/channel 8
2025.05.15 14:33:16.277   set /dev12195/system/internaltrigger/enable 0
2025.05.15 14:33:16.277   set /dev12195/system/internaltrigger/repetitions 1
2025.05.15 14:33:16.278   set /dev12195/qachannels/0/markers/0/source 32
2025.05.15 14:33:16.278   set /dev12195/qachannels/0/markers/1/source 36
2025.05.15 14:33:16.278   set /dev12195/qachannels/0/generator/auxtriggers/0/channel 8
2025.05.15 14:33:16.278   set /dev12195/sgchannels/4/oscs/0/freq 4e+07
2025.05.15 14:33:16.279   set /dev12195/synthesizers/3/centerfreq 3.6e+09
2025.05.15 14:33:16.279   set /dev12195/sgchannels/4/output/delay 0
2025.05.15 14:33:16.279   set /dev12195/qachannels/0/centerfreq 6.8e+09
2025.05.15 14:33:16.279   set /dev12195/qachannels/0/spectroscopy/envelope/delay 0
2025.05.15 14:33:16.279   set /dev12195/qachannels/0/spectroscopy/delay 2.2e-07
2025.05.15 14:33:16.280   set /dev12195/qachannels/0/mode 0
2025.05.15 14:33:16.280   set /dev12195/qachannels/0/spectroscopy/trigger/channel 36
2025.05.15 14:33:16.280   set /dev12195/qachannels/0/spectroscopy/length 4000
2025.05.15 14:33:16.280   set /dev12195/sgchannels/4/awg/elf/data vector (1528 B)
2025.05.15 14:33:16.280   set /dev12195/sgchannels/4/awg/commandtable/data vector (152 B)
2025.05.15 14:33:16.280   set /dev12195/qachannels/0/readout/result/enable 0
2025.05.15 14:33:16.281   set /dev12195/qachannels/0/spectroscopy/result/length 101
2025.05.15 14:33:16.281   set /dev12195/qachannels/0/spectroscopy/result/averages 256
2025.05.15 14:33:16.281   set /dev12195/qachannels/0/spectroscopy/result/mode 0
2025.05.15 14:33:16.281   set /dev12195/qachannels/0/spectroscopy/psd/enable 0
2025.05.15 14:33:16.281   set /dev12195/qachannels/0/spectroscopy/result/enable 0
2025.05.15 14:33:16.281   set /dev12195/qachannels/0/spectroscopy/result/enable 1
2025.05.15 14:33:16.281   set /dev12195/scopes/0/enable 0
2025.05.15 14:33:16.282   set /dev12195/qachannels/0/generator/elf/data vector (4272 B)
2025.05.15 14:33:16.282   set /dev12195/qachannels/0/spectroscopy/envelope/wave vector (32000 B)
2025.05.15 14:33:16.282   get /dev12195/qachannels/0/spectroscopy/envelope/wave -
2025.05.15 14:33:16.282   set /dev12195/qachannels/0/spectroscopy/envelope/enable 1
2025.05.15 14:33:16.282   set /dev12195/qachannels/0/readout/multistate/qudits/0/weights/0/wave vector (64000 B)
2025.05.15 14:33:16.282   set /dev12195/qachannels/0/readout/integration/length 4000
2025.05.15 14:33:16.283   set /dev12195/sgchannels/4/awg/enable 1
2025.05.15 14:33:16.283   set /dev12195/qachannels/0/generator/enable 1
2025.05.15 14:33:16.284   set /dev12195/system/internaltrigger/enable 1
2025.05.15 14:33:16.285   set /dev12195/raw/system/awg/runtimechecks/enable 0
2025.05.15 14:33:16.285   set /dev12195/qachannels/0/readout/result/enable 0
2025.05.15 14:33:16.286   get /dev12195/raw/error/json/errors -
2025.05.15 14:33:16.286   get /dev12195/raw/error/json/errors -
2025.05.15 14:33:16.287   set /dev12195/qachannels/0/spectroscopy/envelope/enable 1
2025.05.15 14:36:36.652 Node log from the data server with id 'zi_server':
2025.05.15 14:36:36.652   get /dev12195/raw/system/awg/runtimechecks/enable -
2025.05.15 14:36:36.652   get /dev12195/raw/system/awg/runtimechecks/enable -
2025.05.15 14:36:36.652   get /dev12195/system/clocks/referenceclock/in/freq -
2025.05.15 14:36:36.652   get /dev12195/system/clocks/referenceclock/in/sourceactual -
2025.05.15 14:36:36.652   get /dev12195/system/clocks/referenceclock/in/source -
2025.05.15 14:36:36.652   get /dev12195/system/clocks/referenceclock/in/status -
2025.05.15 14:36:36.652   get /dev12195/system/clocks/referenceclock/in/freq -
2025.05.15 14:36:36.652   get /dev12195/system/clocks/referenceclock/in/sourceactual -
2025.05.15 14:36:36.652   get /dev12195/system/clocks/referenceclock/in/source -
2025.05.15 14:36:36.654   get /dev12195/system/clocks/referenceclock/in/status -
2025.05.15 14:36:38.289 Node log from the data server with id 'zi_server':
2025.05.15 14:36:38.290   set /dev12195/raw/error/clear 1
2025.05.15 14:36:38.290   set /dev12195/sgchannels/0/pipeliner/mode 0
2025.05.15 14:36:38.290   set /dev12195/sgchannels/1/pipeliner/mode 0
2025.05.15 14:36:38.290   set /dev12195/sgchannels/2/pipeliner/mode 0
2025.05.15 14:36:38.290   set /dev12195/sgchannels/3/pipeliner/mode 0
2025.05.15 14:36:38.290   set /dev12195/sgchannels/4/pipeliner/mode 0
2025.05.15 14:36:38.291   set /dev12195/sgchannels/5/pipeliner/mode 0
2025.05.15 14:36:38.291   set /dev12195/sgchannels/0/synchronization/enable 0
2025.05.15 14:36:38.291   set /dev12195/sgchannels/1/synchronization/enable 0
2025.05.15 14:36:38.291   set /dev12195/sgchannels/2/synchronization/enable 0
2025.05.15 14:36:38.291   set /dev12195/sgchannels/3/synchronization/enable 0
2025.05.15 14:36:38.291   set /dev12195/sgchannels/4/synchronization/enable 0
2025.05.15 14:36:38.291   set /dev12195/sgchannels/5/synchronization/enable 0
2025.05.15 14:36:38.291   set /dev12195/sgchannels/0/awg/enable 0
2025.05.15 14:36:38.292   set /dev12195/sgchannels/1/awg/enable 0
2025.05.15 14:36:38.292   set /dev12195/sgchannels/2/awg/enable 0
2025.05.15 14:36:38.292   set /dev12195/sgchannels/3/awg/enable 0
2025.05.15 14:36:38.292   set /dev12195/sgchannels/4/awg/enable 0
2025.05.15 14:36:38.292   set /dev12195/sgchannels/5/awg/enable 0
2025.05.15 14:36:38.293   set /dev12195/system/synchronization/source 0
2025.05.15 14:36:38.293   set /dev12195/system/internaltrigger/synchronization/enable 0
2025.05.15 14:36:38.294   set /dev12195/scopes/0/enable 0
2025.05.15 14:36:38.294   set /dev12195/qachannels/0/pipeliner/mode 0
2025.05.15 14:36:38.294   set /dev12195/qachannels/0/synchronization/enable 0
2025.05.15 14:36:38.294   set /dev12195/qachannels/0/generator/enable 0
2025.05.15 14:36:38.294   set /dev12195/qachannels/0/readout/result/enable 0
2025.05.15 14:36:38.294   set /dev12195/qachannels/0/spectroscopy/psd/enable 0
2025.05.15 14:36:38.294   set /dev12195/qachannels/0/spectroscopy/result/enable 0
2025.05.15 14:36:38.295   set /dev12195/qachannels/0/output/rflfinterlock 1
2025.05.15 14:36:38.295   set /dev12195/qachannels/0/oscs/0/gain 1
2025.05.15 14:36:38.295   set /dev12195/scopes/0/channels/0/enable 0
2025.05.15 14:36:38.295   set /dev12195/scopes/0/channels/1/enable 0
2025.05.15 14:36:38.295   set /dev12195/scopes/0/channels/2/enable 0
2025.05.15 14:36:38.295   set /dev12195/scopes/0/channels/3/enable 0
2025.05.15 14:36:38.299   get /dev12195/sgchannels/0/output/overrangecount -
2025.05.15 14:36:38.299   get /dev12195/sgchannels/1/output/overrangecount -
2025.05.15 14:36:38.299   get /dev12195/sgchannels/2/output/overrangecount -
2025.05.15 14:36:38.299   get /dev12195/sgchannels/3/output/overrangecount -
2025.05.15 14:36:38.299   get /dev12195/sgchannels/4/output/overrangecount -
2025.05.15 14:36:38.300   get /dev12195/sgchannels/5/output/overrangecount -
2025.05.15 14:36:38.300   get /dev12195/qachannels/0/output/overrangecount -
2025.05.15 14:36:38.300   get /dev12195/qachannels/0/input/overrangecount -
2025.05.15 14:36:38.300   set /dev12195/sgchannels/4/output/on 1
2025.05.15 14:36:38.300   set /dev12195/sgchannels/4/awg/single 1
2025.05.15 14:36:38.300   set /dev12195/sgchannels/4/awg/modulation/enable 1
2025.05.15 14:36:38.300   set /dev12195/sgchannels/4/marker/source 0
2025.05.15 14:36:38.301   set /dev12195/sgchannels/4/trigger/delay 0
2025.05.15 14:36:38.301   set /dev12195/sgchannels/4/output/rflfpath 1
2025.05.15 14:36:38.301   set /dev12195/sgchannels/4/output/muting/enable 0
2025.05.15 14:36:38.301   set /dev12195/sgchannels/4/sines/0/oscselect 0
2025.05.15 14:36:38.301   set /dev12195/sgchannels/4/sines/0/harmonic 1
2025.05.15 14:36:38.301   set /dev12195/sgchannels/4/sines/0/phaseshift 0
2025.05.15 14:36:38.301   set /dev12195/qachannels/0/output/on 1
2025.05.15 14:36:38.302   set /dev12195/qachannels/0/generator/single 1
2025.05.15 14:36:38.302   set /dev12195/qachannels/0/output/muting/enable 0
2025.05.15 14:36:38.302   set /dev12195/qachannels/0/input/rflfpath 1
2025.05.15 14:36:38.302   set /dev12195/qachannels/0/input/on 1
2025.05.15 14:36:38.302   set /dev12195/sgchannels/4/oscs/0/freq 4e+07
2025.05.15 14:36:38.302   set /dev12195/qachannels/0/oscs/0/freq 0
2025.05.15 14:36:38.302   set /dev12195/sgchannels/4/awg/auxtriggers/0/slope 1
2025.05.15 14:36:38.303   set /dev12195/sgchannels/4/awg/auxtriggers/0/channel 8
2025.05.15 14:36:38.303   set /dev12195/system/internaltrigger/enable 0
2025.05.15 14:36:38.303   set /dev12195/system/internaltrigger/repetitions 1
2025.05.15 14:36:38.303   set /dev12195/qachannels/0/markers/0/source 32
2025.05.15 14:36:38.303   set /dev12195/qachannels/0/markers/1/source 36
2025.05.15 14:36:38.303   set /dev12195/qachannels/0/generator/auxtriggers/0/channel 8
2025.05.15 14:36:38.303   set /dev12195/sgchannels/4/oscs/0/freq 4e+07
2025.05.15 14:36:38.304   set /dev12195/synthesizers/3/centerfreq 3.6e+09
2025.05.15 14:36:38.304   set /dev12195/sgchannels/4/output/delay 0
2025.05.15 14:36:38.304   set /dev12195/qachannels/0/centerfreq 6.8e+09
2025.05.15 14:36:38.304   set /dev12195/qachannels/0/spectroscopy/envelope/delay 0
2025.05.15 14:36:38.304   set /dev12195/qachannels/0/spectroscopy/delay 2.2e-07
2025.05.15 14:36:38.304   set /dev12195/qachannels/0/mode 0
2025.05.15 14:36:38.304   set /dev12195/qachannels/0/spectroscopy/trigger/channel 36
2025.05.15 14:36:38.305   set /dev12195/qachannels/0/spectroscopy/length 4000
2025.05.15 14:36:38.305   set /dev12195/sgchannels/4/awg/elf/data vector (1528 B)
2025.05.15 14:36:38.305   set /dev12195/sgchannels/4/awg/commandtable/data vector (152 B)
2025.05.15 14:36:38.306   set /dev12195/qachannels/0/readout/result/enable 0
2025.05.15 14:36:38.306   set /dev12195/qachannels/0/spectroscopy/result/length 101
2025.05.15 14:36:38.306   set /dev12195/qachannels/0/spectroscopy/result/averages 256
2025.05.15 14:36:38.306   set /dev12195/qachannels/0/spectroscopy/result/mode 0
2025.05.15 14:36:38.306   set /dev12195/qachannels/0/spectroscopy/psd/enable 0
2025.05.15 14:36:38.306   set /dev12195/qachannels/0/spectroscopy/result/enable 0
2025.05.15 14:36:38.306   set /dev12195/qachannels/0/spectroscopy/result/enable 1
2025.05.15 14:36:38.307   set /dev12195/scopes/0/enable 0
2025.05.15 14:36:38.307   set /dev12195/qachannels/0/generator/elf/data vector (4268 B)
2025.05.15 14:36:38.307   set /dev12195/qachannels/0/spectroscopy/envelope/wave vector (32000 B)
2025.05.15 14:36:38.307   get /dev12195/qachannels/0/spectroscopy/envelope/wave -
2025.05.15 14:36:38.307   set /dev12195/qachannels/0/spectroscopy/envelope/enable 1
2025.05.15 14:36:38.307   set /dev12195/qachannels/0/readout/multistate/qudits/0/weights/0/wave vector (64000 B)
2025.05.15 14:36:38.307   set /dev12195/qachannels/0/readout/integration/length 4000
2025.05.15 14:36:38.308   set /dev12195/sgchannels/4/awg/enable 1
2025.05.15 14:36:38.308   set /dev12195/qachannels/0/generator/enable 1
2025.05.15 14:36:38.309   set /dev12195/system/internaltrigger/enable 1
2025.05.15 14:36:38.310   set /dev12195/raw/system/awg/runtimechecks/enable 0
2025.05.15 14:36:38.310   set /dev12195/qachannels/0/readout/result/enable 0
2025.05.15 14:36:38.310   get /dev12195/raw/error/json/errors -
2025.05.15 14:36:38.311   get /dev12195/raw/error/json/errors -
2025.05.15 14:36:38.311   set /dev12195/qachannels/0/spectroscopy/envelope/enable 1
2025.05.15 14:36:40.228 Node log from the data server with id 'zi_server':
2025.05.15 14:36:40.229   set /dev12195/raw/error/clear 1
2025.05.15 14:36:40.229   set /dev12195/sgchannels/0/pipeliner/mode 0
2025.05.15 14:36:40.229   set /dev12195/sgchannels/1/pipeliner/mode 0
2025.05.15 14:36:40.229   set /dev12195/sgchannels/2/pipeliner/mode 0
2025.05.15 14:36:40.230   set /dev12195/sgchannels/3/pipeliner/mode 0
2025.05.15 14:36:40.230   set /dev12195/sgchannels/4/pipeliner/mode 0
2025.05.15 14:36:40.230   set /dev12195/sgchannels/5/pipeliner/mode 0
2025.05.15 14:36:40.230   set /dev12195/sgchannels/0/synchronization/enable 0
2025.05.15 14:36:40.230   set /dev12195/sgchannels/1/synchronization/enable 0
2025.05.15 14:36:40.230   set /dev12195/sgchannels/2/synchronization/enable 0
2025.05.15 14:36:40.230   set /dev12195/sgchannels/3/synchronization/enable 0
2025.05.15 14:36:40.231   set /dev12195/sgchannels/4/synchronization/enable 0
2025.05.15 14:36:40.231   set /dev12195/sgchannels/5/synchronization/enable 0
2025.05.15 14:36:40.231   set /dev12195/sgchannels/0/awg/enable 0
2025.05.15 14:36:40.231   set /dev12195/sgchannels/1/awg/enable 0
2025.05.15 14:36:40.231   set /dev12195/sgchannels/2/awg/enable 0
2025.05.15 14:36:40.231   set /dev12195/sgchannels/3/awg/enable 0
2025.05.15 14:36:40.232   set /dev12195/sgchannels/4/awg/enable 0
2025.05.15 14:36:40.232   set /dev12195/sgchannels/5/awg/enable 0
2025.05.15 14:36:40.233   set /dev12195/system/synchronization/source 0
2025.05.15 14:36:40.233   set /dev12195/system/internaltrigger/synchronization/enable 0
2025.05.15 14:36:40.233   set /dev12195/scopes/0/enable 0
2025.05.15 14:36:40.233   set /dev12195/qachannels/0/pipeliner/mode 0
2025.05.15 14:36:40.233   set /dev12195/qachannels/0/synchronization/enable 0
2025.05.15 14:36:40.234   set /dev12195/qachannels/0/generator/enable 0
2025.05.15 14:36:40.234   set /dev12195/qachannels/0/readout/result/enable 0
2025.05.15 14:36:40.234   set /dev12195/qachannels/0/spectroscopy/psd/enable 0
2025.05.15 14:36:40.234   set /dev12195/qachannels/0/spectroscopy/result/enable 0
2025.05.15 14:36:40.234   set /dev12195/qachannels/0/output/rflfinterlock 1
2025.05.15 14:36:40.234   set /dev12195/qachannels/0/oscs/0/gain 1
2025.05.15 14:36:40.234   set /dev12195/scopes/0/channels/0/enable 0
2025.05.15 14:36:40.235   set /dev12195/scopes/0/channels/1/enable 0
2025.05.15 14:36:40.235   set /dev12195/scopes/0/channels/2/enable 0
2025.05.15 14:36:40.235   set /dev12195/scopes/0/channels/3/enable 0
2025.05.15 14:36:40.238   get /dev12195/sgchannels/0/output/overrangecount -
2025.05.15 14:36:40.239   get /dev12195/sgchannels/1/output/overrangecount -
2025.05.15 14:36:40.239   get /dev12195/sgchannels/2/output/overrangecount -
2025.05.15 14:36:40.239   get /dev12195/sgchannels/3/output/overrangecount -
2025.05.15 14:36:40.239   get /dev12195/sgchannels/4/output/overrangecount -
2025.05.15 14:36:40.239   get /dev12195/sgchannels/5/output/overrangecount -
2025.05.15 14:36:40.239   get /dev12195/qachannels/0/output/overrangecount -
2025.05.15 14:36:40.239   get /dev12195/qachannels/0/input/overrangecount -
2025.05.15 14:36:40.240   set /dev12195/sgchannels/4/output/on 1
2025.05.15 14:36:40.240   set /dev12195/sgchannels/4/awg/single 1
2025.05.15 14:36:40.240   set /dev12195/sgchannels/4/awg/modulation/enable 1
2025.05.15 14:36:40.240   set /dev12195/sgchannels/4/marker/source 0
2025.05.15 14:36:40.240   set /dev12195/sgchannels/4/trigger/delay 0
2025.05.15 14:36:40.240   set /dev12195/sgchannels/4/output/rflfpath 1
2025.05.15 14:36:40.240   set /dev12195/sgchannels/4/output/muting/enable 0
2025.05.15 14:36:40.241   set /dev12195/sgchannels/4/sines/0/oscselect 0
2025.05.15 14:36:40.241   set /dev12195/sgchannels/4/sines/0/harmonic 1
2025.05.15 14:36:40.241   set /dev12195/sgchannels/4/sines/0/phaseshift 0
2025.05.15 14:36:40.241   set /dev12195/qachannels/0/output/on 1
2025.05.15 14:36:40.241   set /dev12195/qachannels/0/generator/single 1
2025.05.15 14:36:40.241   set /dev12195/qachannels/0/output/muting/enable 0
2025.05.15 14:36:40.241   set /dev12195/qachannels/0/input/rflfpath 1
2025.05.15 14:36:40.242   set /dev12195/qachannels/0/input/on 1
2025.05.15 14:36:40.242   set /dev12195/sgchannels/4/oscs/0/freq 4e+07
2025.05.15 14:36:40.242   set /dev12195/qachannels/0/oscs/0/freq 0
2025.05.15 14:36:40.242   set /dev12195/sgchannels/4/awg/auxtriggers/0/slope 1
2025.05.15 14:36:40.242   set /dev12195/sgchannels/4/awg/auxtriggers/0/channel 8
2025.05.15 14:36:40.242   set /dev12195/system/internaltrigger/enable 0
2025.05.15 14:36:40.242   set /dev12195/system/internaltrigger/repetitions 1
2025.05.15 14:36:40.243   set /dev12195/qachannels/0/markers/0/source 32
2025.05.15 14:36:40.243   set /dev12195/qachannels/0/markers/1/source 36
2025.05.15 14:36:40.243   set /dev12195/qachannels/0/generator/auxtriggers/0/channel 8
2025.05.15 14:36:40.243   set /dev12195/sgchannels/4/oscs/0/freq 4e+07
2025.05.15 14:36:40.243   set /dev12195/synthesizers/3/centerfreq 3.6e+09
2025.05.15 14:36:40.243   set /dev12195/sgchannels/4/output/delay 0
2025.05.15 14:36:40.244   set /dev12195/qachannels/0/centerfreq 6.8e+09
2025.05.15 14:36:40.244   set /dev12195/qachannels/0/spectroscopy/envelope/delay 0
2025.05.15 14:36:40.244   set /dev12195/qachannels/0/spectroscopy/delay 2.2e-07
2025.05.15 14:36:40.244   set /dev12195/qachannels/0/mode 0
2025.05.15 14:36:40.244   set /dev12195/qachannels/0/spectroscopy/trigger/channel 36
2025.05.15 14:36:40.244   set /dev12195/qachannels/0/spectroscopy/length 4000
2025.05.15 14:36:40.244   set /dev12195/sgchannels/4/awg/elf/data vector (1528 B)
2025.05.15 14:36:40.245   set /dev12195/sgchannels/4/awg/commandtable/data vector (152 B)
2025.05.15 14:36:40.245   set /dev12195/qachannels/0/readout/result/enable 0
2025.05.15 14:36:40.245   set /dev12195/qachannels/0/spectroscopy/result/length 101
2025.05.15 14:36:40.245   set /dev12195/qachannels/0/spectroscopy/result/averages 256
2025.05.15 14:36:40.245   set /dev12195/qachannels/0/spectroscopy/result/mode 0
2025.05.15 14:36:40.245   set /dev12195/qachannels/0/spectroscopy/psd/enable 0
2025.05.15 14:36:40.245   set /dev12195/qachannels/0/spectroscopy/result/enable 0
2025.05.15 14:36:40.246   set /dev12195/qachannels/0/spectroscopy/result/enable 1
2025.05.15 14:36:40.246   set /dev12195/scopes/0/enable 0
2025.05.15 14:36:40.246   set /dev12195/qachannels/0/generator/elf/data vector (4268 B)
2025.05.15 14:36:40.246   set /dev12195/qachannels/0/spectroscopy/envelope/wave vector (32000 B)
2025.05.15 14:36:40.246   get /dev12195/qachannels/0/spectroscopy/envelope/wave -
2025.05.15 14:36:40.246   set /dev12195/qachannels/0/spectroscopy/envelope/enable 1
2025.05.15 14:36:40.246   set /dev12195/qachannels/0/readout/multistate/qudits/0/weights/0/wave vector (64000 B)
2025.05.15 14:36:40.247   set /dev12195/qachannels/0/readout/integration/length 4000
2025.05.15 14:36:40.247   set /dev12195/sgchannels/4/awg/enable 1
2025.05.15 14:36:40.247   set /dev12195/qachannels/0/generator/enable 1
2025.05.15 14:36:40.248   set /dev12195/system/internaltrigger/enable 1
2025.05.15 14:36:40.249   set /dev12195/raw/system/awg/runtimechecks/enable 0
2025.05.15 14:36:40.249   set /dev12195/qachannels/0/readout/result/enable 0
2025.05.15 14:36:40.249   get /dev12195/raw/error/json/errors -
2025.05.15 14:36:40.250   get /dev12195/raw/error/json/errors -
2025.05.15 14:36:40.250   set /dev12195/qachannels/0/spectroscopy/envelope/enable 1
2025.05.15 14:36:47.151 Node log from the data server with id 'zi_server':
2025.05.15 14:36:47.152   get /dev12195/raw/system/awg/runtimechecks/enable -
2025.05.15 14:36:47.152   get /dev12195/raw/system/awg/runtimechecks/enable -
2025.05.15 14:36:47.152   get /dev12195/system/clocks/referenceclock/in/freq -
2025.05.15 14:36:47.152   get /dev12195/system/clocks/referenceclock/in/sourceactual -
2025.05.15 14:36:47.152   get /dev12195/system/clocks/referenceclock/in/source -
2025.05.15 14:36:47.153   get /dev12195/system/clocks/referenceclock/in/status -
2025.05.15 14:36:47.153   get /dev12195/system/clocks/referenceclock/in/freq -
2025.05.15 14:36:47.153   get /dev12195/system/clocks/referenceclock/in/sourceactual -
2025.05.15 14:36:47.153   get /dev12195/system/clocks/referenceclock/in/source -
2025.05.15 14:36:47.153   get /dev12195/system/clocks/referenceclock/in/status -
2025.05.15 14:36:48.480 Node log from the data server with id 'zi_server':
2025.05.15 14:36:48.481   set /dev12195/raw/error/clear 1
2025.05.15 14:36:48.481   set /dev12195/sgchannels/0/pipeliner/mode 0
2025.05.15 14:36:48.481   set /dev12195/sgchannels/1/pipeliner/mode 0
2025.05.15 14:36:48.481   set /dev12195/sgchannels/2/pipeliner/mode 0
2025.05.15 14:36:48.481   set /dev12195/sgchannels/3/pipeliner/mode 0
2025.05.15 14:36:48.481   set /dev12195/sgchannels/4/pipeliner/mode 0
2025.05.15 14:36:48.481   set /dev12195/sgchannels/5/pipeliner/mode 0
2025.05.15 14:36:48.482   set /dev12195/sgchannels/0/synchronization/enable 0
2025.05.15 14:36:48.482   set /dev12195/sgchannels/1/synchronization/enable 0
2025.05.15 14:36:48.482   set /dev12195/sgchannels/2/synchronization/enable 0
2025.05.15 14:36:48.482   set /dev12195/sgchannels/3/synchronization/enable 0
2025.05.15 14:36:48.482   set /dev12195/sgchannels/4/synchronization/enable 0
2025.05.15 14:36:48.482   set /dev12195/sgchannels/5/synchronization/enable 0
2025.05.15 14:36:48.483   set /dev12195/sgchannels/0/awg/enable 0
2025.05.15 14:36:48.483   set /dev12195/sgchannels/1/awg/enable 0
2025.05.15 14:36:48.483   set /dev12195/sgchannels/2/awg/enable 0
2025.05.15 14:36:48.483   set /dev12195/sgchannels/3/awg/enable 0
2025.05.15 14:36:48.483   set /dev12195/sgchannels/4/awg/enable 0
2025.05.15 14:36:48.483   set /dev12195/sgchannels/5/awg/enable 0
2025.05.15 14:36:48.484   set /dev12195/system/synchronization/source 0
2025.05.15 14:36:48.485   set /dev12195/system/internaltrigger/synchronization/enable 0
2025.05.15 14:36:48.485   set /dev12195/scopes/0/enable 0
2025.05.15 14:36:48.485   set /dev12195/qachannels/0/pipeliner/mode 0
2025.05.15 14:36:48.485   set /dev12195/qachannels/0/synchronization/enable 0
2025.05.15 14:36:48.485   set /dev12195/qachannels/0/generator/enable 0
2025.05.15 14:36:48.485   set /dev12195/qachannels/0/readout/result/enable 0
2025.05.15 14:36:48.485   set /dev12195/qachannels/0/spectroscopy/psd/enable 0
2025.05.15 14:36:48.486   set /dev12195/qachannels/0/spectroscopy/result/enable 0
2025.05.15 14:36:48.486   set /dev12195/qachannels/0/output/rflfinterlock 1
2025.05.15 14:36:48.486   set /dev12195/qachannels/0/oscs/0/gain 1
2025.05.15 14:36:48.486   set /dev12195/scopes/0/channels/0/enable 0
2025.05.15 14:36:48.486   set /dev12195/scopes/0/channels/1/enable 0
2025.05.15 14:36:48.486   set /dev12195/scopes/0/channels/2/enable 0
2025.05.15 14:36:48.486   set /dev12195/scopes/0/channels/3/enable 0
2025.05.15 14:36:48.490   get /dev12195/sgchannels/0/output/overrangecount -
2025.05.15 14:36:48.490   get /dev12195/sgchannels/1/output/overrangecount -
2025.05.15 14:36:48.490   get /dev12195/sgchannels/2/output/overrangecount -
2025.05.15 14:36:48.490   get /dev12195/sgchannels/3/output/overrangecount -
2025.05.15 14:36:48.490   get /dev12195/sgchannels/4/output/overrangecount -
2025.05.15 14:36:48.491   get /dev12195/sgchannels/5/output/overrangecount -
2025.05.15 14:36:48.491   get /dev12195/qachannels/0/output/overrangecount -
2025.05.15 14:36:48.491   get /dev12195/qachannels/0/input/overrangecount -
2025.05.15 14:36:48.491   set /dev12195/sgchannels/4/output/on 1
2025.05.15 14:36:48.491   set /dev12195/sgchannels/4/awg/single 1
2025.05.15 14:36:48.491   set /dev12195/sgchannels/4/awg/modulation/enable 1
2025.05.15 14:36:48.491   set /dev12195/sgchannels/4/marker/source 0
2025.05.15 14:36:48.492   set /dev12195/sgchannels/4/trigger/delay 0
2025.05.15 14:36:48.492   set /dev12195/sgchannels/4/output/rflfpath 1
2025.05.15 14:36:48.492   set /dev12195/sgchannels/4/output/muting/enable 0
2025.05.15 14:36:48.492   set /dev12195/sgchannels/4/sines/0/oscselect 0
2025.05.15 14:36:48.492   set /dev12195/sgchannels/4/sines/0/harmonic 1
2025.05.15 14:36:48.492   set /dev12195/sgchannels/4/sines/0/phaseshift 0
2025.05.15 14:36:48.492   set /dev12195/qachannels/0/output/on 1
2025.05.15 14:36:48.493   set /dev12195/qachannels/0/generator/single 1
2025.05.15 14:36:48.493   set /dev12195/qachannels/0/output/muting/enable 0
2025.05.15 14:36:48.493   set /dev12195/qachannels/0/input/rflfpath 1
2025.05.15 14:36:48.493   set /dev12195/qachannels/0/input/on 1
2025.05.15 14:36:48.493   set /dev12195/sgchannels/4/oscs/0/freq 4e+07
2025.05.15 14:36:48.493   set /dev12195/qachannels/0/oscs/0/freq 0
2025.05.15 14:36:48.493   set /dev12195/sgchannels/4/awg/auxtriggers/0/slope 1
2025.05.15 14:36:48.494   set /dev12195/sgchannels/4/awg/auxtriggers/0/channel 8
2025.05.15 14:36:48.494   set /dev12195/system/internaltrigger/enable 0
2025.05.15 14:36:48.494   set /dev12195/system/internaltrigger/repetitions 1
2025.05.15 14:36:48.494   set /dev12195/qachannels/0/markers/0/source 32
2025.05.15 14:36:48.494   set /dev12195/qachannels/0/markers/1/source 36
2025.05.15 14:36:48.494   set /dev12195/qachannels/0/generator/auxtriggers/0/channel 8
2025.05.15 14:36:48.494   set /dev12195/sgchannels/4/oscs/0/freq 4e+07
2025.05.15 14:36:48.495   set /dev12195/synthesizers/3/centerfreq 3.6e+09
2025.05.15 14:36:48.495   set /dev12195/sgchannels/4/output/delay 0
2025.05.15 14:36:48.495   set /dev12195/qachannels/0/centerfreq 6.8e+09
2025.05.15 14:36:48.495   set /dev12195/qachannels/0/spectroscopy/envelope/delay 0
2025.05.15 14:36:48.495   set /dev12195/qachannels/0/spectroscopy/delay 2.2e-07
2025.05.15 14:36:48.495   set /dev12195/qachannels/0/mode 0
2025.05.15 14:36:48.495   set /dev12195/qachannels/0/spectroscopy/trigger/channel 36
2025.05.15 14:36:48.496   set /dev12195/qachannels/0/spectroscopy/length 4000
2025.05.15 14:36:48.496   set /dev12195/sgchannels/4/awg/elf/data vector (1528 B)
2025.05.15 14:36:48.496   set /dev12195/sgchannels/4/awg/commandtable/data vector (152 B)
2025.05.15 14:36:48.496   set /dev12195/qachannels/0/readout/result/enable 0
2025.05.15 14:36:48.496   set /dev12195/qachannels/0/spectroscopy/result/length 101
2025.05.15 14:36:48.496   set /dev12195/qachannels/0/spectroscopy/result/averages 256
2025.05.15 14:36:48.496   set /dev12195/qachannels/0/spectroscopy/result/mode 0
2025.05.15 14:36:48.497   set /dev12195/qachannels/0/spectroscopy/psd/enable 0
2025.05.15 14:36:48.497   set /dev12195/qachannels/0/spectroscopy/result/enable 0
2025.05.15 14:36:48.497   set /dev12195/qachannels/0/spectroscopy/result/enable 1
2025.05.15 14:36:48.497   set /dev12195/scopes/0/enable 0
2025.05.15 14:36:48.497   set /dev12195/qachannels/0/generator/elf/data vector (4268 B)
2025.05.15 14:36:48.497   set /dev12195/qachannels/0/spectroscopy/envelope/wave vector (32000 B)
2025.05.15 14:36:48.497   get /dev12195/qachannels/0/spectroscopy/envelope/wave -
2025.05.15 14:36:48.498   set /dev12195/qachannels/0/spectroscopy/envelope/enable 1
2025.05.15 14:36:48.498   set /dev12195/qachannels/0/readout/multistate/qudits/0/weights/0/wave vector (64000 B)
2025.05.15 14:36:48.498   set /dev12195/qachannels/0/readout/integration/length 4000
2025.05.15 14:36:48.498   set /dev12195/sgchannels/4/awg/enable 1
2025.05.15 14:36:48.498   set /dev12195/qachannels/0/generator/enable 1
2025.05.15 14:36:48.499   set /dev12195/system/internaltrigger/enable 1
2025.05.15 14:36:48.500   set /dev12195/raw/system/awg/runtimechecks/enable 0
2025.05.15 14:36:48.500   set /dev12195/qachannels/0/readout/result/enable 0
2025.05.15 14:36:48.501   get /dev12195/raw/error/json/errors -
2025.05.15 14:36:48.501   get /dev12195/raw/error/json/errors -
2025.05.15 14:36:48.502   set /dev12195/qachannels/0/spectroscopy/envelope/enable 1
2025.05.15 14:36:50.074 Node log from the data server with id 'zi_server':
2025.05.15 14:36:50.075   set /dev12195/raw/error/clear 1
2025.05.15 14:36:50.075   set /dev12195/sgchannels/0/pipeliner/mode 0
2025.05.15 14:36:50.075   set /dev12195/sgchannels/1/pipeliner/mode 0
2025.05.15 14:36:50.076   set /dev12195/sgchannels/2/pipeliner/mode 0
2025.05.15 14:36:50.076   set /dev12195/sgchannels/3/pipeliner/mode 0
2025.05.15 14:36:50.076   set /dev12195/sgchannels/4/pipeliner/mode 0
2025.05.15 14:36:50.076   set /dev12195/sgchannels/5/pipeliner/mode 0
2025.05.15 14:36:50.076   set /dev12195/sgchannels/0/synchronization/enable 0
2025.05.15 14:36:50.076   set /dev12195/sgchannels/1/synchronization/enable 0
2025.05.15 14:36:50.076   set /dev12195/sgchannels/2/synchronization/enable 0
2025.05.15 14:36:50.077   set /dev12195/sgchannels/3/synchronization/enable 0
2025.05.15 14:36:50.077   set /dev12195/sgchannels/4/synchronization/enable 0
2025.05.15 14:36:50.077   set /dev12195/sgchannels/5/synchronization/enable 0
2025.05.15 14:36:50.077   set /dev12195/sgchannels/0/awg/enable 0
2025.05.15 14:36:50.077   set /dev12195/sgchannels/1/awg/enable 0
2025.05.15 14:36:50.077   set /dev12195/sgchannels/2/awg/enable 0
2025.05.15 14:36:50.078   set /dev12195/sgchannels/3/awg/enable 0
2025.05.15 14:36:50.078   set /dev12195/sgchannels/4/awg/enable 0
2025.05.15 14:36:50.078   set /dev12195/sgchannels/5/awg/enable 0
2025.05.15 14:36:50.079   set /dev12195/system/synchronization/source 0
2025.05.15 14:36:50.080   set /dev12195/system/internaltrigger/synchronization/enable 0
2025.05.15 14:36:50.080   set /dev12195/scopes/0/enable 0
2025.05.15 14:36:50.080   set /dev12195/qachannels/0/pipeliner/mode 0
2025.05.15 14:36:50.080   set /dev12195/qachannels/0/synchronization/enable 0
2025.05.15 14:36:50.080   set /dev12195/qachannels/0/generator/enable 0
2025.05.15 14:36:50.081   set /dev12195/qachannels/0/readout/result/enable 0
2025.05.15 14:36:50.081   set /dev12195/qachannels/0/spectroscopy/psd/enable 0
2025.05.15 14:36:50.081   set /dev12195/qachannels/0/spectroscopy/result/enable 0
2025.05.15 14:36:50.081   set /dev12195/qachannels/0/output/rflfinterlock 1
2025.05.15 14:36:50.081   set /dev12195/qachannels/0/oscs/0/gain 1
2025.05.15 14:36:50.081   set /dev12195/scopes/0/channels/0/enable 0
2025.05.15 14:36:50.082   set /dev12195/scopes/0/channels/1/enable 0
2025.05.15 14:36:50.082   set /dev12195/scopes/0/channels/2/enable 0
2025.05.15 14:36:50.082   set /dev12195/scopes/0/channels/3/enable 0
2025.05.15 14:36:50.085   get /dev12195/sgchannels/0/output/overrangecount -
2025.05.15 14:36:50.086   get /dev12195/sgchannels/1/output/overrangecount -
2025.05.15 14:36:50.086   get /dev12195/sgchannels/2/output/overrangecount -
2025.05.15 14:36:50.086   get /dev12195/sgchannels/3/output/overrangecount -
2025.05.15 14:36:50.086   get /dev12195/sgchannels/4/output/overrangecount -
2025.05.15 14:36:50.086   get /dev12195/sgchannels/5/output/overrangecount -
2025.05.15 14:36:50.086   get /dev12195/qachannels/0/output/overrangecount -
2025.05.15 14:36:50.086   get /dev12195/qachannels/0/input/overrangecount -
2025.05.15 14:36:50.087   set /dev12195/sgchannels/4/output/on 1
2025.05.15 14:36:50.087   set /dev12195/sgchannels/4/awg/single 1
2025.05.15 14:36:50.087   set /dev12195/sgchannels/4/awg/modulation/enable 1
2025.05.15 14:36:50.087   set /dev12195/sgchannels/4/marker/source 0
2025.05.15 14:36:50.087   set /dev12195/sgchannels/4/trigger/delay 0
2025.05.15 14:36:50.087   set /dev12195/sgchannels/4/output/rflfpath 1
2025.05.15 14:36:50.087   set /dev12195/sgchannels/4/output/muting/enable 0
2025.05.15 14:36:50.088   set /dev12195/sgchannels/4/sines/0/oscselect 0
2025.05.15 14:36:50.088   set /dev12195/sgchannels/4/sines/0/harmonic 1
2025.05.15 14:36:50.088   set /dev12195/sgchannels/4/sines/0/phaseshift 0
2025.05.15 14:36:50.088   set /dev12195/qachannels/0/output/on 1
2025.05.15 14:36:50.088   set /dev12195/qachannels/0/generator/single 1
2025.05.15 14:36:50.088   set /dev12195/qachannels/0/output/muting/enable 0
2025.05.15 14:36:50.088   set /dev12195/qachannels/0/input/rflfpath 1
2025.05.15 14:36:50.088   set /dev12195/qachannels/0/input/on 1
2025.05.15 14:36:50.089   set /dev12195/sgchannels/4/oscs/0/freq 4e+07
2025.05.15 14:36:50.089   set /dev12195/qachannels/0/oscs/0/freq 0
2025.05.15 14:36:50.089   set /dev12195/sgchannels/4/awg/auxtriggers/0/slope 1
2025.05.15 14:36:50.089   set /dev12195/sgchannels/4/awg/auxtriggers/0/channel 8
2025.05.15 14:36:50.089   set /dev12195/system/internaltrigger/enable 0
2025.05.15 14:36:50.089   set /dev12195/system/internaltrigger/repetitions 1
2025.05.15 14:36:50.089   set /dev12195/qachannels/0/markers/0/source 32
2025.05.15 14:36:50.090   set /dev12195/qachannels/0/markers/1/source 36
2025.05.15 14:36:50.090   set /dev12195/qachannels/0/generator/auxtriggers/0/channel 8
2025.05.15 14:36:50.090   set /dev12195/sgchannels/4/oscs/0/freq 4e+07
2025.05.15 14:36:50.090   set /dev12195/synthesizers/3/centerfreq 3.6e+09
2025.05.15 14:36:50.090   set /dev12195/sgchannels/4/output/delay 0
2025.05.15 14:36:50.090   set /dev12195/qachannels/0/centerfreq 6.8e+09
2025.05.15 14:36:50.091   set /dev12195/qachannels/0/spectroscopy/envelope/delay 0
2025.05.15 14:36:50.091   set /dev12195/qachannels/0/spectroscopy/delay 2.2e-07
2025.05.15 14:36:50.091   set /dev12195/qachannels/0/mode 0
2025.05.15 14:36:50.091   set /dev12195/qachannels/0/spectroscopy/trigger/channel 36
2025.05.15 14:36:50.091   set /dev12195/qachannels/0/spectroscopy/length 4000
2025.05.15 14:36:50.091   set /dev12195/sgchannels/4/awg/elf/data vector (1528 B)
2025.05.15 14:36:50.091   set /dev12195/sgchannels/4/awg/commandtable/data vector (152 B)
2025.05.15 14:36:50.092   set /dev12195/qachannels/0/readout/result/enable 0
2025.05.15 14:36:50.092   set /dev12195/qachannels/0/spectroscopy/result/length 101
2025.05.15 14:36:50.092   set /dev12195/qachannels/0/spectroscopy/result/averages 256
2025.05.15 14:36:50.092   set /dev12195/qachannels/0/spectroscopy/result/mode 0
2025.05.15 14:36:50.092   set /dev12195/qachannels/0/spectroscopy/psd/enable 0
2025.05.15 14:36:50.092   set /dev12195/qachannels/0/spectroscopy/result/enable 0
2025.05.15 14:36:50.093   set /dev12195/qachannels/0/spectroscopy/result/enable 1
2025.05.15 14:36:50.093   set /dev12195/scopes/0/enable 0
2025.05.15 14:36:50.093   set /dev12195/qachannels/0/generator/elf/data vector (4268 B)
2025.05.15 14:36:50.093   set /dev12195/qachannels/0/spectroscopy/envelope/wave vector (32000 B)
2025.05.15 14:36:50.093   get /dev12195/qachannels/0/spectroscopy/envelope/wave -
2025.05.15 14:36:50.093   set /dev12195/qachannels/0/spectroscopy/envelope/enable 1
2025.05.15 14:36:50.093   set /dev12195/qachannels/0/readout/multistate/qudits/0/weights/0/wave vector (64000 B)
2025.05.15 14:36:50.094   set /dev12195/qachannels/0/readout/integration/length 4000
2025.05.15 14:36:50.094   set /dev12195/sgchannels/4/awg/enable 1
2025.05.15 14:36:50.094   set /dev12195/qachannels/0/generator/enable 1
2025.05.15 14:36:50.095   set /dev12195/system/internaltrigger/enable 1
2025.05.15 14:36:50.096   set /dev12195/raw/system/awg/runtimechecks/enable 0
2025.05.15 14:36:50.096   set /dev12195/qachannels/0/readout/result/enable 0
2025.05.15 14:36:50.097   get /dev12195/raw/error/json/errors -
2025.05.15 14:36:50.097   get /dev12195/raw/error/json/errors -
2025.05.15 14:36:50.098   set /dev12195/qachannels/0/spectroscopy/envelope/enable 1
2025.05.15 14:37:02.041 Node log from the data server with id 'zi_server':
2025.05.15 14:37:02.041   get /dev12195/raw/system/awg/runtimechecks/enable -
2025.05.15 14:37:02.041   get /dev12195/raw/system/awg/runtimechecks/enable -
2025.05.15 14:37:02.041   get /dev12195/system/clocks/referenceclock/in/freq -
2025.05.15 14:37:02.041   get /dev12195/system/clocks/referenceclock/in/sourceactual -
2025.05.15 14:37:02.041   get /dev12195/system/clocks/referenceclock/in/source -
2025.05.15 14:37:02.041   get /dev12195/system/clocks/referenceclock/in/status -
2025.05.15 14:37:02.041   get /dev12195/system/clocks/referenceclock/in/freq -
2025.05.15 14:37:02.041   get /dev12195/system/clocks/referenceclock/in/sourceactual -
2025.05.15 14:37:02.043   get /dev12195/system/clocks/referenceclock/in/source -
2025.05.15 14:37:02.043   get /dev12195/system/clocks/referenceclock/in/status -
2025.05.15 14:37:03.657 Node log from the data server with id 'zi_server':
2025.05.15 14:37:03.658   set /dev12195/raw/error/clear 1
2025.05.15 14:37:03.658   set /dev12195/sgchannels/0/pipeliner/mode 0
2025.05.15 14:37:03.659   set /dev12195/sgchannels/1/pipeliner/mode 0
2025.05.15 14:37:03.659   set /dev12195/sgchannels/2/pipeliner/mode 0
2025.05.15 14:37:03.659   set /dev12195/sgchannels/3/pipeliner/mode 0
2025.05.15 14:37:03.659   set /dev12195/sgchannels/4/pipeliner/mode 0
2025.05.15 14:37:03.659   set /dev12195/sgchannels/5/pipeliner/mode 0
2025.05.15 14:37:03.659   set /dev12195/sgchannels/0/synchronization/enable 0
2025.05.15 14:37:03.659   set /dev12195/sgchannels/1/synchronization/enable 0
2025.05.15 14:37:03.660   set /dev12195/sgchannels/2/synchronization/enable 0
2025.05.15 14:37:03.660   set /dev12195/sgchannels/3/synchronization/enable 0
2025.05.15 14:37:03.660   set /dev12195/sgchannels/4/synchronization/enable 0
2025.05.15 14:37:03.660   set /dev12195/sgchannels/5/synchronization/enable 0
2025.05.15 14:37:03.660   set /dev12195/sgchannels/0/awg/enable 0
2025.05.15 14:37:03.660   set /dev12195/sgchannels/1/awg/enable 0
2025.05.15 14:37:03.661   set /dev12195/sgchannels/2/awg/enable 0
2025.05.15 14:37:03.661   set /dev12195/sgchannels/3/awg/enable 0
2025.05.15 14:37:03.661   set /dev12195/sgchannels/4/awg/enable 0
2025.05.15 14:37:03.661   set /dev12195/sgchannels/5/awg/enable 0
2025.05.15 14:37:03.662   set /dev12195/system/synchronization/source 0
2025.05.15 14:37:03.662   set /dev12195/system/internaltrigger/synchronization/enable 0
2025.05.15 14:37:03.662   set /dev12195/scopes/0/enable 0
2025.05.15 14:37:03.663   set /dev12195/qachannels/0/pipeliner/mode 0
2025.05.15 14:37:03.663   set /dev12195/qachannels/0/synchronization/enable 0
2025.05.15 14:37:03.663   set /dev12195/qachannels/0/generator/enable 0
2025.05.15 14:37:03.663   set /dev12195/qachannels/0/readout/result/enable 0
2025.05.15 14:37:03.663   set /dev12195/qachannels/0/spectroscopy/psd/enable 0
2025.05.15 14:37:03.663   set /dev12195/qachannels/0/spectroscopy/result/enable 0
2025.05.15 14:37:03.664   set /dev12195/qachannels/0/output/rflfinterlock 1
2025.05.15 14:37:03.664   set /dev12195/qachannels/0/oscs/0/gain 1
2025.05.15 14:37:03.664   set /dev12195/scopes/0/channels/0/enable 0
2025.05.15 14:37:03.664   set /dev12195/scopes/0/channels/1/enable 0
2025.05.15 14:37:03.664   set /dev12195/scopes/0/channels/2/enable 0
2025.05.15 14:37:03.664   set /dev12195/scopes/0/channels/3/enable 0
2025.05.15 14:37:03.668   get /dev12195/sgchannels/0/output/overrangecount -
2025.05.15 14:37:03.668   get /dev12195/sgchannels/1/output/overrangecount -
2025.05.15 14:37:03.668   get /dev12195/sgchannels/2/output/overrangecount -
2025.05.15 14:37:03.668   get /dev12195/sgchannels/3/output/overrangecount -
2025.05.15 14:37:03.668   get /dev12195/sgchannels/4/output/overrangecount -
2025.05.15 14:37:03.668   get /dev12195/sgchannels/5/output/overrangecount -
2025.05.15 14:37:03.669   get /dev12195/qachannels/0/output/overrangecount -
2025.05.15 14:37:03.669   get /dev12195/qachannels/0/input/overrangecount -
2025.05.15 14:37:03.669   set /dev12195/sgchannels/4/output/on 1
2025.05.15 14:37:03.669   set /dev12195/sgchannels/4/awg/single 1
2025.05.15 14:37:03.669   set /dev12195/sgchannels/4/awg/modulation/enable 1
2025.05.15 14:37:03.669   set /dev12195/sgchannels/4/marker/source 0
2025.05.15 14:37:03.669   set /dev12195/sgchannels/4/trigger/delay 0
2025.05.15 14:37:03.670   set /dev12195/sgchannels/4/output/rflfpath 1
2025.05.15 14:37:03.670   set /dev12195/sgchannels/4/output/muting/enable 0
2025.05.15 14:37:03.670   set /dev12195/sgchannels/4/sines/0/oscselect 0
2025.05.15 14:37:03.670   set /dev12195/sgchannels/4/sines/0/harmonic 1
2025.05.15 14:37:03.670   set /dev12195/sgchannels/4/sines/0/phaseshift 0
2025.05.15 14:37:03.670   set /dev12195/qachannels/0/output/on 1
2025.05.15 14:37:03.670   set /dev12195/qachannels/0/generator/single 1
2025.05.15 14:37:03.671   set /dev12195/qachannels/0/output/muting/enable 0
2025.05.15 14:37:03.671   set /dev12195/qachannels/0/input/rflfpath 1
2025.05.15 14:37:03.671   set /dev12195/qachannels/0/input/on 1
2025.05.15 14:37:03.671   set /dev12195/sgchannels/4/oscs/0/freq 4e+07
2025.05.15 14:37:03.671   set /dev12195/qachannels/0/oscs/0/freq 0
2025.05.15 14:37:03.671   set /dev12195/sgchannels/4/awg/auxtriggers/0/slope 1
2025.05.15 14:37:03.671   set /dev12195/sgchannels/4/awg/auxtriggers/0/channel 8
2025.05.15 14:37:03.672   set /dev12195/system/internaltrigger/enable 0
2025.05.15 14:37:03.672   set /dev12195/system/internaltrigger/repetitions 1
2025.05.15 14:37:03.672   set /dev12195/qachannels/0/markers/0/source 32
2025.05.15 14:37:03.672   set /dev12195/qachannels/0/markers/1/source 36
2025.05.15 14:37:03.672   set /dev12195/qachannels/0/generator/auxtriggers/0/channel 8
2025.05.15 14:37:03.672   set /dev12195/sgchannels/4/oscs/0/freq 4e+07
2025.05.15 14:37:03.672   set /dev12195/synthesizers/3/centerfreq 3.6e+09
2025.05.15 14:37:03.673   set /dev12195/sgchannels/4/output/delay 0
2025.05.15 14:37:03.673   set /dev12195/qachannels/0/centerfreq 6.8e+09
2025.05.15 14:37:03.673   set /dev12195/qachannels/0/spectroscopy/envelope/delay 0
2025.05.15 14:37:03.673   set /dev12195/qachannels/0/spectroscopy/delay 2.2e-07
2025.05.15 14:37:03.673   set /dev12195/qachannels/0/mode 0
2025.05.15 14:37:03.673   set /dev12195/qachannels/0/spectroscopy/trigger/channel 36
2025.05.15 14:37:03.673   set /dev12195/qachannels/0/spectroscopy/length 4000
2025.05.15 14:37:03.674   set /dev12195/sgchannels/4/awg/elf/data vector (1528 B)
2025.05.15 14:37:03.674   set /dev12195/sgchannels/4/awg/commandtable/data vector (152 B)
2025.05.15 14:37:03.674   set /dev12195/qachannels/0/readout/result/enable 0
2025.05.15 14:37:03.674   set /dev12195/qachannels/0/spectroscopy/result/length 101
2025.05.15 14:37:03.674   set /dev12195/qachannels/0/spectroscopy/result/averages 256
2025.05.15 14:37:03.674   set /dev12195/qachannels/0/spectroscopy/result/mode 0
2025.05.15 14:37:03.674   set /dev12195/qachannels/0/spectroscopy/psd/enable 0
2025.05.15 14:37:03.675   set /dev12195/qachannels/0/spectroscopy/result/enable 0
2025.05.15 14:37:03.675   set /dev12195/qachannels/0/spectroscopy/result/enable 1
2025.05.15 14:37:03.675   set /dev12195/scopes/0/enable 0
2025.05.15 14:37:03.675   set /dev12195/qachannels/0/generator/elf/data vector (4268 B)
2025.05.15 14:37:03.675   set /dev12195/qachannels/0/spectroscopy/envelope/wave vector (32000 B)
2025.05.15 14:37:03.675   get /dev12195/qachannels/0/spectroscopy/envelope/wave -
2025.05.15 14:37:03.675   set /dev12195/qachannels/0/spectroscopy/envelope/enable 1
2025.05.15 14:37:03.676   set /dev12195/qachannels/0/readout/multistate/qudits/0/weights/0/wave vector (64000 B)
2025.05.15 14:37:03.676   set /dev12195/qachannels/0/readout/integration/length 4000
2025.05.15 14:37:03.676   set /dev12195/sgchannels/4/awg/enable 1
2025.05.15 14:37:03.676   set /dev12195/qachannels/0/generator/enable 1
2025.05.15 14:37:03.677   set /dev12195/system/internaltrigger/enable 1
2025.05.15 14:37:03.678   set /dev12195/raw/system/awg/runtimechecks/enable 0
2025.05.15 14:37:03.678   set /dev12195/qachannels/0/readout/result/enable 0
2025.05.15 14:37:03.679   get /dev12195/raw/error/json/errors -
2025.05.15 14:37:03.679   get /dev12195/raw/error/json/errors -
2025.05.15 14:37:03.680   set /dev12195/qachannels/0/spectroscopy/envelope/enable 1
2025.05.15 14:37:05.056 Node log from the data server with id 'zi_server':
2025.05.15 14:37:05.057   set /dev12195/raw/error/clear 1
2025.05.15 14:37:05.057   set /dev12195/sgchannels/0/pipeliner/mode 0
2025.05.15 14:37:05.057   set /dev12195/sgchannels/1/pipeliner/mode 0
2025.05.15 14:37:05.057   set /dev12195/sgchannels/2/pipeliner/mode 0
2025.05.15 14:37:05.058   set /dev12195/sgchannels/3/pipeliner/mode 0
2025.05.15 14:37:05.058   set /dev12195/sgchannels/4/pipeliner/mode 0
2025.05.15 14:37:05.058   set /dev12195/sgchannels/5/pipeliner/mode 0
2025.05.15 14:37:05.058   set /dev12195/sgchannels/0/synchronization/enable 0
2025.05.15 14:37:05.058   set /dev12195/sgchannels/1/synchronization/enable 0
2025.05.15 14:37:05.058   set /dev12195/sgchannels/2/synchronization/enable 0
2025.05.15 14:37:05.058   set /dev12195/sgchannels/3/synchronization/enable 0
2025.05.15 14:37:05.059   set /dev12195/sgchannels/4/synchronization/enable 0
2025.05.15 14:37:05.059   set /dev12195/sgchannels/5/synchronization/enable 0
2025.05.15 14:37:05.059   set /dev12195/sgchannels/0/awg/enable 0
2025.05.15 14:37:05.059   set /dev12195/sgchannels/1/awg/enable 0
2025.05.15 14:37:05.059   set /dev12195/sgchannels/2/awg/enable 0
2025.05.15 14:37:05.059   set /dev12195/sgchannels/3/awg/enable 0
2025.05.15 14:37:05.059   set /dev12195/sgchannels/4/awg/enable 0
2025.05.15 14:37:05.060   set /dev12195/sgchannels/5/awg/enable 0
2025.05.15 14:37:05.062   set /dev12195/system/synchronization/source 0
2025.05.15 14:37:05.062   set /dev12195/system/internaltrigger/synchronization/enable 0
2025.05.15 14:37:05.062   set /dev12195/scopes/0/enable 0
2025.05.15 14:37:05.062   set /dev12195/qachannels/0/pipeliner/mode 0
2025.05.15 14:37:05.062   set /dev12195/qachannels/0/synchronization/enable 0
2025.05.15 14:37:05.062   set /dev12195/qachannels/0/generator/enable 0
2025.05.15 14:37:05.062   set /dev12195/qachannels/0/readout/result/enable 0
2025.05.15 14:37:05.063   set /dev12195/qachannels/0/spectroscopy/psd/enable 0
2025.05.15 14:37:05.063   set /dev12195/qachannels/0/spectroscopy/result/enable 0
2025.05.15 14:37:05.063   set /dev12195/qachannels/0/output/rflfinterlock 1
2025.05.15 14:37:05.063   set /dev12195/qachannels/0/oscs/0/gain 1
2025.05.15 14:37:05.063   set /dev12195/scopes/0/channels/0/enable 0
2025.05.15 14:37:05.063   set /dev12195/scopes/0/channels/1/enable 0
2025.05.15 14:37:05.063   set /dev12195/scopes/0/channels/2/enable 0
2025.05.15 14:37:05.064   set /dev12195/scopes/0/channels/3/enable 0
2025.05.15 14:37:05.068   get /dev12195/sgchannels/0/output/overrangecount -
2025.05.15 14:37:05.068   get /dev12195/sgchannels/1/output/overrangecount -
2025.05.15 14:37:05.068   get /dev12195/sgchannels/2/output/overrangecount -
2025.05.15 14:37:05.069   get /dev12195/sgchannels/3/output/overrangecount -
2025.05.15 14:37:05.069   get /dev12195/sgchannels/4/output/overrangecount -
2025.05.15 14:37:05.069   get /dev12195/sgchannels/5/output/overrangecount -
2025.05.15 14:37:05.069   get /dev12195/qachannels/0/output/overrangecount -
2025.05.15 14:37:05.069   get /dev12195/qachannels/0/input/overrangecount -
2025.05.15 14:37:05.069   set /dev12195/sgchannels/4/output/on 1
2025.05.15 14:37:05.069   set /dev12195/sgchannels/4/awg/single 1
2025.05.15 14:37:05.070   set /dev12195/sgchannels/4/awg/modulation/enable 1
2025.05.15 14:37:05.070   set /dev12195/sgchannels/4/marker/source 0
2025.05.15 14:37:05.070   set /dev12195/sgchannels/4/trigger/delay 0
2025.05.15 14:37:05.070   set /dev12195/sgchannels/4/output/rflfpath 1
2025.05.15 14:37:05.070   set /dev12195/sgchannels/4/output/muting/enable 0
2025.05.15 14:37:05.070   set /dev12195/sgchannels/4/sines/0/oscselect 0
2025.05.15 14:37:05.070   set /dev12195/sgchannels/4/sines/0/harmonic 1
2025.05.15 14:37:05.071   set /dev12195/sgchannels/4/sines/0/phaseshift 0
2025.05.15 14:37:05.071   set /dev12195/qachannels/0/output/on 1
2025.05.15 14:37:05.071   set /dev12195/qachannels/0/generator/single 1
2025.05.15 14:37:05.071   set /dev12195/qachannels/0/output/muting/enable 0
2025.05.15 14:37:05.071   set /dev12195/qachannels/0/input/rflfpath 1
2025.05.15 14:37:05.071   set /dev12195/qachannels/0/input/on 1
2025.05.15 14:37:05.071   set /dev12195/sgchannels/4/oscs/0/freq 4e+07
2025.05.15 14:37:05.072   set /dev12195/qachannels/0/oscs/0/freq 0
2025.05.15 14:37:05.072   set /dev12195/sgchannels/4/awg/auxtriggers/0/slope 1
2025.05.15 14:37:05.072   set /dev12195/sgchannels/4/awg/auxtriggers/0/channel 8
2025.05.15 14:37:05.072   set /dev12195/system/internaltrigger/enable 0
2025.05.15 14:37:05.072   set /dev12195/system/internaltrigger/repetitions 1
2025.05.15 14:37:05.072   set /dev12195/qachannels/0/markers/0/source 32
2025.05.15 14:37:05.072   set /dev12195/qachannels/0/markers/1/source 36
2025.05.15 14:37:05.072   set /dev12195/qachannels/0/generator/auxtriggers/0/channel 8
2025.05.15 14:37:05.072   set /dev12195/sgchannels/4/oscs/0/freq 4e+07
2025.05.15 14:37:05.072   set /dev12195/synthesizers/3/centerfreq 3.6e+09
2025.05.15 14:37:05.072   set /dev12195/sgchannels/4/output/delay 0
2025.05.15 14:37:05.073   set /dev12195/qachannels/0/centerfreq 6.8e+09
2025.05.15 14:37:05.073   set /dev12195/qachannels/0/spectroscopy/envelope/delay 0
2025.05.15 14:37:05.073   set /dev12195/qachannels/0/spectroscopy/delay 2.2e-07
2025.05.15 14:37:05.073   set /dev12195/qachannels/0/mode 0
2025.05.15 14:37:05.073   set /dev12195/qachannels/0/spectroscopy/trigger/channel 36
2025.05.15 14:37:05.073   set /dev12195/qachannels/0/spectroscopy/length 4000
2025.05.15 14:37:05.073   set /dev12195/sgchannels/4/awg/elf/data vector (1528 B)
2025.05.15 14:37:05.074   set /dev12195/sgchannels/4/awg/commandtable/data vector (152 B)
2025.05.15 14:37:05.074   set /dev12195/qachannels/0/readout/result/enable 0
2025.05.15 14:37:05.074   set /dev12195/qachannels/0/spectroscopy/result/length 101
2025.05.15 14:37:05.074   set /dev12195/qachannels/0/spectroscopy/result/averages 256
2025.05.15 14:37:05.074   set /dev12195/qachannels/0/spectroscopy/result/mode 0
2025.05.15 14:37:05.074   set /dev12195/qachannels/0/spectroscopy/psd/enable 0
2025.05.15 14:37:05.074   set /dev12195/qachannels/0/spectroscopy/result/enable 0
2025.05.15 14:37:05.075   set /dev12195/qachannels/0/spectroscopy/result/enable 1
2025.05.15 14:37:05.075   set /dev12195/scopes/0/enable 0
2025.05.15 14:37:05.075   set /dev12195/qachannels/0/generator/elf/data vector (4268 B)
2025.05.15 14:37:05.075   set /dev12195/qachannels/0/spectroscopy/envelope/wave vector (32000 B)
2025.05.15 14:37:05.075   get /dev12195/qachannels/0/spectroscopy/envelope/wave -
2025.05.15 14:37:05.075   set /dev12195/qachannels/0/spectroscopy/envelope/enable 1
2025.05.15 14:37:05.076   set /dev12195/qachannels/0/readout/multistate/qudits/0/weights/0/wave vector (64000 B)
2025.05.15 14:37:05.076   set /dev12195/qachannels/0/readout/integration/length 4000
2025.05.15 14:37:05.076   set /dev12195/sgchannels/4/awg/enable 1
2025.05.15 14:37:05.076   set /dev12195/qachannels/0/generator/enable 1
2025.05.15 14:37:05.077   set /dev12195/system/internaltrigger/enable 1
2025.05.15 14:37:05.078   set /dev12195/raw/system/awg/runtimechecks/enable 0
2025.05.15 14:37:05.078   set /dev12195/qachannels/0/readout/result/enable 0
2025.05.15 14:37:05.079   get /dev12195/raw/error/json/errors -
2025.05.15 14:37:05.079   get /dev12195/raw/error/json/errors -
2025.05.15 14:37:05.080   set /dev12195/qachannels/0/spectroscopy/envelope/enable 1
2025.05.15 14:37:29.520 Node log from the data server with id 'zi_server':
2025.05.15 14:37:29.521   get /dev12195/raw/system/awg/runtimechecks/enable -
2025.05.15 14:37:29.521   get /dev12195/raw/system/awg/runtimechecks/enable -
2025.05.15 14:37:29.521   get /dev12195/system/clocks/referenceclock/in/freq -
2025.05.15 14:37:29.521   get /dev12195/system/clocks/referenceclock/in/sourceactual -
2025.05.15 14:37:29.521   get /dev12195/system/clocks/referenceclock/in/source -
2025.05.15 14:37:29.522   get /dev12195/system/clocks/referenceclock/in/status -
2025.05.15 14:37:29.522   get /dev12195/system/clocks/referenceclock/in/freq -
2025.05.15 14:37:29.522   get /dev12195/system/clocks/referenceclock/in/sourceactual -
2025.05.15 14:37:29.522   get /dev12195/system/clocks/referenceclock/in/source -
2025.05.15 14:37:29.522   get /dev12195/system/clocks/referenceclock/in/status -
2025.05.15 14:37:31.391 Node log from the data server with id 'zi_server':
2025.05.15 14:37:31.392   set /dev12195/raw/error/clear 1
2025.05.15 14:37:31.392   set /dev12195/sgchannels/0/pipeliner/mode 0
2025.05.15 14:37:31.392   set /dev12195/sgchannels/1/pipeliner/mode 0
2025.05.15 14:37:31.392   set /dev12195/sgchannels/2/pipeliner/mode 0
2025.05.15 14:37:31.392   set /dev12195/sgchannels/3/pipeliner/mode 0
2025.05.15 14:37:31.392   set /dev12195/sgchannels/4/pipeliner/mode 0
2025.05.15 14:37:31.393   set /dev12195/sgchannels/5/pipeliner/mode 0
2025.05.15 14:37:31.393   set /dev12195/sgchannels/0/synchronization/enable 0
2025.05.15 14:37:31.393   set /dev12195/sgchannels/1/synchronization/enable 0
2025.05.15 14:37:31.393   set /dev12195/sgchannels/2/synchronization/enable 0
2025.05.15 14:37:31.393   set /dev12195/sgchannels/3/synchronization/enable 0
2025.05.15 14:37:31.393   set /dev12195/sgchannels/4/synchronization/enable 0
2025.05.15 14:37:31.393   set /dev12195/sgchannels/5/synchronization/enable 0
2025.05.15 14:37:31.394   set /dev12195/sgchannels/0/awg/enable 0
2025.05.15 14:37:31.394   set /dev12195/sgchannels/1/awg/enable 0
2025.05.15 14:37:31.394   set /dev12195/sgchannels/2/awg/enable 0
2025.05.15 14:37:31.394   set /dev12195/sgchannels/3/awg/enable 0
2025.05.15 14:37:31.394   set /dev12195/sgchannels/4/awg/enable 0
2025.05.15 14:37:31.394   set /dev12195/sgchannels/5/awg/enable 0
2025.05.15 14:37:31.395   set /dev12195/system/synchronization/source 0
2025.05.15 14:37:31.395   set /dev12195/system/internaltrigger/synchronization/enable 0
2025.05.15 14:37:31.396   set /dev12195/scopes/0/enable 0
2025.05.15 14:37:31.396   set /dev12195/qachannels/0/pipeliner/mode 0
2025.05.15 14:37:31.396   set /dev12195/qachannels/0/synchronization/enable 0
2025.05.15 14:37:31.396   set /dev12195/qachannels/0/generator/enable 0
2025.05.15 14:37:31.396   set /dev12195/qachannels/0/readout/result/enable 0
2025.05.15 14:37:31.396   set /dev12195/qachannels/0/spectroscopy/psd/enable 0
2025.05.15 14:37:31.396   set /dev12195/qachannels/0/spectroscopy/result/enable 0
2025.05.15 14:37:31.397   set /dev12195/qachannels/0/output/rflfinterlock 1
2025.05.15 14:37:31.397   set /dev12195/qachannels/0/oscs/0/gain 1
2025.05.15 14:37:31.397   set /dev12195/scopes/0/channels/0/enable 0
2025.05.15 14:37:31.397   set /dev12195/scopes/0/channels/1/enable 0
2025.05.15 14:37:31.397   set /dev12195/scopes/0/channels/2/enable 0
2025.05.15 14:37:31.397   set /dev12195/scopes/0/channels/3/enable 0
2025.05.15 14:37:31.401   get /dev12195/sgchannels/0/output/overrangecount -
2025.05.15 14:37:31.401   get /dev12195/sgchannels/1/output/overrangecount -
2025.05.15 14:37:31.401   get /dev12195/sgchannels/2/output/overrangecount -
2025.05.15 14:37:31.401   get /dev12195/sgchannels/3/output/overrangecount -
2025.05.15 14:37:31.401   get /dev12195/sgchannels/4/output/overrangecount -
2025.05.15 14:37:31.402   get /dev12195/sgchannels/5/output/overrangecount -
2025.05.15 14:37:31.402   get /dev12195/qachannels/0/output/overrangecount -
2025.05.15 14:37:31.402   get /dev12195/qachannels/0/input/overrangecount -
2025.05.15 14:37:31.402   set /dev12195/sgchannels/4/output/on 1
2025.05.15 14:37:31.402   set /dev12195/sgchannels/4/awg/single 1
2025.05.15 14:37:31.402   set /dev12195/sgchannels/4/awg/modulation/enable 1
2025.05.15 14:37:31.402   set /dev12195/sgchannels/4/marker/source 0
2025.05.15 14:37:31.403   set /dev12195/sgchannels/4/trigger/delay 0
2025.05.15 14:37:31.403   set /dev12195/sgchannels/4/output/rflfpath 1
2025.05.15 14:37:31.403   set /dev12195/sgchannels/4/output/muting/enable 0
2025.05.15 14:37:31.403   set /dev12195/sgchannels/4/sines/0/oscselect 0
2025.05.15 14:37:31.403   set /dev12195/sgchannels/4/sines/0/harmonic 1
2025.05.15 14:37:31.403   set /dev12195/sgchannels/4/sines/0/phaseshift 0
2025.05.15 14:37:31.403   set /dev12195/qachannels/0/output/on 1
2025.05.15 14:37:31.404   set /dev12195/qachannels/0/generator/single 1
2025.05.15 14:37:31.404   set /dev12195/qachannels/0/output/muting/enable 0
2025.05.15 14:37:31.404   set /dev12195/qachannels/0/input/rflfpath 1
2025.05.15 14:37:31.404   set /dev12195/qachannels/0/input/on 1
2025.05.15 14:37:31.404   set /dev12195/sgchannels/4/oscs/0/freq 4e+07
2025.05.15 14:37:31.404   set /dev12195/qachannels/0/oscs/0/freq 0
2025.05.15 14:37:31.404   set /dev12195/sgchannels/4/awg/auxtriggers/0/slope 1
2025.05.15 14:37:31.405   set /dev12195/sgchannels/4/awg/auxtriggers/0/channel 8
2025.05.15 14:37:31.405   set /dev12195/system/internaltrigger/enable 0
2025.05.15 14:37:31.405   set /dev12195/system/internaltrigger/repetitions 1
2025.05.15 14:37:31.405   set /dev12195/qachannels/0/markers/0/source 32
2025.05.15 14:37:31.405   set /dev12195/qachannels/0/markers/1/source 36
2025.05.15 14:37:31.405   set /dev12195/qachannels/0/generator/auxtriggers/0/channel 8
2025.05.15 14:37:31.405   set /dev12195/sgchannels/4/oscs/0/freq 4e+07
2025.05.15 14:37:31.406   set /dev12195/synthesizers/3/centerfreq 3.6e+09
2025.05.15 14:37:31.406   set /dev12195/sgchannels/4/output/delay 0
2025.05.15 14:37:31.406   set /dev12195/qachannels/0/centerfreq 6.8e+09
2025.05.15 14:37:31.406   set /dev12195/qachannels/0/spectroscopy/envelope/delay 0
2025.05.15 14:37:31.406   set /dev12195/qachannels/0/spectroscopy/delay 2.2e-07
2025.05.15 14:37:31.406   set /dev12195/qachannels/0/mode 0
2025.05.15 14:37:31.406   set /dev12195/qachannels/0/spectroscopy/trigger/channel 36
2025.05.15 14:37:31.406   set /dev12195/qachannels/0/spectroscopy/length 4000
2025.05.15 14:37:31.407   set /dev12195/sgchannels/4/awg/elf/data vector (1528 B)
2025.05.15 14:37:31.407   set /dev12195/sgchannels/4/awg/commandtable/data vector (152 B)
2025.05.15 14:37:31.407   set /dev12195/qachannels/0/readout/result/enable 0
2025.05.15 14:37:31.407   set /dev12195/qachannels/0/spectroscopy/result/length 101
2025.05.15 14:37:31.407   set /dev12195/qachannels/0/spectroscopy/result/averages 256
2025.05.15 14:37:31.407   set /dev12195/qachannels/0/spectroscopy/result/mode 0
2025.05.15 14:37:31.407   set /dev12195/qachannels/0/spectroscopy/psd/enable 0
2025.05.15 14:37:31.408   set /dev12195/qachannels/0/spectroscopy/result/enable 0
2025.05.15 14:37:31.408   set /dev12195/qachannels/0/spectroscopy/result/enable 1
2025.05.15 14:37:31.408   set /dev12195/scopes/0/enable 0
2025.05.15 14:37:31.408   set /dev12195/qachannels/0/generator/elf/data vector (4268 B)
2025.05.15 14:37:31.408   set /dev12195/qachannels/0/spectroscopy/envelope/wave vector (32000 B)
2025.05.15 14:37:31.408   get /dev12195/qachannels/0/spectroscopy/envelope/wave -
2025.05.15 14:37:31.409   set /dev12195/qachannels/0/spectroscopy/envelope/enable 1
2025.05.15 14:37:31.409   set /dev12195/qachannels/0/readout/multistate/qudits/0/weights/0/wave vector (64000 B)
2025.05.15 14:37:31.409   set /dev12195/qachannels/0/readout/integration/length 4000
2025.05.15 14:37:31.409   set /dev12195/sgchannels/4/awg/enable 1
2025.05.15 14:37:31.409   set /dev12195/qachannels/0/generator/enable 1
2025.05.15 14:37:31.410   set /dev12195/system/internaltrigger/enable 1
2025.05.15 14:37:31.411   set /dev12195/raw/system/awg/runtimechecks/enable 0
2025.05.15 14:37:31.411   set /dev12195/qachannels/0/readout/result/enable 0
2025.05.15 14:37:31.411   get /dev12195/raw/error/json/errors -
2025.05.15 14:37:31.412   get /dev12195/raw/error/json/errors -
2025.05.15 14:37:31.413   set /dev12195/qachannels/0/spectroscopy/envelope/enable 1
2025.05.15 14:37:32.685 Node log from the data server with id 'zi_server':
2025.05.15 14:37:32.685   set /dev12195/raw/error/clear 1
2025.05.15 14:37:32.687   set /dev12195/sgchannels/0/pipeliner/mode 0
2025.05.15 14:37:32.687   set /dev12195/sgchannels/1/pipeliner/mode 0
2025.05.15 14:37:32.687   set /dev12195/sgchannels/2/pipeliner/mode 0
2025.05.15 14:37:32.687   set /dev12195/sgchannels/3/pipeliner/mode 0
2025.05.15 14:37:32.687   set /dev12195/sgchannels/4/pipeliner/mode 0
2025.05.15 14:37:32.687   set /dev12195/sgchannels/5/pipeliner/mode 0
2025.05.15 14:37:32.687   set /dev12195/sgchannels/0/synchronization/enable 0
2025.05.15 14:37:32.687   set /dev12195/sgchannels/1/synchronization/enable 0
2025.05.15 14:37:32.687   set /dev12195/sgchannels/2/synchronization/enable 0
2025.05.15 14:37:32.687   set /dev12195/sgchannels/3/synchronization/enable 0
2025.05.15 14:37:32.687   set /dev12195/sgchannels/4/synchronization/enable 0
2025.05.15 14:37:32.687   set /dev12195/sgchannels/5/synchronization/enable 0
2025.05.15 14:37:32.687   set /dev12195/sgchannels/0/awg/enable 0
2025.05.15 14:37:32.687   set /dev12195/sgchannels/1/awg/enable 0
2025.05.15 14:37:32.689   set /dev12195/sgchannels/2/awg/enable 0
2025.05.15 14:37:32.689   set /dev12195/sgchannels/3/awg/enable 0
2025.05.15 14:37:32.689   set /dev12195/sgchannels/4/awg/enable 0
2025.05.15 14:37:32.689   set /dev12195/sgchannels/5/awg/enable 0
2025.05.15 14:37:32.691   set /dev12195/system/synchronization/source 0
2025.05.15 14:37:32.691   set /dev12195/system/internaltrigger/synchronization/enable 0
2025.05.15 14:37:32.691   set /dev12195/scopes/0/enable 0
2025.05.15 14:37:32.691   set /dev12195/qachannels/0/pipeliner/mode 0
2025.05.15 14:37:32.691   set /dev12195/qachannels/0/synchronization/enable 0
2025.05.15 14:37:32.691   set /dev12195/qachannels/0/generator/enable 0
2025.05.15 14:37:32.691   set /dev12195/qachannels/0/readout/result/enable 0
2025.05.15 14:37:32.691   set /dev12195/qachannels/0/spectroscopy/psd/enable 0
2025.05.15 14:37:32.691   set /dev12195/qachannels/0/spectroscopy/result/enable 0
2025.05.15 14:37:32.691   set /dev12195/qachannels/0/output/rflfinterlock 1
2025.05.15 14:37:32.693   set /dev12195/qachannels/0/oscs/0/gain 1
2025.05.15 14:37:32.693   set /dev12195/scopes/0/channels/0/enable 0
2025.05.15 14:37:32.693   set /dev12195/scopes/0/channels/1/enable 0
2025.05.15 14:37:32.693   set /dev12195/scopes/0/channels/2/enable 0
2025.05.15 14:37:32.693   set /dev12195/scopes/0/channels/3/enable 0
2025.05.15 14:37:32.698   get /dev12195/sgchannels/0/output/overrangecount -
2025.05.15 14:37:32.698   get /dev12195/sgchannels/1/output/overrangecount -
2025.05.15 14:37:32.699   get /dev12195/sgchannels/2/output/overrangecount -
2025.05.15 14:37:32.699   get /dev12195/sgchannels/3/output/overrangecount -
2025.05.15 14:37:32.699   get /dev12195/sgchannels/4/output/overrangecount -
2025.05.15 14:37:32.699   get /dev12195/sgchannels/5/output/overrangecount -
2025.05.15 14:37:32.699   get /dev12195/qachannels/0/output/overrangecount -
2025.05.15 14:37:32.699   get /dev12195/qachannels/0/input/overrangecount -
2025.05.15 14:37:32.699   set /dev12195/sgchannels/4/output/on 1
2025.05.15 14:37:32.700   set /dev12195/sgchannels/4/awg/single 1
2025.05.15 14:37:32.700   set /dev12195/sgchannels/4/awg/modulation/enable 1
2025.05.15 14:37:32.700   set /dev12195/sgchannels/4/marker/source 0
2025.05.15 14:37:32.700   set /dev12195/sgchannels/4/trigger/delay 0
2025.05.15 14:37:32.700   set /dev12195/sgchannels/4/output/rflfpath 1
2025.05.15 14:37:32.700   set /dev12195/sgchannels/4/output/muting/enable 0
2025.05.15 14:37:32.700   set /dev12195/sgchannels/4/sines/0/oscselect 0
2025.05.15 14:37:32.701   set /dev12195/sgchannels/4/sines/0/harmonic 1
2025.05.15 14:37:32.701   set /dev12195/sgchannels/4/sines/0/phaseshift 0
2025.05.15 14:37:32.701   set /dev12195/qachannels/0/output/on 1
2025.05.15 14:37:32.701   set /dev12195/qachannels/0/generator/single 1
2025.05.15 14:37:32.701   set /dev12195/qachannels/0/output/muting/enable 0
2025.05.15 14:37:32.701   set /dev12195/qachannels/0/input/rflfpath 1
2025.05.15 14:37:32.701   set /dev12195/qachannels/0/input/on 1
2025.05.15 14:37:32.702   set /dev12195/sgchannels/4/oscs/0/freq 4e+07
2025.05.15 14:37:32.702   set /dev12195/qachannels/0/oscs/0/freq 0
2025.05.15 14:37:32.702   set /dev12195/sgchannels/4/awg/auxtriggers/0/slope 1
2025.05.15 14:37:32.703   set /dev12195/sgchannels/4/awg/auxtriggers/0/channel 8
2025.05.15 14:37:32.703   set /dev12195/system/internaltrigger/enable 0
2025.05.15 14:37:32.703   set /dev12195/system/internaltrigger/repetitions 1
2025.05.15 14:37:32.703   set /dev12195/qachannels/0/markers/0/source 32
2025.05.15 14:37:32.703   set /dev12195/qachannels/0/markers/1/source 36
2025.05.15 14:37:32.703   set /dev12195/qachannels/0/generator/auxtriggers/0/channel 8
2025.05.15 14:37:32.703   set /dev12195/sgchannels/4/oscs/0/freq 4e+07
2025.05.15 14:37:32.704   set /dev12195/synthesizers/3/centerfreq 3.6e+09
2025.05.15 14:37:32.704   set /dev12195/sgchannels/4/output/delay 0
2025.05.15 14:37:32.704   set /dev12195/qachannels/0/centerfreq 6.8e+09
2025.05.15 14:37:32.704   set /dev12195/qachannels/0/spectroscopy/envelope/delay 0
2025.05.15 14:37:32.704   set /dev12195/qachannels/0/spectroscopy/delay 2.2e-07
2025.05.15 14:37:32.705   set /dev12195/qachannels/0/mode 0
2025.05.15 14:37:32.705   set /dev12195/qachannels/0/spectroscopy/trigger/channel 36
2025.05.15 14:37:32.705   set /dev12195/qachannels/0/spectroscopy/length 4000
2025.05.15 14:37:32.705   set /dev12195/sgchannels/4/awg/elf/data vector (1528 B)
2025.05.15 14:37:32.705   set /dev12195/sgchannels/4/awg/commandtable/data vector (152 B)
2025.05.15 14:37:32.705   set /dev12195/qachannels/0/readout/result/enable 0
2025.05.15 14:37:32.706   set /dev12195/qachannels/0/spectroscopy/result/length 101
2025.05.15 14:37:32.706   set /dev12195/qachannels/0/spectroscopy/result/averages 256
2025.05.15 14:37:32.706   set /dev12195/qachannels/0/spectroscopy/result/mode 0
2025.05.15 14:37:32.706   set /dev12195/qachannels/0/spectroscopy/psd/enable 0
2025.05.15 14:37:32.706   set /dev12195/qachannels/0/spectroscopy/result/enable 0
2025.05.15 14:37:32.706   set /dev12195/qachannels/0/spectroscopy/result/enable 1
2025.05.15 14:37:32.706   set /dev12195/scopes/0/enable 0
2025.05.15 14:37:32.707   set /dev12195/qachannels/0/generator/elf/data vector (4268 B)
2025.05.15 14:37:32.707   set /dev12195/qachannels/0/spectroscopy/envelope/wave vector (32000 B)
2025.05.15 14:37:32.707   get /dev12195/qachannels/0/spectroscopy/envelope/wave -
2025.05.15 14:37:32.707   set /dev12195/qachannels/0/spectroscopy/envelope/enable 1
2025.05.15 14:37:32.707   set /dev12195/qachannels/0/readout/multistate/qudits/0/weights/0/wave vector (64000 B)
2025.05.15 14:37:32.707   set /dev12195/qachannels/0/readout/integration/length 4000
2025.05.15 14:37:32.708   set /dev12195/sgchannels/4/awg/enable 1
2025.05.15 14:37:32.708   set /dev12195/qachannels/0/generator/enable 1
2025.05.15 14:37:32.709   set /dev12195/system/internaltrigger/enable 1
2025.05.15 14:37:32.710   set /dev12195/raw/system/awg/runtimechecks/enable 0
2025.05.15 14:37:32.710   set /dev12195/qachannels/0/readout/result/enable 0
2025.05.15 14:37:32.711   get /dev12195/raw/error/json/errors -
2025.05.15 14:37:32.711   get /dev12195/raw/error/json/errors -
2025.05.15 14:37:32.712   set /dev12195/qachannels/0/spectroscopy/envelope/enable 1
2025.05.15 14:38:05.580 Node log from the data server with id 'zi_server':
2025.05.15 14:38:05.580   get /dev12195/raw/system/awg/runtimechecks/enable -
2025.05.15 14:38:05.580   get /dev12195/raw/system/awg/runtimechecks/enable -
2025.05.15 14:38:05.580   get /dev12195/system/clocks/referenceclock/in/freq -
2025.05.15 14:38:05.582   get /dev12195/system/clocks/referenceclock/in/sourceactual -
2025.05.15 14:38:05.582   get /dev12195/system/clocks/referenceclock/in/source -
2025.05.15 14:38:05.582   get /dev12195/system/clocks/referenceclock/in/status -
2025.05.15 14:38:05.582   get /dev12195/system/clocks/referenceclock/in/freq -
2025.05.15 14:38:05.582   get /dev12195/system/clocks/referenceclock/in/sourceactual -
2025.05.15 14:38:05.582   get /dev12195/system/clocks/referenceclock/in/source -
2025.05.15 14:38:05.582   get /dev12195/system/clocks/referenceclock/in/status -
2025.05.15 14:38:08.884 Node log from the data server with id 'zi_server':
2025.05.15 14:38:08.885   set /dev12195/raw/error/clear 1
2025.05.15 14:38:08.885   set /dev12195/sgchannels/0/pipeliner/mode 0
2025.05.15 14:38:08.885   set /dev12195/sgchannels/1/pipeliner/mode 0
2025.05.15 14:38:08.885   set /dev12195/sgchannels/2/pipeliner/mode 0
2025.05.15 14:38:08.886   set /dev12195/sgchannels/3/pipeliner/mode 0
2025.05.15 14:38:08.886   set /dev12195/sgchannels/4/pipeliner/mode 0
2025.05.15 14:38:08.886   set /dev12195/sgchannels/5/pipeliner/mode 0
2025.05.15 14:38:08.886   set /dev12195/sgchannels/0/synchronization/enable 0
2025.05.15 14:38:08.886   set /dev12195/sgchannels/1/synchronization/enable 0
2025.05.15 14:38:08.886   set /dev12195/sgchannels/2/synchronization/enable 0
2025.05.15 14:38:08.886   set /dev12195/sgchannels/3/synchronization/enable 0
2025.05.15 14:38:08.887   set /dev12195/sgchannels/4/synchronization/enable 0
2025.05.15 14:38:08.887   set /dev12195/sgchannels/5/synchronization/enable 0
2025.05.15 14:38:08.887   set /dev12195/sgchannels/0/awg/enable 0
2025.05.15 14:38:08.887   set /dev12195/sgchannels/1/awg/enable 0
2025.05.15 14:38:08.887   set /dev12195/sgchannels/2/awg/enable 0
2025.05.15 14:38:08.887   set /dev12195/sgchannels/3/awg/enable 0
2025.05.15 14:38:08.888   set /dev12195/sgchannels/4/awg/enable 0
2025.05.15 14:38:08.888   set /dev12195/sgchannels/5/awg/enable 0
2025.05.15 14:38:08.889   set /dev12195/system/synchronization/source 0
2025.05.15 14:38:08.889   set /dev12195/system/internaltrigger/synchronization/enable 0
2025.05.15 14:38:08.889   set /dev12195/scopes/0/enable 0
2025.05.15 14:38:08.889   set /dev12195/qachannels/0/pipeliner/mode 0
2025.05.15 14:38:08.889   set /dev12195/qachannels/0/synchronization/enable 0
2025.05.15 14:38:08.889   set /dev12195/qachannels/0/generator/enable 0
2025.05.15 14:38:08.890   set /dev12195/qachannels/0/readout/result/enable 0
2025.05.15 14:38:08.890   set /dev12195/qachannels/0/spectroscopy/psd/enable 0
2025.05.15 14:38:08.890   set /dev12195/qachannels/0/spectroscopy/result/enable 0
2025.05.15 14:38:08.890   set /dev12195/qachannels/0/output/rflfinterlock 1
2025.05.15 14:38:08.890   set /dev12195/qachannels/0/oscs/0/gain 1
2025.05.15 14:38:08.890   set /dev12195/scopes/0/channels/0/enable 0
2025.05.15 14:38:08.890   set /dev12195/scopes/0/channels/1/enable 0
2025.05.15 14:38:08.890   set /dev12195/scopes/0/channels/2/enable 0
2025.05.15 14:38:08.891   set /dev12195/scopes/0/channels/3/enable 0
2025.05.15 14:38:08.894   get /dev12195/sgchannels/0/output/overrangecount -
2025.05.15 14:38:08.894   get /dev12195/sgchannels/1/output/overrangecount -
2025.05.15 14:38:08.895   get /dev12195/sgchannels/2/output/overrangecount -
2025.05.15 14:38:08.895   get /dev12195/sgchannels/3/output/overrangecount -
2025.05.15 14:38:08.895   get /dev12195/sgchannels/4/output/overrangecount -
2025.05.15 14:38:08.895   get /dev12195/sgchannels/5/output/overrangecount -
2025.05.15 14:38:08.895   get /dev12195/qachannels/0/output/overrangecount -
2025.05.15 14:38:08.895   get /dev12195/qachannels/0/input/overrangecount -
2025.05.15 14:38:08.895   set /dev12195/sgchannels/4/output/on 1
2025.05.15 14:38:08.895   set /dev12195/sgchannels/4/awg/single 1
2025.05.15 14:38:08.896   set /dev12195/sgchannels/4/awg/modulation/enable 1
2025.05.15 14:38:08.896   set /dev12195/sgchannels/4/marker/source 0
2025.05.15 14:38:08.896   set /dev12195/sgchannels/4/trigger/delay 0
2025.05.15 14:38:08.896   set /dev12195/sgchannels/4/output/rflfpath 1
2025.05.15 14:38:08.896   set /dev12195/sgchannels/4/output/muting/enable 0
2025.05.15 14:38:08.896   set /dev12195/sgchannels/4/sines/0/oscselect 0
2025.05.15 14:38:08.896   set /dev12195/sgchannels/4/sines/0/harmonic 1
2025.05.15 14:38:08.897   set /dev12195/sgchannels/4/sines/0/phaseshift 0
2025.05.15 14:38:08.897   set /dev12195/qachannels/0/output/on 1
2025.05.15 14:38:08.897   set /dev12195/qachannels/0/generator/single 1
2025.05.15 14:38:08.897   set /dev12195/qachannels/0/output/muting/enable 0
2025.05.15 14:38:08.897   set /dev12195/qachannels/0/input/rflfpath 1
2025.05.15 14:38:08.897   set /dev12195/qachannels/0/input/on 1
2025.05.15 14:38:08.897   set /dev12195/sgchannels/4/oscs/0/freq 4e+07
2025.05.15 14:38:08.898   set /dev12195/qachannels/0/oscs/0/freq 0
2025.05.15 14:38:08.898   set /dev12195/sgchannels/4/awg/auxtriggers/0/slope 1
2025.05.15 14:38:08.898   set /dev12195/sgchannels/4/awg/auxtriggers/0/channel 8
2025.05.15 14:38:08.898   set /dev12195/system/internaltrigger/enable 0
2025.05.15 14:38:08.898   set /dev12195/system/internaltrigger/repetitions 1
2025.05.15 14:38:08.898   set /dev12195/qachannels/0/markers/0/source 32
2025.05.15 14:38:08.898   set /dev12195/qachannels/0/markers/1/source 36
2025.05.15 14:38:08.899   set /dev12195/qachannels/0/generator/auxtriggers/0/channel 8
2025.05.15 14:38:08.899   set /dev12195/sgchannels/4/oscs/0/freq 4e+07
2025.05.15 14:38:08.899   set /dev12195/synthesizers/3/centerfreq 3.6e+09
2025.05.15 14:38:08.899   set /dev12195/sgchannels/4/output/delay 0
2025.05.15 14:38:08.899   set /dev12195/qachannels/0/centerfreq 6.8e+09
2025.05.15 14:38:08.899   set /dev12195/qachannels/0/spectroscopy/envelope/delay 0
2025.05.15 14:38:08.899   set /dev12195/qachannels/0/spectroscopy/delay 2.2e-07
2025.05.15 14:38:08.900   set /dev12195/qachannels/0/mode 0
2025.05.15 14:38:08.900   set /dev12195/qachannels/0/spectroscopy/trigger/channel 36
2025.05.15 14:38:08.900   set /dev12195/qachannels/0/spectroscopy/length 4000
2025.05.15 14:38:08.900   set /dev12195/sgchannels/4/awg/elf/data vector (1528 B)
2025.05.15 14:38:08.900   set /dev12195/sgchannels/4/awg/commandtable/data vector (152 B)
2025.05.15 14:38:08.901   set /dev12195/qachannels/0/readout/result/enable 0
2025.05.15 14:38:08.901   set /dev12195/qachannels/0/spectroscopy/result/length 101
2025.05.15 14:38:08.901   set /dev12195/qachannels/0/spectroscopy/result/averages 4096
2025.05.15 14:38:08.901   set /dev12195/qachannels/0/spectroscopy/result/mode 0
2025.05.15 14:38:08.901   set /dev12195/qachannels/0/spectroscopy/psd/enable 0
2025.05.15 14:38:08.901   set /dev12195/qachannels/0/spectroscopy/result/enable 0
2025.05.15 14:38:08.902   set /dev12195/qachannels/0/spectroscopy/result/enable 1
2025.05.15 14:38:08.902   set /dev12195/scopes/0/enable 0
2025.05.15 14:38:08.902   set /dev12195/qachannels/0/generator/elf/data vector (4272 B)
2025.05.15 14:38:08.902   set /dev12195/qachannels/0/spectroscopy/envelope/wave vector (32000 B)
2025.05.15 14:38:08.903   get /dev12195/qachannels/0/spectroscopy/envelope/wave -
2025.05.15 14:38:08.903   set /dev12195/qachannels/0/spectroscopy/envelope/enable 1
2025.05.15 14:38:08.903   set /dev12195/qachannels/0/readout/multistate/qudits/0/weights/0/wave vector (64000 B)
2025.05.15 14:38:08.903   set /dev12195/qachannels/0/readout/integration/length 4000
2025.05.15 14:38:08.903   set /dev12195/sgchannels/4/awg/enable 1
2025.05.15 14:38:08.903   set /dev12195/qachannels/0/generator/enable 1
2025.05.15 14:38:08.904   set /dev12195/system/internaltrigger/enable 1
2025.05.15 14:38:08.909   set /dev12195/raw/system/awg/runtimechecks/enable 0
2025.05.15 14:38:08.909   set /dev12195/qachannels/0/readout/result/enable 0
2025.05.15 14:38:08.909   get /dev12195/raw/error/json/errors -
2025.05.15 14:38:08.910   get /dev12195/raw/error/json/errors -
2025.05.15 14:38:08.910   set /dev12195/qachannels/0/spectroscopy/envelope/enable 1
2025.05.15 14:38:11.216 Node log from the data server with id 'zi_server':
2025.05.15 14:38:11.217   set /dev12195/raw/error/clear 1
2025.05.15 14:38:11.217   set /dev12195/sgchannels/0/pipeliner/mode 0
2025.05.15 14:38:11.217   set /dev12195/sgchannels/1/pipeliner/mode 0
2025.05.15 14:38:11.218   set /dev12195/sgchannels/2/pipeliner/mode 0
2025.05.15 14:38:11.218   set /dev12195/sgchannels/3/pipeliner/mode 0
2025.05.15 14:38:11.218   set /dev12195/sgchannels/4/pipeliner/mode 0
2025.05.15 14:38:11.218   set /dev12195/sgchannels/5/pipeliner/mode 0
2025.05.15 14:38:11.218   set /dev12195/sgchannels/0/synchronization/enable 0
2025.05.15 14:38:11.218   set /dev12195/sgchannels/1/synchronization/enable 0
2025.05.15 14:38:11.218   set /dev12195/sgchannels/2/synchronization/enable 0
2025.05.15 14:38:11.219   set /dev12195/sgchannels/3/synchronization/enable 0
2025.05.15 14:38:11.219   set /dev12195/sgchannels/4/synchronization/enable 0
2025.05.15 14:38:11.219   set /dev12195/sgchannels/5/synchronization/enable 0
2025.05.15 14:38:11.219   set /dev12195/sgchannels/0/awg/enable 0
2025.05.15 14:38:11.219   set /dev12195/sgchannels/1/awg/enable 0
2025.05.15 14:38:11.219   set /dev12195/sgchannels/2/awg/enable 0
2025.05.15 14:38:11.219   set /dev12195/sgchannels/3/awg/enable 0
2025.05.15 14:38:11.220   set /dev12195/sgchannels/4/awg/enable 0
2025.05.15 14:38:11.220   set /dev12195/sgchannels/5/awg/enable 0
2025.05.15 14:38:11.221   set /dev12195/system/synchronization/source 0
2025.05.15 14:38:11.221   set /dev12195/system/internaltrigger/synchronization/enable 0
2025.05.15 14:38:11.221   set /dev12195/scopes/0/enable 0
2025.05.15 14:38:11.221   set /dev12195/qachannels/0/pipeliner/mode 0
2025.05.15 14:38:11.221   set /dev12195/qachannels/0/synchronization/enable 0
2025.05.15 14:38:11.221   set /dev12195/qachannels/0/generator/enable 0
2025.05.15 14:38:11.222   set /dev12195/qachannels/0/readout/result/enable 0
2025.05.15 14:38:11.222   set /dev12195/qachannels/0/spectroscopy/psd/enable 0
2025.05.15 14:38:11.222   set /dev12195/qachannels/0/spectroscopy/result/enable 0
2025.05.15 14:38:11.222   set /dev12195/qachannels/0/output/rflfinterlock 1
2025.05.15 14:38:11.222   set /dev12195/qachannels/0/oscs/0/gain 1
2025.05.15 14:38:11.222   set /dev12195/scopes/0/channels/0/enable 0
2025.05.15 14:38:11.222   set /dev12195/scopes/0/channels/1/enable 0
2025.05.15 14:38:11.223   set /dev12195/scopes/0/channels/2/enable 0
2025.05.15 14:38:11.223   set /dev12195/scopes/0/channels/3/enable 0
2025.05.15 14:38:11.226   get /dev12195/sgchannels/0/output/overrangecount -
2025.05.15 14:38:11.226   get /dev12195/sgchannels/1/output/overrangecount -
2025.05.15 14:38:11.227   get /dev12195/sgchannels/2/output/overrangecount -
2025.05.15 14:38:11.227   get /dev12195/sgchannels/3/output/overrangecount -
2025.05.15 14:38:11.227   get /dev12195/sgchannels/4/output/overrangecount -
2025.05.15 14:38:11.227   get /dev12195/sgchannels/5/output/overrangecount -
2025.05.15 14:38:11.227   get /dev12195/qachannels/0/output/overrangecount -
2025.05.15 14:38:11.227   get /dev12195/qachannels/0/input/overrangecount -
2025.05.15 14:38:11.227   set /dev12195/sgchannels/4/output/on 1
2025.05.15 14:38:11.228   set /dev12195/sgchannels/4/awg/single 1
2025.05.15 14:38:11.228   set /dev12195/sgchannels/4/awg/modulation/enable 1
2025.05.15 14:38:11.228   set /dev12195/sgchannels/4/marker/source 0
2025.05.15 14:38:11.228   set /dev12195/sgchannels/4/trigger/delay 0
2025.05.15 14:38:11.228   set /dev12195/sgchannels/4/output/rflfpath 1
2025.05.15 14:38:11.228   set /dev12195/sgchannels/4/output/muting/enable 0
2025.05.15 14:38:11.228   set /dev12195/sgchannels/4/sines/0/oscselect 0
2025.05.15 14:38:11.228   set /dev12195/sgchannels/4/sines/0/harmonic 1
2025.05.15 14:38:11.228   set /dev12195/sgchannels/4/sines/0/phaseshift 0
2025.05.15 14:38:11.228   set /dev12195/qachannels/0/output/on 1
2025.05.15 14:38:11.229   set /dev12195/qachannels/0/generator/single 1
2025.05.15 14:38:11.229   set /dev12195/qachannels/0/output/muting/enable 0
2025.05.15 14:38:11.229   set /dev12195/qachannels/0/input/rflfpath 1
2025.05.15 14:38:11.229   set /dev12195/qachannels/0/input/on 1
2025.05.15 14:38:11.229   set /dev12195/sgchannels/4/oscs/0/freq 4e+07
2025.05.15 14:38:11.229   set /dev12195/qachannels/0/oscs/0/freq 0
2025.05.15 14:38:11.229   set /dev12195/sgchannels/4/awg/auxtriggers/0/slope 1
2025.05.15 14:38:11.230   set /dev12195/sgchannels/4/awg/auxtriggers/0/channel 8
2025.05.15 14:38:11.230   set /dev12195/system/internaltrigger/enable 0
2025.05.15 14:38:11.230   set /dev12195/system/internaltrigger/repetitions 1
2025.05.15 14:38:11.230   set /dev12195/qachannels/0/markers/0/source 32
2025.05.15 14:38:11.230   set /dev12195/qachannels/0/markers/1/source 36
2025.05.15 14:38:11.230   set /dev12195/qachannels/0/generator/auxtriggers/0/channel 8
2025.05.15 14:38:11.230   set /dev12195/sgchannels/4/oscs/0/freq 4e+07
2025.05.15 14:38:11.231   set /dev12195/synthesizers/3/centerfreq 3.6e+09
2025.05.15 14:38:11.231   set /dev12195/sgchannels/4/output/delay 0
2025.05.15 14:38:11.231   set /dev12195/qachannels/0/centerfreq 6.8e+09
2025.05.15 14:38:11.231   set /dev12195/qachannels/0/spectroscopy/envelope/delay 0
2025.05.15 14:38:11.231   set /dev12195/qachannels/0/spectroscopy/delay 2.2e-07
2025.05.15 14:38:11.231   set /dev12195/qachannels/0/mode 0
2025.05.15 14:38:11.233   set /dev12195/qachannels/0/spectroscopy/trigger/channel 36
2025.05.15 14:38:11.233   set /dev12195/qachannels/0/spectroscopy/length 4000
2025.05.15 14:38:11.233   set /dev12195/sgchannels/4/awg/elf/data vector (1528 B)
2025.05.15 14:38:11.233   set /dev12195/sgchannels/4/awg/commandtable/data vector (152 B)
2025.05.15 14:38:11.233   set /dev12195/qachannels/0/readout/result/enable 0
2025.05.15 14:38:11.233   set /dev12195/qachannels/0/spectroscopy/result/length 101
2025.05.15 14:38:11.233   set /dev12195/qachannels/0/spectroscopy/result/averages 4096
2025.05.15 14:38:11.234   set /dev12195/qachannels/0/spectroscopy/result/mode 0
2025.05.15 14:38:11.234   set /dev12195/qachannels/0/spectroscopy/psd/enable 0
2025.05.15 14:38:11.234   set /dev12195/qachannels/0/spectroscopy/result/enable 0
2025.05.15 14:38:11.234   set /dev12195/qachannels/0/spectroscopy/result/enable 1
2025.05.15 14:38:11.234   set /dev12195/scopes/0/enable 0
2025.05.15 14:38:11.234   set /dev12195/qachannels/0/generator/elf/data vector (4272 B)
2025.05.15 14:38:11.234   set /dev12195/qachannels/0/spectroscopy/envelope/wave vector (32000 B)
2025.05.15 14:38:11.235   get /dev12195/qachannels/0/spectroscopy/envelope/wave -
2025.05.15 14:38:11.235   set /dev12195/qachannels/0/spectroscopy/envelope/enable 1
2025.05.15 14:38:11.235   set /dev12195/qachannels/0/readout/multistate/qudits/0/weights/0/wave vector (64000 B)
2025.05.15 14:38:11.235   set /dev12195/qachannels/0/readout/integration/length 4000
2025.05.15 14:38:11.235   set /dev12195/sgchannels/4/awg/enable 1
2025.05.15 14:38:11.235   set /dev12195/qachannels/0/generator/enable 1
2025.05.15 14:38:11.237   set /dev12195/system/internaltrigger/enable 1
2025.05.15 14:38:11.241   set /dev12195/raw/system/awg/runtimechecks/enable 0
2025.05.15 14:38:11.241   set /dev12195/qachannels/0/readout/result/enable 0
2025.05.15 14:38:11.243   get /dev12195/raw/error/json/errors -
2025.05.15 14:38:11.243   get /dev12195/raw/error/json/errors -
2025.05.15 14:38:11.243   set /dev12195/qachannels/0/spectroscopy/envelope/enable 1
2025.05.15 14:38:43.829 Node log from the data server with id 'zi_server':
2025.05.15 14:38:43.829   get /dev12195/raw/system/awg/runtimechecks/enable -
2025.05.15 14:38:43.829   get /dev12195/raw/system/awg/runtimechecks/enable -
2025.05.15 14:38:43.830   get /dev12195/system/clocks/referenceclock/in/freq -
2025.05.15 14:38:43.830   get /dev12195/system/clocks/referenceclock/in/sourceactual -
2025.05.15 14:38:43.830   get /dev12195/system/clocks/referenceclock/in/source -
2025.05.15 14:38:43.830   get /dev12195/system/clocks/referenceclock/in/status -
2025.05.15 14:38:43.830   get /dev12195/system/clocks/referenceclock/in/freq -
2025.05.15 14:38:43.830   get /dev12195/system/clocks/referenceclock/in/sourceactual -
2025.05.15 14:38:43.831   get /dev12195/system/clocks/referenceclock/in/source -
2025.05.15 14:38:43.831   get /dev12195/system/clocks/referenceclock/in/status -
2025.05.15 14:38:46.050 Node log from the data server with id 'zi_server':
2025.05.15 14:38:46.051   set /dev12195/raw/error/clear 1
2025.05.15 14:38:46.051   set /dev12195/sgchannels/0/pipeliner/mode 0
2025.05.15 14:38:46.051   set /dev12195/sgchannels/1/pipeliner/mode 0
2025.05.15 14:38:46.051   set /dev12195/sgchannels/2/pipeliner/mode 0
2025.05.15 14:38:46.051   set /dev12195/sgchannels/3/pipeliner/mode 0
2025.05.15 14:38:46.051   set /dev12195/sgchannels/4/pipeliner/mode 0
2025.05.15 14:38:46.051   set /dev12195/sgchannels/5/pipeliner/mode 0
2025.05.15 14:38:46.052   set /dev12195/sgchannels/0/synchronization/enable 0
2025.05.15 14:38:46.052   set /dev12195/sgchannels/1/synchronization/enable 0
2025.05.15 14:38:46.052   set /dev12195/sgchannels/2/synchronization/enable 0
2025.05.15 14:38:46.052   set /dev12195/sgchannels/3/synchronization/enable 0
2025.05.15 14:38:46.052   set /dev12195/sgchannels/4/synchronization/enable 0
2025.05.15 14:38:46.052   set /dev12195/sgchannels/5/synchronization/enable 0
2025.05.15 14:38:46.052   set /dev12195/sgchannels/0/awg/enable 0
2025.05.15 14:38:46.053   set /dev12195/sgchannels/1/awg/enable 0
2025.05.15 14:38:46.053   set /dev12195/sgchannels/2/awg/enable 0
2025.05.15 14:38:46.053   set /dev12195/sgchannels/3/awg/enable 0
2025.05.15 14:38:46.053   set /dev12195/sgchannels/4/awg/enable 0
2025.05.15 14:38:46.053   set /dev12195/sgchannels/5/awg/enable 0
2025.05.15 14:38:46.054   set /dev12195/system/synchronization/source 0
2025.05.15 14:38:46.054   set /dev12195/system/internaltrigger/synchronization/enable 0
2025.05.15 14:38:46.054   set /dev12195/scopes/0/enable 0
2025.05.15 14:38:46.055   set /dev12195/qachannels/0/pipeliner/mode 0
2025.05.15 14:38:46.055   set /dev12195/qachannels/0/synchronization/enable 0
2025.05.15 14:38:46.055   set /dev12195/qachannels/0/generator/enable 0
2025.05.15 14:38:46.055   set /dev12195/qachannels/0/readout/result/enable 0
2025.05.15 14:38:46.055   set /dev12195/qachannels/0/spectroscopy/psd/enable 0
2025.05.15 14:38:46.055   set /dev12195/qachannels/0/spectroscopy/result/enable 0
2025.05.15 14:38:46.055   set /dev12195/qachannels/0/output/rflfinterlock 1
2025.05.15 14:38:46.056   set /dev12195/qachannels/0/oscs/0/gain 1
2025.05.15 14:38:46.056   set /dev12195/scopes/0/channels/0/enable 0
2025.05.15 14:38:46.056   set /dev12195/scopes/0/channels/1/enable 0
2025.05.15 14:38:46.056   set /dev12195/scopes/0/channels/2/enable 0
2025.05.15 14:38:46.056   set /dev12195/scopes/0/channels/3/enable 0
2025.05.15 14:38:46.060   get /dev12195/sgchannels/0/output/overrangecount -
2025.05.15 14:38:46.060   get /dev12195/sgchannels/1/output/overrangecount -
2025.05.15 14:38:46.060   get /dev12195/sgchannels/2/output/overrangecount -
2025.05.15 14:38:46.060   get /dev12195/sgchannels/3/output/overrangecount -
2025.05.15 14:38:46.060   get /dev12195/sgchannels/4/output/overrangecount -
2025.05.15 14:38:46.061   get /dev12195/sgchannels/5/output/overrangecount -
2025.05.15 14:38:46.061   get /dev12195/qachannels/0/output/overrangecount -
2025.05.15 14:38:46.061   get /dev12195/qachannels/0/input/overrangecount -
2025.05.15 14:38:46.061   set /dev12195/sgchannels/4/output/on 1
2025.05.15 14:38:46.061   set /dev12195/sgchannels/4/awg/single 1
2025.05.15 14:38:46.061   set /dev12195/sgchannels/4/awg/modulation/enable 1
2025.05.15 14:38:46.061   set /dev12195/sgchannels/4/marker/source 0
2025.05.15 14:38:46.062   set /dev12195/sgchannels/4/trigger/delay 0
2025.05.15 14:38:46.062   set /dev12195/sgchannels/4/output/rflfpath 1
2025.05.15 14:38:46.062   set /dev12195/sgchannels/4/output/muting/enable 0
2025.05.15 14:38:46.062   set /dev12195/sgchannels/4/sines/0/oscselect 0
2025.05.15 14:38:46.062   set /dev12195/sgchannels/4/sines/0/harmonic 1
2025.05.15 14:38:46.062   set /dev12195/sgchannels/4/sines/0/phaseshift 0
2025.05.15 14:38:46.062   set /dev12195/qachannels/0/output/on 1
2025.05.15 14:38:46.063   set /dev12195/qachannels/0/generator/single 1
2025.05.15 14:38:46.063   set /dev12195/qachannels/0/output/muting/enable 0
2025.05.15 14:38:46.063   set /dev12195/qachannels/0/input/rflfpath 1
2025.05.15 14:38:46.063   set /dev12195/qachannels/0/input/on 1
2025.05.15 14:38:46.063   set /dev12195/sgchannels/4/oscs/0/freq 4e+07
2025.05.15 14:38:46.063   set /dev12195/qachannels/0/oscs/0/freq 0
2025.05.15 14:38:46.063   set /dev12195/sgchannels/4/awg/auxtriggers/0/slope 1
2025.05.15 14:38:46.064   set /dev12195/sgchannels/4/awg/auxtriggers/0/channel 8
2025.05.15 14:38:46.064   set /dev12195/system/internaltrigger/enable 0
2025.05.15 14:38:46.064   set /dev12195/system/internaltrigger/repetitions 1
2025.05.15 14:38:46.064   set /dev12195/qachannels/0/markers/0/source 32
2025.05.15 14:38:46.064   set /dev12195/qachannels/0/markers/1/source 36
2025.05.15 14:38:46.064   set /dev12195/qachannels/0/generator/auxtriggers/0/channel 8
2025.05.15 14:38:46.064   set /dev12195/sgchannels/4/oscs/0/freq 4e+07
2025.05.15 14:38:46.065   set /dev12195/synthesizers/3/centerfreq 3.6e+09
2025.05.15 14:38:46.065   set /dev12195/sgchannels/4/output/delay 0
2025.05.15 14:38:46.065   set /dev12195/qachannels/0/centerfreq 6.8e+09
2025.05.15 14:38:46.066   set /dev12195/qachannels/0/spectroscopy/envelope/delay 0
2025.05.15 14:38:46.066   set /dev12195/qachannels/0/spectroscopy/delay 2.2e-07
2025.05.15 14:38:46.066   set /dev12195/qachannels/0/mode 0
2025.05.15 14:38:46.066   set /dev12195/qachannels/0/spectroscopy/trigger/channel 36
2025.05.15 14:38:46.066   set /dev12195/qachannels/0/spectroscopy/length 4000
2025.05.15 14:38:46.066   set /dev12195/sgchannels/4/awg/elf/data vector (1528 B)
2025.05.15 14:38:46.067   set /dev12195/sgchannels/4/awg/commandtable/data vector (152 B)
2025.05.15 14:38:46.067   set /dev12195/qachannels/0/readout/result/enable 0
2025.05.15 14:38:46.067   set /dev12195/qachannels/0/spectroscopy/result/length 101
2025.05.15 14:38:46.067   set /dev12195/qachannels/0/spectroscopy/result/averages 4096
2025.05.15 14:38:46.067   set /dev12195/qachannels/0/spectroscopy/result/mode 0
2025.05.15 14:38:46.067   set /dev12195/qachannels/0/spectroscopy/psd/enable 0
2025.05.15 14:38:46.067   set /dev12195/qachannels/0/spectroscopy/result/enable 0
2025.05.15 14:38:46.068   set /dev12195/qachannels/0/spectroscopy/result/enable 1
2025.05.15 14:38:46.068   set /dev12195/scopes/0/enable 0
2025.05.15 14:38:46.068   set /dev12195/qachannels/0/generator/elf/data vector (4272 B)
2025.05.15 14:38:46.068   set /dev12195/qachannels/0/spectroscopy/envelope/wave vector (32000 B)
2025.05.15 14:38:46.068   get /dev12195/qachannels/0/spectroscopy/envelope/wave -
2025.05.15 14:38:46.068   set /dev12195/qachannels/0/spectroscopy/envelope/enable 1
2025.05.15 14:38:46.069   set /dev12195/qachannels/0/readout/multistate/qudits/0/weights/0/wave vector (64000 B)
2025.05.15 14:38:46.069   set /dev12195/qachannels/0/readout/integration/length 4000
2025.05.15 14:38:46.069   set /dev12195/sgchannels/4/awg/enable 1
2025.05.15 14:38:46.069   set /dev12195/qachannels/0/generator/enable 1
2025.05.15 14:38:46.070   set /dev12195/system/internaltrigger/enable 1
2025.05.15 14:38:46.076   set /dev12195/raw/system/awg/runtimechecks/enable 0
2025.05.15 14:38:46.076   set /dev12195/qachannels/0/readout/result/enable 0
2025.05.15 14:38:46.076   get /dev12195/raw/error/json/errors -
2025.05.15 14:38:46.077   get /dev12195/raw/error/json/errors -
2025.05.15 14:38:46.077   set /dev12195/qachannels/0/spectroscopy/envelope/enable 1
2025.05.15 14:40:04.078 Node log from the data server with id 'zi_server':
2025.05.15 14:40:04.078   get /dev12195/raw/system/awg/runtimechecks/enable -
2025.05.15 14:40:04.078   get /dev12195/raw/system/awg/runtimechecks/enable -
2025.05.15 14:40:04.078   get /dev12195/system/clocks/referenceclock/in/freq -
2025.05.15 14:40:04.078   get /dev12195/system/clocks/referenceclock/in/sourceactual -
2025.05.15 14:40:04.078   get /dev12195/system/clocks/referenceclock/in/source -
2025.05.15 14:40:04.078   get /dev12195/system/clocks/referenceclock/in/status -
2025.05.15 14:40:04.078   get /dev12195/system/clocks/referenceclock/in/freq -
2025.05.15 14:40:04.080   get /dev12195/system/clocks/referenceclock/in/sourceactual -
2025.05.15 14:40:04.080   get /dev12195/system/clocks/referenceclock/in/source -
2025.05.15 14:40:04.080   get /dev12195/system/clocks/referenceclock/in/status -
2025.05.15 14:40:06.337 Node log from the data server with id 'zi_server':
2025.05.15 14:40:06.338   set /dev12195/raw/error/clear 1
2025.05.15 14:40:06.338   set /dev12195/sgchannels/0/pipeliner/mode 0
2025.05.15 14:40:06.339   set /dev12195/sgchannels/1/pipeliner/mode 0
2025.05.15 14:40:06.339   set /dev12195/sgchannels/2/pipeliner/mode 0
2025.05.15 14:40:06.339   set /dev12195/sgchannels/3/pipeliner/mode 0
2025.05.15 14:40:06.339   set /dev12195/sgchannels/4/pipeliner/mode 0
2025.05.15 14:40:06.339   set /dev12195/sgchannels/5/pipeliner/mode 0
2025.05.15 14:40:06.339   set /dev12195/sgchannels/0/synchronization/enable 0
2025.05.15 14:40:06.339   set /dev12195/sgchannels/1/synchronization/enable 0
2025.05.15 14:40:06.340   set /dev12195/sgchannels/2/synchronization/enable 0
2025.05.15 14:40:06.340   set /dev12195/sgchannels/3/synchronization/enable 0
2025.05.15 14:40:06.340   set /dev12195/sgchannels/4/synchronization/enable 0
2025.05.15 14:40:06.340   set /dev12195/sgchannels/5/synchronization/enable 0
2025.05.15 14:40:06.340   set /dev12195/sgchannels/0/awg/enable 0
2025.05.15 14:40:06.340   set /dev12195/sgchannels/1/awg/enable 0
2025.05.15 14:40:06.341   set /dev12195/sgchannels/2/awg/enable 0
2025.05.15 14:40:06.341   set /dev12195/sgchannels/3/awg/enable 0
2025.05.15 14:40:06.341   set /dev12195/sgchannels/4/awg/enable 0
2025.05.15 14:40:06.341   set /dev12195/sgchannels/5/awg/enable 0
2025.05.15 14:40:06.342   set /dev12195/system/synchronization/source 0
2025.05.15 14:40:06.342   set /dev12195/system/internaltrigger/synchronization/enable 0
2025.05.15 14:40:06.342   set /dev12195/scopes/0/enable 0
2025.05.15 14:40:06.343   set /dev12195/qachannels/0/pipeliner/mode 0
2025.05.15 14:40:06.343   set /dev12195/qachannels/0/synchronization/enable 0
2025.05.15 14:40:06.343   set /dev12195/qachannels/0/generator/enable 0
2025.05.15 14:40:06.343   set /dev12195/qachannels/0/readout/result/enable 0
2025.05.15 14:40:06.343   set /dev12195/qachannels/0/spectroscopy/psd/enable 0
2025.05.15 14:40:06.343   set /dev12195/qachannels/0/spectroscopy/result/enable 0
2025.05.15 14:40:06.343   set /dev12195/qachannels/0/output/rflfinterlock 1
2025.05.15 14:40:06.344   set /dev12195/qachannels/0/oscs/0/gain 1
2025.05.15 14:40:06.344   set /dev12195/scopes/0/channels/0/enable 0
2025.05.15 14:40:06.344   set /dev12195/scopes/0/channels/1/enable 0
2025.05.15 14:40:06.344   set /dev12195/scopes/0/channels/2/enable 0
2025.05.15 14:40:06.344   set /dev12195/scopes/0/channels/3/enable 0
2025.05.15 14:40:06.348   get /dev12195/sgchannels/0/output/overrangecount -
2025.05.15 14:40:06.348   get /dev12195/sgchannels/1/output/overrangecount -
2025.05.15 14:40:06.348   get /dev12195/sgchannels/2/output/overrangecount -
2025.05.15 14:40:06.348   get /dev12195/sgchannels/3/output/overrangecount -
2025.05.15 14:40:06.349   get /dev12195/sgchannels/4/output/overrangecount -
2025.05.15 14:40:06.349   get /dev12195/sgchannels/5/output/overrangecount -
2025.05.15 14:40:06.349   get /dev12195/qachannels/0/output/overrangecount -
2025.05.15 14:40:06.349   get /dev12195/qachannels/0/input/overrangecount -
2025.05.15 14:40:06.349   set /dev12195/sgchannels/4/output/on 1
2025.05.15 14:40:06.349   set /dev12195/sgchannels/4/awg/single 1
2025.05.15 14:40:06.349   set /dev12195/sgchannels/4/awg/modulation/enable 1
2025.05.15 14:40:06.350   set /dev12195/sgchannels/4/marker/source 0
2025.05.15 14:40:06.350   set /dev12195/sgchannels/4/trigger/delay 0
2025.05.15 14:40:06.350   set /dev12195/sgchannels/4/output/rflfpath 1
2025.05.15 14:40:06.350   set /dev12195/sgchannels/4/output/muting/enable 0
2025.05.15 14:40:06.350   set /dev12195/sgchannels/4/sines/0/oscselect 0
2025.05.15 14:40:06.350   set /dev12195/sgchannels/4/sines/0/harmonic 1
2025.05.15 14:40:06.350   set /dev12195/sgchannels/4/sines/0/phaseshift 0
2025.05.15 14:40:06.351   set /dev12195/qachannels/0/output/on 1
2025.05.15 14:40:06.351   set /dev12195/qachannels/0/generator/single 1
2025.05.15 14:40:06.351   set /dev12195/qachannels/0/output/muting/enable 0
2025.05.15 14:40:06.351   set /dev12195/qachannels/0/input/rflfpath 1
2025.05.15 14:40:06.351   set /dev12195/qachannels/0/input/on 1
2025.05.15 14:40:06.351   set /dev12195/sgchannels/4/oscs/0/freq 4e+07
2025.05.15 14:40:06.351   set /dev12195/qachannels/0/oscs/0/freq 0
2025.05.15 14:40:06.352   set /dev12195/sgchannels/4/awg/auxtriggers/0/slope 1
2025.05.15 14:40:06.352   set /dev12195/sgchannels/4/awg/auxtriggers/0/channel 8
2025.05.15 14:40:06.352   set /dev12195/system/internaltrigger/enable 0
2025.05.15 14:40:06.352   set /dev12195/system/internaltrigger/repetitions 1
2025.05.15 14:40:06.352   set /dev12195/qachannels/0/markers/0/source 32
2025.05.15 14:40:06.352   set /dev12195/qachannels/0/markers/1/source 36
2025.05.15 14:40:06.352   set /dev12195/qachannels/0/generator/auxtriggers/0/channel 8
2025.05.15 14:40:06.352   set /dev12195/sgchannels/4/oscs/0/freq 4e+07
2025.05.15 14:40:06.353   set /dev12195/synthesizers/3/centerfreq 3.6e+09
2025.05.15 14:40:06.353   set /dev12195/sgchannels/4/output/delay 0
2025.05.15 14:40:06.353   set /dev12195/qachannels/0/centerfreq 6.8e+09
2025.05.15 14:40:06.353   set /dev12195/qachannels/0/spectroscopy/envelope/delay 0
2025.05.15 14:40:06.354   set /dev12195/qachannels/0/spectroscopy/delay 2.2e-07
2025.05.15 14:40:06.354   set /dev12195/qachannels/0/mode 0
2025.05.15 14:40:06.354   set /dev12195/qachannels/0/spectroscopy/trigger/channel 36
2025.05.15 14:40:06.354   set /dev12195/qachannels/0/spectroscopy/length 4000
2025.05.15 14:40:06.354   set /dev12195/sgchannels/4/awg/elf/data vector (1528 B)
2025.05.15 14:40:06.354   set /dev12195/sgchannels/4/awg/commandtable/data vector (152 B)
2025.05.15 14:40:06.354   set /dev12195/qachannels/0/readout/result/enable 0
2025.05.15 14:40:06.355   set /dev12195/qachannels/0/spectroscopy/result/length 101
2025.05.15 14:40:06.355   set /dev12195/qachannels/0/spectroscopy/result/averages 4096
2025.05.15 14:40:06.355   set /dev12195/qachannels/0/spectroscopy/result/mode 0
2025.05.15 14:40:06.355   set /dev12195/qachannels/0/spectroscopy/psd/enable 0
2025.05.15 14:40:06.355   set /dev12195/qachannels/0/spectroscopy/result/enable 0
2025.05.15 14:40:06.355   set /dev12195/qachannels/0/spectroscopy/result/enable 1
2025.05.15 14:40:06.355   set /dev12195/scopes/0/enable 0
2025.05.15 14:40:06.355   set /dev12195/qachannels/0/generator/elf/data vector (4272 B)
2025.05.15 14:40:06.355   set /dev12195/qachannels/0/spectroscopy/envelope/wave vector (32000 B)
2025.05.15 14:40:06.355   get /dev12195/qachannels/0/spectroscopy/envelope/wave -
2025.05.15 14:40:06.357   set /dev12195/qachannels/0/spectroscopy/envelope/enable 1
2025.05.15 14:40:06.357   set /dev12195/qachannels/0/readout/multistate/qudits/0/weights/0/wave vector (64000 B)
2025.05.15 14:40:06.357   set /dev12195/qachannels/0/readout/integration/length 4000
2025.05.15 14:40:06.357   set /dev12195/sgchannels/4/awg/enable 1
2025.05.15 14:40:06.357   set /dev12195/qachannels/0/generator/enable 1
2025.05.15 14:40:06.357   set /dev12195/system/internaltrigger/enable 1
2025.05.15 14:40:06.361   get /dev12195/features/options -
2025.05.15 14:40:06.363   set /dev12195/raw/system/awg/runtimechecks/enable 0
2025.05.15 14:40:06.363   set /dev12195/qachannels/0/readout/result/enable 0
2025.05.15 14:40:06.363   get /dev12195/raw/error/json/errors -
2025.05.15 14:40:06.365   get /dev12195/raw/error/json/errors -
2025.05.15 14:40:06.365   set /dev12195/qachannels/0/spectroscopy/envelope/enable 1
2025.05.15 14:53:41.022 Node log from the data server with id 'zi_server':
2025.05.15 14:53:41.022   get /dev12195/raw/system/awg/runtimechecks/enable -
2025.05.15 14:53:41.022   get /dev12195/raw/system/awg/runtimechecks/enable -
2025.05.15 14:53:41.022   get /dev12195/system/clocks/referenceclock/in/freq -
2025.05.15 14:53:41.022   get /dev12195/system/clocks/referenceclock/in/sourceactual -
2025.05.15 14:53:41.022   get /dev12195/system/clocks/referenceclock/in/source -
2025.05.15 14:53:41.022   get /dev12195/system/clocks/referenceclock/in/status -
2025.05.15 14:53:41.022   get /dev12195/system/clocks/referenceclock/in/freq -
2025.05.15 14:53:41.024   get /dev12195/system/clocks/referenceclock/in/sourceactual -
2025.05.15 14:53:41.024   get /dev12195/system/clocks/referenceclock/in/source -
2025.05.15 14:53:41.024   get /dev12195/system/clocks/referenceclock/in/status -
2025.05.15 14:53:44.112 Node log from the data server with id 'zi_server':
2025.05.15 14:53:44.113   set /dev12195/raw/error/clear 1
2025.05.15 14:53:44.113   set /dev12195/sgchannels/0/pipeliner/mode 0
2025.05.15 14:53:44.113   set /dev12195/sgchannels/1/pipeliner/mode 0
2025.05.15 14:53:44.113   set /dev12195/sgchannels/2/pipeliner/mode 0
2025.05.15 14:53:44.113   set /dev12195/sgchannels/3/pipeliner/mode 0
2025.05.15 14:53:44.113   set /dev12195/sgchannels/4/pipeliner/mode 0
2025.05.15 14:53:44.113   set /dev12195/sgchannels/5/pipeliner/mode 0
2025.05.15 14:53:44.114   set /dev12195/sgchannels/0/synchronization/enable 0
2025.05.15 14:53:44.114   set /dev12195/sgchannels/1/synchronization/enable 0
2025.05.15 14:53:44.114   set /dev12195/sgchannels/2/synchronization/enable 0
2025.05.15 14:53:44.114   set /dev12195/sgchannels/3/synchronization/enable 0
2025.05.15 14:53:44.114   set /dev12195/sgchannels/4/synchronization/enable 0
2025.05.15 14:53:44.114   set /dev12195/sgchannels/5/synchronization/enable 0
2025.05.15 14:53:44.115   set /dev12195/sgchannels/0/awg/enable 0
2025.05.15 14:53:44.115   set /dev12195/sgchannels/1/awg/enable 0
2025.05.15 14:53:44.115   set /dev12195/sgchannels/2/awg/enable 0
2025.05.15 14:53:44.115   set /dev12195/sgchannels/3/awg/enable 0
2025.05.15 14:53:44.115   set /dev12195/sgchannels/4/awg/enable 0
2025.05.15 14:53:44.115   set /dev12195/sgchannels/5/awg/enable 0
2025.05.15 14:53:44.116   set /dev12195/system/synchronization/source 0
2025.05.15 14:53:44.116   set /dev12195/system/internaltrigger/synchronization/enable 0
2025.05.15 14:53:44.117   set /dev12195/scopes/0/enable 0
2025.05.15 14:53:44.117   set /dev12195/qachannels/0/pipeliner/mode 0
2025.05.15 14:53:44.117   set /dev12195/qachannels/0/synchronization/enable 0
2025.05.15 14:53:44.117   set /dev12195/qachannels/0/generator/enable 0
2025.05.15 14:53:44.117   set /dev12195/qachannels/0/readout/result/enable 0
2025.05.15 14:53:44.117   set /dev12195/qachannels/0/spectroscopy/psd/enable 0
2025.05.15 14:53:44.117   set /dev12195/qachannels/0/spectroscopy/result/enable 0
2025.05.15 14:53:44.118   set /dev12195/qachannels/0/output/rflfinterlock 1
2025.05.15 14:53:44.118   set /dev12195/qachannels/0/oscs/0/gain 1
2025.05.15 14:53:44.118   set /dev12195/scopes/0/channels/0/enable 0
2025.05.15 14:53:44.118   set /dev12195/scopes/0/channels/1/enable 0
2025.05.15 14:53:44.118   set /dev12195/scopes/0/channels/2/enable 0
2025.05.15 14:53:44.118   set /dev12195/scopes/0/channels/3/enable 0
2025.05.15 14:53:44.122   get /dev12195/sgchannels/0/output/overrangecount -
2025.05.15 14:53:44.122   get /dev12195/sgchannels/1/output/overrangecount -
2025.05.15 14:53:44.122   get /dev12195/sgchannels/2/output/overrangecount -
2025.05.15 14:53:44.122   get /dev12195/sgchannels/3/output/overrangecount -
2025.05.15 14:53:44.123   get /dev12195/sgchannels/4/output/overrangecount -
2025.05.15 14:53:44.123   get /dev12195/sgchannels/5/output/overrangecount -
2025.05.15 14:53:44.123   get /dev12195/qachannels/0/output/overrangecount -
2025.05.15 14:53:44.123   get /dev12195/qachannels/0/input/overrangecount -
2025.05.15 14:53:44.123   set /dev12195/sgchannels/4/output/on 1
2025.05.15 14:53:44.123   set /dev12195/sgchannels/4/awg/single 1
2025.05.15 14:53:44.123   set /dev12195/sgchannels/4/awg/modulation/enable 1
2025.05.15 14:53:44.124   set /dev12195/sgchannels/4/marker/source 0
2025.05.15 14:53:44.124   set /dev12195/sgchannels/4/trigger/delay 0
2025.05.15 14:53:44.124   set /dev12195/sgchannels/4/output/rflfpath 1
2025.05.15 14:53:44.124   set /dev12195/sgchannels/4/output/muting/enable 0
2025.05.15 14:53:44.124   set /dev12195/sgchannels/4/sines/0/oscselect 0
2025.05.15 14:53:44.124   set /dev12195/sgchannels/4/sines/0/harmonic 1
2025.05.15 14:53:44.124   set /dev12195/sgchannels/4/sines/0/phaseshift 0
2025.05.15 14:53:44.125   set /dev12195/qachannels/0/output/on 1
2025.05.15 14:53:44.125   set /dev12195/qachannels/0/generator/single 1
2025.05.15 14:53:44.125   set /dev12195/qachannels/0/output/muting/enable 0
2025.05.15 14:53:44.125   set /dev12195/qachannels/0/input/rflfpath 1
2025.05.15 14:53:44.125   set /dev12195/qachannels/0/input/on 1
2025.05.15 14:53:44.125   set /dev12195/sgchannels/4/oscs/0/freq 4e+07
2025.05.15 14:53:44.125   set /dev12195/qachannels/0/oscs/0/freq 0
2025.05.15 14:53:44.126   set /dev12195/sgchannels/4/awg/auxtriggers/0/slope 1
2025.05.15 14:53:44.126   set /dev12195/sgchannels/4/awg/auxtriggers/0/channel 8
2025.05.15 14:53:44.126   set /dev12195/system/internaltrigger/enable 0
2025.05.15 14:53:44.126   set /dev12195/system/internaltrigger/repetitions 1
2025.05.15 14:53:44.126   set /dev12195/qachannels/0/markers/0/source 32
2025.05.15 14:53:44.126   set /dev12195/qachannels/0/markers/1/source 36
2025.05.15 14:53:44.126   set /dev12195/qachannels/0/generator/auxtriggers/0/channel 8
2025.05.15 14:53:44.127   set /dev12195/sgchannels/4/oscs/0/freq 4e+07
2025.05.15 14:53:44.127   set /dev12195/synthesizers/3/centerfreq 3.6e+09
2025.05.15 14:53:44.127   set /dev12195/sgchannels/4/output/delay 0
2025.05.15 14:53:44.127   set /dev12195/qachannels/0/centerfreq 6.8e+09
2025.05.15 14:53:44.127   set /dev12195/qachannels/0/spectroscopy/envelope/delay 0
2025.05.15 14:53:44.127   set /dev12195/qachannels/0/spectroscopy/delay 2.2e-07
2025.05.15 14:53:44.127   set /dev12195/qachannels/0/mode 0
2025.05.15 14:53:44.128   set /dev12195/qachannels/0/spectroscopy/trigger/channel 36
2025.05.15 14:53:44.128   set /dev12195/qachannels/0/spectroscopy/length 4000
2025.05.15 14:53:44.128   set /dev12195/sgchannels/4/awg/elf/data vector (1528 B)
2025.05.15 14:53:44.128   set /dev12195/sgchannels/4/awg/commandtable/data vector (152 B)
2025.05.15 14:53:44.128   set /dev12195/qachannels/0/readout/result/enable 0
2025.05.15 14:53:44.128   set /dev12195/qachannels/0/spectroscopy/result/length 101
2025.05.15 14:53:44.128   set /dev12195/qachannels/0/spectroscopy/result/averages 4096
2025.05.15 14:53:44.129   set /dev12195/qachannels/0/spectroscopy/result/mode 0
2025.05.15 14:53:44.129   set /dev12195/qachannels/0/spectroscopy/psd/enable 0
2025.05.15 14:53:44.129   set /dev12195/qachannels/0/spectroscopy/result/enable 0
2025.05.15 14:53:44.130   set /dev12195/qachannels/0/spectroscopy/result/enable 1
2025.05.15 14:53:44.130   set /dev12195/scopes/0/enable 0
2025.05.15 14:53:44.130   set /dev12195/qachannels/0/generator/elf/data vector (4272 B)
2025.05.15 14:53:44.130   set /dev12195/qachannels/0/spectroscopy/envelope/wave vector (32000 B)
2025.05.15 14:53:44.130   get /dev12195/qachannels/0/spectroscopy/envelope/wave -
2025.05.15 14:53:44.130   set /dev12195/qachannels/0/spectroscopy/envelope/enable 1
2025.05.15 14:53:44.130   set /dev12195/qachannels/0/readout/multistate/qudits/0/weights/0/wave vector (64000 B)
2025.05.15 14:53:44.131   set /dev12195/qachannels/0/readout/integration/length 4000
2025.05.15 14:53:44.131   set /dev12195/sgchannels/4/awg/enable 1
2025.05.15 14:53:44.131   set /dev12195/qachannels/0/generator/enable 1
2025.05.15 14:53:44.132   set /dev12195/system/internaltrigger/enable 1
2025.05.15 14:53:44.137   set /dev12195/raw/system/awg/runtimechecks/enable 0
2025.05.15 14:53:44.137   set /dev12195/qachannels/0/readout/result/enable 0
2025.05.15 14:53:44.137   get /dev12195/raw/error/json/errors -
2025.05.15 14:53:44.137   get /dev12195/raw/error/json/errors -
2025.05.15 14:53:44.137   set /dev12195/qachannels/0/spectroscopy/envelope/enable 1
2025.05.15 15:07:42.427 Node log from the data server with id 'zi_server':
2025.05.15 15:07:42.427   get /dev12195/raw/system/awg/runtimechecks/enable -
2025.05.15 15:07:42.427   get /dev12195/raw/system/awg/runtimechecks/enable -
2025.05.15 15:07:42.427   get /dev12195/system/clocks/referenceclock/in/freq -
2025.05.15 15:07:42.427   get /dev12195/system/clocks/referenceclock/in/sourceactual -
2025.05.15 15:07:42.427   get /dev12195/system/clocks/referenceclock/in/source -
2025.05.15 15:07:42.427   get /dev12195/system/clocks/referenceclock/in/status -
2025.05.15 15:07:42.427   get /dev12195/system/clocks/referenceclock/in/freq -
2025.05.15 15:07:42.427   get /dev12195/system/clocks/referenceclock/in/sourceactual -
2025.05.15 15:07:42.429   get /dev12195/system/clocks/referenceclock/in/source -
2025.05.15 15:07:42.429   get /dev12195/system/clocks/referenceclock/in/status -
2025.05.15 15:07:44.921 Node log from the data server with id 'zi_server':
2025.05.15 15:07:44.922   set /dev12195/raw/error/clear 1
2025.05.15 15:07:44.922   set /dev12195/sgchannels/0/pipeliner/mode 0
2025.05.15 15:07:44.922   set /dev12195/sgchannels/1/pipeliner/mode 0
2025.05.15 15:07:44.922   set /dev12195/sgchannels/2/pipeliner/mode 0
2025.05.15 15:07:44.923   set /dev12195/sgchannels/3/pipeliner/mode 0
2025.05.15 15:07:44.923   set /dev12195/sgchannels/4/pipeliner/mode 0
2025.05.15 15:07:44.923   set /dev12195/sgchannels/5/pipeliner/mode 0
2025.05.15 15:07:44.923   set /dev12195/sgchannels/0/synchronization/enable 0
2025.05.15 15:07:44.923   set /dev12195/sgchannels/1/synchronization/enable 0
2025.05.15 15:07:44.923   set /dev12195/sgchannels/2/synchronization/enable 0
2025.05.15 15:07:44.924   set /dev12195/sgchannels/3/synchronization/enable 0
2025.05.15 15:07:44.924   set /dev12195/sgchannels/4/synchronization/enable 0
2025.05.15 15:07:44.924   set /dev12195/sgchannels/5/synchronization/enable 0
2025.05.15 15:07:44.924   set /dev12195/sgchannels/0/awg/enable 0
2025.05.15 15:07:44.924   set /dev12195/sgchannels/1/awg/enable 0
2025.05.15 15:07:44.924   set /dev12195/sgchannels/2/awg/enable 0
2025.05.15 15:07:44.924   set /dev12195/sgchannels/3/awg/enable 0
2025.05.15 15:07:44.925   set /dev12195/sgchannels/4/awg/enable 0
2025.05.15 15:07:44.925   set /dev12195/sgchannels/5/awg/enable 0
2025.05.15 15:07:44.926   set /dev12195/system/synchronization/source 0
2025.05.15 15:07:44.926   set /dev12195/system/internaltrigger/synchronization/enable 0
2025.05.15 15:07:44.926   set /dev12195/scopes/0/enable 0
2025.05.15 15:07:44.926   set /dev12195/qachannels/0/pipeliner/mode 0
2025.05.15 15:07:44.926   set /dev12195/qachannels/0/synchronization/enable 0
2025.05.15 15:07:44.926   set /dev12195/qachannels/0/generator/enable 0
2025.05.15 15:07:44.927   set /dev12195/qachannels/0/readout/result/enable 0
2025.05.15 15:07:44.927   set /dev12195/qachannels/0/spectroscopy/psd/enable 0
2025.05.15 15:07:44.927   set /dev12195/qachannels/0/spectroscopy/result/enable 0
2025.05.15 15:07:44.927   set /dev12195/qachannels/0/output/rflfinterlock 1
2025.05.15 15:07:44.927   set /dev12195/qachannels/0/oscs/0/gain 1
2025.05.15 15:07:44.927   set /dev12195/scopes/0/channels/0/enable 0
2025.05.15 15:07:44.928   set /dev12195/scopes/0/channels/1/enable 0
2025.05.15 15:07:44.928   set /dev12195/scopes/0/channels/2/enable 0
2025.05.15 15:07:44.928   set /dev12195/scopes/0/channels/3/enable 0
2025.05.15 15:07:44.931   get /dev12195/sgchannels/0/output/overrangecount -
2025.05.15 15:07:44.932   get /dev12195/sgchannels/1/output/overrangecount -
2025.05.15 15:07:44.932   get /dev12195/sgchannels/2/output/overrangecount -
2025.05.15 15:07:44.932   get /dev12195/sgchannels/3/output/overrangecount -
2025.05.15 15:07:44.932   get /dev12195/sgchannels/4/output/overrangecount -
2025.05.15 15:07:44.932   get /dev12195/sgchannels/5/output/overrangecount -
2025.05.15 15:07:44.932   get /dev12195/qachannels/0/output/overrangecount -
2025.05.15 15:07:44.932   get /dev12195/qachannels/0/input/overrangecount -
2025.05.15 15:07:44.933   set /dev12195/sgchannels/4/output/on 1
2025.05.15 15:07:44.933   set /dev12195/sgchannels/4/awg/single 1
2025.05.15 15:07:44.933   set /dev12195/sgchannels/4/awg/modulation/enable 1
2025.05.15 15:07:44.933   set /dev12195/sgchannels/4/marker/source 0
2025.05.15 15:07:44.933   set /dev12195/sgchannels/4/trigger/delay 0
2025.05.15 15:07:44.933   set /dev12195/sgchannels/4/output/rflfpath 1
2025.05.15 15:07:44.933   set /dev12195/sgchannels/4/output/muting/enable 0
2025.05.15 15:07:44.934   set /dev12195/sgchannels/4/sines/0/oscselect 0
2025.05.15 15:07:44.934   set /dev12195/sgchannels/4/sines/0/harmonic 1
2025.05.15 15:07:44.934   set /dev12195/sgchannels/4/sines/0/phaseshift 0
2025.05.15 15:07:44.934   set /dev12195/qachannels/0/output/on 1
2025.05.15 15:07:44.934   set /dev12195/qachannels/0/generator/single 1
2025.05.15 15:07:44.934   set /dev12195/qachannels/0/output/muting/enable 0
2025.05.15 15:07:44.934   set /dev12195/qachannels/0/input/rflfpath 1
2025.05.15 15:07:44.935   set /dev12195/qachannels/0/input/on 1
2025.05.15 15:07:44.935   set /dev12195/sgchannels/4/oscs/0/freq 4e+07
2025.05.15 15:07:44.935   set /dev12195/qachannels/0/oscs/0/freq 0
2025.05.15 15:07:44.935   set /dev12195/sgchannels/4/awg/auxtriggers/0/slope 1
2025.05.15 15:07:44.935   set /dev12195/sgchannels/4/awg/auxtriggers/0/channel 8
2025.05.15 15:07:44.935   set /dev12195/system/internaltrigger/enable 0
2025.05.15 15:07:44.935   set /dev12195/system/internaltrigger/repetitions 1
2025.05.15 15:07:44.936   set /dev12195/qachannels/0/markers/0/source 32
2025.05.15 15:07:44.936   set /dev12195/qachannels/0/markers/1/source 36
2025.05.15 15:07:44.936   set /dev12195/qachannels/0/generator/auxtriggers/0/channel 8
2025.05.15 15:07:44.936   set /dev12195/sgchannels/4/oscs/0/freq 4e+07
2025.05.15 15:07:44.936   set /dev12195/synthesizers/3/centerfreq 3.6e+09
2025.05.15 15:07:44.936   set /dev12195/sgchannels/4/output/delay 0
2025.05.15 15:07:44.936   set /dev12195/qachannels/0/centerfreq 6.8e+09
2025.05.15 15:07:44.937   set /dev12195/qachannels/0/spectroscopy/envelope/delay 0
2025.05.15 15:07:44.937   set /dev12195/qachannels/0/spectroscopy/delay 2.2e-07
2025.05.15 15:07:44.937   set /dev12195/qachannels/0/mode 0
2025.05.15 15:07:44.937   set /dev12195/qachannels/0/spectroscopy/trigger/channel 36
2025.05.15 15:07:44.937   set /dev12195/qachannels/0/spectroscopy/length 4000
2025.05.15 15:07:44.937   set /dev12195/sgchannels/4/awg/elf/data vector (1528 B)
2025.05.15 15:07:44.938   set /dev12195/sgchannels/4/awg/commandtable/data vector (152 B)
2025.05.15 15:07:44.938   set /dev12195/qachannels/0/readout/result/enable 0
2025.05.15 15:07:44.938   set /dev12195/qachannels/0/spectroscopy/result/length 101
2025.05.15 15:07:44.938   set /dev12195/qachannels/0/spectroscopy/result/averages 32
2025.05.15 15:07:44.938   set /dev12195/qachannels/0/spectroscopy/result/mode 0
2025.05.15 15:07:44.938   set /dev12195/qachannels/0/spectroscopy/psd/enable 0
2025.05.15 15:07:44.939   set /dev12195/qachannels/0/spectroscopy/result/enable 0
2025.05.15 15:07:44.939   set /dev12195/qachannels/0/spectroscopy/result/enable 1
2025.05.15 15:07:44.939   set /dev12195/scopes/0/enable 0
2025.05.15 15:07:44.939   set /dev12195/qachannels/0/generator/elf/data vector (4268 B)
2025.05.15 15:07:44.939   set /dev12195/qachannels/0/spectroscopy/envelope/wave vector (32000 B)
2025.05.15 15:07:44.939   get /dev12195/qachannels/0/spectroscopy/envelope/wave -
2025.05.15 15:07:44.940   set /dev12195/qachannels/0/spectroscopy/envelope/enable 1
2025.05.15 15:07:44.940   set /dev12195/qachannels/0/readout/multistate/qudits/0/weights/0/wave vector (64000 B)
2025.05.15 15:07:44.940   set /dev12195/qachannels/0/readout/integration/length 4000
2025.05.15 15:07:44.940   set /dev12195/sgchannels/4/awg/enable 1
2025.05.15 15:07:44.940   set /dev12195/qachannels/0/generator/enable 1
2025.05.15 15:07:44.941   set /dev12195/system/internaltrigger/enable 1
2025.05.15 15:07:44.943   set /dev12195/raw/system/awg/runtimechecks/enable 0
2025.05.15 15:07:44.943   set /dev12195/qachannels/0/readout/result/enable 0
2025.05.15 15:07:44.943   get /dev12195/raw/error/json/errors -
2025.05.15 15:07:44.944   get /dev12195/raw/error/json/errors -
2025.05.15 15:07:44.944   set /dev12195/qachannels/0/spectroscopy/envelope/enable 1
2025.05.15 16:03:12.815 Node log from the data server with id 'zi_server':
2025.05.15 16:03:12.817   get /dev12195/raw/system/awg/runtimechecks/enable -
2025.05.15 16:03:12.817   get /dev12195/raw/system/awg/runtimechecks/enable -
2025.05.15 16:03:12.817   get /dev12195/system/clocks/referenceclock/in/freq -
2025.05.15 16:03:12.817   get /dev12195/system/clocks/referenceclock/in/sourceactual -
2025.05.15 16:03:12.817   get /dev12195/system/clocks/referenceclock/in/source -
2025.05.15 16:03:12.817   get /dev12195/system/clocks/referenceclock/in/status -
2025.05.15 16:03:12.817   get /dev12195/system/clocks/referenceclock/in/freq -
2025.05.15 16:03:12.817   get /dev12195/system/clocks/referenceclock/in/sourceactual -
2025.05.15 16:03:12.817   get /dev12195/system/clocks/referenceclock/in/source -
2025.05.15 16:03:12.817   get /dev12195/system/clocks/referenceclock/in/status -
2025.05.15 16:03:14.424 Node log from the data server with id 'zi_server':
2025.05.15 16:03:14.425   set /dev12195/raw/error/clear 1
2025.05.15 16:03:14.425   set /dev12195/sgchannels/0/pipeliner/mode 0
2025.05.15 16:03:14.426   set /dev12195/sgchannels/1/pipeliner/mode 0
2025.05.15 16:03:14.426   set /dev12195/sgchannels/2/pipeliner/mode 0
2025.05.15 16:03:14.426   set /dev12195/sgchannels/3/pipeliner/mode 0
2025.05.15 16:03:14.426   set /dev12195/sgchannels/4/pipeliner/mode 0
2025.05.15 16:03:14.426   set /dev12195/sgchannels/5/pipeliner/mode 0
2025.05.15 16:03:14.426   set /dev12195/sgchannels/0/synchronization/enable 0
2025.05.15 16:03:14.426   set /dev12195/sgchannels/1/synchronization/enable 0
2025.05.15 16:03:14.427   set /dev12195/sgchannels/2/synchronization/enable 0
2025.05.15 16:03:14.427   set /dev12195/sgchannels/3/synchronization/enable 0
2025.05.15 16:03:14.427   set /dev12195/sgchannels/4/synchronization/enable 0
2025.05.15 16:03:14.427   set /dev12195/sgchannels/5/synchronization/enable 0
2025.05.15 16:03:14.427   set /dev12195/sgchannels/0/awg/enable 0
2025.05.15 16:03:14.427   set /dev12195/sgchannels/1/awg/enable 0
2025.05.15 16:03:14.428   set /dev12195/sgchannels/2/awg/enable 0
2025.05.15 16:03:14.428   set /dev12195/sgchannels/3/awg/enable 0
2025.05.15 16:03:14.428   set /dev12195/sgchannels/4/awg/enable 0
2025.05.15 16:03:14.428   set /dev12195/sgchannels/5/awg/enable 0
2025.05.15 16:03:14.429   set /dev12195/system/synchronization/source 0
2025.05.15 16:03:14.429   set /dev12195/system/internaltrigger/synchronization/enable 0
2025.05.15 16:03:14.429   set /dev12195/scopes/0/enable 0
2025.05.15 16:03:14.429   set /dev12195/qachannels/0/pipeliner/mode 0
2025.05.15 16:03:14.430   set /dev12195/qachannels/0/synchronization/enable 0
2025.05.15 16:03:14.430   set /dev12195/qachannels/0/generator/enable 0
2025.05.15 16:03:14.430   set /dev12195/qachannels/0/readout/result/enable 0
2025.05.15 16:03:14.430   set /dev12195/qachannels/0/spectroscopy/psd/enable 0
2025.05.15 16:03:14.430   set /dev12195/qachannels/0/spectroscopy/result/enable 0
2025.05.15 16:03:14.430   set /dev12195/qachannels/0/output/rflfinterlock 1
2025.05.15 16:03:14.431   set /dev12195/qachannels/0/oscs/0/gain 1
2025.05.15 16:03:14.431   set /dev12195/scopes/0/channels/0/enable 0
2025.05.15 16:03:14.431   set /dev12195/scopes/0/channels/1/enable 0
2025.05.15 16:03:14.431   set /dev12195/scopes/0/channels/2/enable 0
2025.05.15 16:03:14.431   set /dev12195/scopes/0/channels/3/enable 0
2025.05.15 16:03:14.435   get /dev12195/sgchannels/0/output/overrangecount -
2025.05.15 16:03:14.435   get /dev12195/sgchannels/1/output/overrangecount -
2025.05.15 16:03:14.435   get /dev12195/sgchannels/2/output/overrangecount -
2025.05.15 16:03:14.435   get /dev12195/sgchannels/3/output/overrangecount -
2025.05.15 16:03:14.435   get /dev12195/sgchannels/4/output/overrangecount -
2025.05.15 16:03:14.435   get /dev12195/sgchannels/5/output/overrangecount -
2025.05.15 16:03:14.436   get /dev12195/qachannels/0/output/overrangecount -
2025.05.15 16:03:14.436   get /dev12195/qachannels/0/input/overrangecount -
2025.05.15 16:03:14.436   set /dev12195/sgchannels/4/output/on 1
2025.05.15 16:03:14.436   set /dev12195/sgchannels/4/awg/single 1
2025.05.15 16:03:14.436   set /dev12195/sgchannels/4/awg/modulation/enable 1
2025.05.15 16:03:14.436   set /dev12195/sgchannels/4/marker/source 0
2025.05.15 16:03:14.436   set /dev12195/sgchannels/4/trigger/delay 0
2025.05.15 16:03:14.437   set /dev12195/sgchannels/4/output/rflfpath 1
2025.05.15 16:03:14.437   set /dev12195/sgchannels/4/output/muting/enable 0
2025.05.15 16:03:14.437   set /dev12195/sgchannels/4/sines/0/oscselect 0
2025.05.15 16:03:14.437   set /dev12195/sgchannels/4/sines/0/harmonic 1
2025.05.15 16:03:14.437   set /dev12195/sgchannels/4/sines/0/phaseshift 0
2025.05.15 16:03:14.437   set /dev12195/qachannels/0/output/on 1
2025.05.15 16:03:14.437   set /dev12195/qachannels/0/generator/single 1
2025.05.15 16:03:14.438   set /dev12195/qachannels/0/output/muting/enable 0
2025.05.15 16:03:14.438   set /dev12195/qachannels/0/input/rflfpath 1
2025.05.15 16:03:14.438   set /dev12195/qachannels/0/input/on 1
2025.05.15 16:03:14.438   set /dev12195/sgchannels/4/oscs/0/freq 4e+07
2025.05.15 16:03:14.438   set /dev12195/qachannels/0/oscs/0/freq 0
2025.05.15 16:03:14.438   set /dev12195/sgchannels/4/awg/auxtriggers/0/slope 1
2025.05.15 16:03:14.438   set /dev12195/sgchannels/4/awg/auxtriggers/0/channel 8
2025.05.15 16:03:14.438   set /dev12195/system/internaltrigger/enable 0
2025.05.15 16:03:14.438   set /dev12195/system/internaltrigger/repetitions 1
2025.05.15 16:03:14.438   set /dev12195/qachannels/0/markers/0/source 32
2025.05.15 16:03:14.440   set /dev12195/qachannels/0/markers/1/source 36
2025.05.15 16:03:14.440   set /dev12195/qachannels/0/generator/auxtriggers/0/channel 8
2025.05.15 16:03:14.440   set /dev12195/sgchannels/4/oscs/0/freq 4e+07
2025.05.15 16:03:14.440   set /dev12195/synthesizers/3/centerfreq 3.6e+09
2025.05.15 16:03:14.440   set /dev12195/sgchannels/4/output/delay 0
2025.05.15 16:03:14.440   set /dev12195/qachannels/0/centerfreq 6.8e+09
2025.05.15 16:03:14.440   set /dev12195/qachannels/0/spectroscopy/envelope/delay 0
2025.05.15 16:03:14.441   set /dev12195/qachannels/0/spectroscopy/delay 2.2e-07
2025.05.15 16:03:14.441   set /dev12195/qachannels/0/mode 0
2025.05.15 16:03:14.441   set /dev12195/qachannels/0/spectroscopy/trigger/channel 36
2025.05.15 16:03:14.441   set /dev12195/qachannels/0/spectroscopy/length 4000
2025.05.15 16:03:14.441   set /dev12195/sgchannels/4/awg/elf/data vector (1528 B)
2025.05.15 16:03:14.441   set /dev12195/sgchannels/4/awg/commandtable/data vector (152 B)
2025.05.15 16:03:14.441   set /dev12195/qachannels/0/readout/result/enable 0
2025.05.15 16:03:14.442   set /dev12195/qachannels/0/spectroscopy/result/length 101
2025.05.15 16:03:14.442   set /dev12195/qachannels/0/spectroscopy/result/averages 32
2025.05.15 16:03:14.442   set /dev12195/qachannels/0/spectroscopy/result/mode 0
2025.05.15 16:03:14.442   set /dev12195/qachannels/0/spectroscopy/psd/enable 0
2025.05.15 16:03:14.442   set /dev12195/qachannels/0/spectroscopy/result/enable 0
2025.05.15 16:03:14.442   set /dev12195/qachannels/0/spectroscopy/result/enable 1
2025.05.15 16:03:14.443   set /dev12195/scopes/0/enable 0
2025.05.15 16:03:14.443   set /dev12195/qachannels/0/generator/elf/data vector (4268 B)
2025.05.15 16:03:14.443   set /dev12195/qachannels/0/spectroscopy/envelope/wave vector (32000 B)
2025.05.15 16:03:14.443   get /dev12195/qachannels/0/spectroscopy/envelope/wave -
2025.05.15 16:03:14.443   set /dev12195/qachannels/0/spectroscopy/envelope/enable 1
2025.05.15 16:03:14.443   set /dev12195/qachannels/0/readout/multistate/qudits/0/weights/0/wave vector (64000 B)
2025.05.15 16:03:14.444   set /dev12195/qachannels/0/readout/integration/length 4000
2025.05.15 16:03:14.444   set /dev12195/sgchannels/4/awg/enable 1
2025.05.15 16:03:14.444   set /dev12195/qachannels/0/generator/enable 1
2025.05.15 16:03:14.445   set /dev12195/system/internaltrigger/enable 1
2025.05.15 16:03:14.445   set /dev12195/raw/system/awg/runtimechecks/enable 0
2025.05.15 16:03:14.445   set /dev12195/qachannels/0/readout/result/enable 0
2025.05.15 16:03:14.446   get /dev12195/raw/error/json/errors -
2025.05.15 16:03:14.446   get /dev12195/raw/error/json/errors -
2025.05.15 16:03:14.447   set /dev12195/qachannels/0/spectroscopy/envelope/enable 1
2025.05.15 16:11:08.577 Node log from the data server with id 'zi_server':
2025.05.15 16:11:08.579   get /dev12195/raw/system/awg/runtimechecks/enable -
2025.05.15 16:11:08.579   get /dev12195/raw/system/awg/runtimechecks/enable -
2025.05.15 16:11:08.579   get /dev12195/system/clocks/referenceclock/in/freq -
2025.05.15 16:11:08.579   get /dev12195/system/clocks/referenceclock/in/sourceactual -
2025.05.15 16:11:08.579   get /dev12195/system/clocks/referenceclock/in/source -
2025.05.15 16:11:08.579   get /dev12195/system/clocks/referenceclock/in/status -
2025.05.15 16:11:08.579   get /dev12195/system/clocks/referenceclock/in/freq -
2025.05.15 16:11:08.579   get /dev12195/system/clocks/referenceclock/in/sourceactual -
2025.05.15 16:11:08.579   get /dev12195/system/clocks/referenceclock/in/source -
2025.05.15 16:11:08.579   get /dev12195/system/clocks/referenceclock/in/status -
2025.05.15 16:11:10.017 Node log from the data server with id 'zi_server':
2025.05.15 16:11:10.017   set /dev12195/raw/error/clear 1
2025.05.15 16:11:10.019   set /dev12195/sgchannels/0/pipeliner/mode 0
2025.05.15 16:11:10.019   set /dev12195/sgchannels/1/pipeliner/mode 0
2025.05.15 16:11:10.019   set /dev12195/sgchannels/2/pipeliner/mode 0
2025.05.15 16:11:10.019   set /dev12195/sgchannels/3/pipeliner/mode 0
2025.05.15 16:11:10.019   set /dev12195/sgchannels/4/pipeliner/mode 0
2025.05.15 16:11:10.019   set /dev12195/sgchannels/5/pipeliner/mode 0
2025.05.15 16:11:10.019   set /dev12195/sgchannels/0/synchronization/enable 0
2025.05.15 16:11:10.019   set /dev12195/sgchannels/1/synchronization/enable 0
2025.05.15 16:11:10.019   set /dev12195/sgchannels/2/synchronization/enable 0
2025.05.15 16:11:10.019   set /dev12195/sgchannels/3/synchronization/enable 0
2025.05.15 16:11:10.019   set /dev12195/sgchannels/4/synchronization/enable 0
2025.05.15 16:11:10.021   set /dev12195/sgchannels/5/synchronization/enable 0
2025.05.15 16:11:10.021   set /dev12195/sgchannels/0/awg/enable 0
2025.05.15 16:11:10.021   set /dev12195/sgchannels/1/awg/enable 0
2025.05.15 16:11:10.021   set /dev12195/sgchannels/2/awg/enable 0
2025.05.15 16:11:10.021   set /dev12195/sgchannels/3/awg/enable 0
2025.05.15 16:11:10.021   set /dev12195/sgchannels/4/awg/enable 0
2025.05.15 16:11:10.021   set /dev12195/sgchannels/5/awg/enable 0
2025.05.15 16:11:10.021   set /dev12195/system/synchronization/source 0
2025.05.15 16:11:10.023   set /dev12195/system/internaltrigger/synchronization/enable 0
2025.05.15 16:11:10.023   set /dev12195/scopes/0/enable 0
2025.05.15 16:11:10.023   set /dev12195/qachannels/0/pipeliner/mode 0
2025.05.15 16:11:10.023   set /dev12195/qachannels/0/synchronization/enable 0
2025.05.15 16:11:10.023   set /dev12195/qachannels/0/generator/enable 0
2025.05.15 16:11:10.023   set /dev12195/qachannels/0/readout/result/enable 0
2025.05.15 16:11:10.023   set /dev12195/qachannels/0/spectroscopy/psd/enable 0
2025.05.15 16:11:10.023   set /dev12195/qachannels/0/spectroscopy/result/enable 0
2025.05.15 16:11:10.023   set /dev12195/qachannels/0/output/rflfinterlock 1
2025.05.15 16:11:10.023   set /dev12195/qachannels/0/oscs/0/gain 1
2025.05.15 16:11:10.023   set /dev12195/scopes/0/channels/0/enable 0
2025.05.15 16:11:10.023   set /dev12195/scopes/0/channels/1/enable 0
2025.05.15 16:11:10.023   set /dev12195/scopes/0/channels/2/enable 0
2025.05.15 16:11:10.025   set /dev12195/scopes/0/channels/3/enable 0
2025.05.15 16:11:10.027   get /dev12195/sgchannels/0/output/overrangecount -
2025.05.15 16:11:10.029   get /dev12195/sgchannels/1/output/overrangecount -
2025.05.15 16:11:10.029   get /dev12195/sgchannels/2/output/overrangecount -
2025.05.15 16:11:10.029   get /dev12195/sgchannels/3/output/overrangecount -
2025.05.15 16:11:10.029   get /dev12195/sgchannels/4/output/overrangecount -
2025.05.15 16:11:10.029   get /dev12195/sgchannels/5/output/overrangecount -
2025.05.15 16:11:10.029   get /dev12195/qachannels/0/output/overrangecount -
2025.05.15 16:11:10.029   get /dev12195/qachannels/0/input/overrangecount -
2025.05.15 16:11:10.029   set /dev12195/sgchannels/4/output/on 1
2025.05.15 16:11:10.029   set /dev12195/sgchannels/4/awg/single 1
2025.05.15 16:11:10.029   set /dev12195/sgchannels/4/awg/modulation/enable 1
2025.05.15 16:11:10.029   set /dev12195/sgchannels/4/marker/source 0
2025.05.15 16:11:10.029   set /dev12195/sgchannels/4/trigger/delay 0
2025.05.15 16:11:10.029   set /dev12195/sgchannels/4/output/rflfpath 1
2025.05.15 16:11:10.029   set /dev12195/sgchannels/4/output/muting/enable 0
2025.05.15 16:11:10.031   set /dev12195/sgchannels/4/sines/0/oscselect 0
2025.05.15 16:11:10.031   set /dev12195/sgchannels/4/sines/0/harmonic 1
2025.05.15 16:11:10.031   set /dev12195/sgchannels/4/sines/0/phaseshift 0
2025.05.15 16:11:10.031   set /dev12195/qachannels/0/output/on 1
2025.05.15 16:11:10.031   set /dev12195/qachannels/0/generator/single 1
2025.05.15 16:11:10.031   set /dev12195/qachannels/0/output/muting/enable 0
2025.05.15 16:11:10.031   set /dev12195/qachannels/0/input/rflfpath 1
2025.05.15 16:11:10.031   set /dev12195/qachannels/0/input/on 1
2025.05.15 16:11:10.031   set /dev12195/sgchannels/4/oscs/0/freq 4e+07
2025.05.15 16:11:10.031   set /dev12195/qachannels/0/oscs/0/freq 0
2025.05.15 16:11:10.031   set /dev12195/sgchannels/4/awg/auxtriggers/0/slope 1
2025.05.15 16:11:10.032   set /dev12195/sgchannels/4/awg/auxtriggers/0/channel 8
2025.05.15 16:11:10.032   set /dev12195/system/internaltrigger/enable 0
2025.05.15 16:11:10.032   set /dev12195/system/internaltrigger/repetitions 1
2025.05.15 16:11:10.032   set /dev12195/qachannels/0/markers/0/source 32
2025.05.15 16:11:10.032   set /dev12195/qachannels/0/markers/1/source 36
2025.05.15 16:11:10.032   set /dev12195/qachannels/0/generator/auxtriggers/0/channel 8
2025.05.15 16:11:10.034   set /dev12195/sgchannels/4/oscs/0/freq 4e+07
2025.05.15 16:11:10.034   set /dev12195/synthesizers/3/centerfreq 3.6e+09
2025.05.15 16:11:10.034   set /dev12195/sgchannels/4/output/delay 0
2025.05.15 16:11:10.034   set /dev12195/qachannels/0/centerfreq 6.8e+09
2025.05.15 16:11:10.034   set /dev12195/qachannels/0/spectroscopy/envelope/delay 0
2025.05.15 16:11:10.034   set /dev12195/qachannels/0/spectroscopy/delay 2.2e-07
2025.05.15 16:11:10.035   set /dev12195/qachannels/0/mode 0
2025.05.15 16:11:10.035   set /dev12195/qachannels/0/spectroscopy/trigger/channel 36
2025.05.15 16:11:10.035   set /dev12195/qachannels/0/spectroscopy/length 4000
2025.05.15 16:11:10.035   set /dev12195/sgchannels/4/awg/elf/data vector (1528 B)
2025.05.15 16:11:10.035   set /dev12195/sgchannels/4/awg/commandtable/data vector (152 B)
2025.05.15 16:11:10.035   set /dev12195/qachannels/0/readout/result/enable 0
2025.05.15 16:11:10.035   set /dev12195/qachannels/0/spectroscopy/result/length 101
2025.05.15 16:11:10.036   set /dev12195/qachannels/0/spectroscopy/result/averages 256
2025.05.15 16:11:10.036   set /dev12195/qachannels/0/spectroscopy/result/mode 0
2025.05.15 16:11:10.036   set /dev12195/qachannels/0/spectroscopy/psd/enable 0
2025.05.15 16:11:10.036   set /dev12195/qachannels/0/spectroscopy/result/enable 0
2025.05.15 16:11:10.036   set /dev12195/qachannels/0/spectroscopy/result/enable 1
2025.05.15 16:11:10.036   set /dev12195/scopes/0/enable 0
2025.05.15 16:11:10.036   set /dev12195/qachannels/0/generator/elf/data vector (4276 B)
2025.05.15 16:11:10.037   set /dev12195/qachannels/0/spectroscopy/envelope/wave vector (32000 B)
2025.05.15 16:11:10.037   get /dev12195/qachannels/0/spectroscopy/envelope/wave -
2025.05.15 16:11:10.037   set /dev12195/qachannels/0/spectroscopy/envelope/enable 1
2025.05.15 16:11:10.037   set /dev12195/qachannels/0/readout/multistate/qudits/0/weights/0/wave vector (64000 B)
2025.05.15 16:11:10.037   set /dev12195/qachannels/0/readout/integration/length 4000
2025.05.15 16:11:10.038   set /dev12195/sgchannels/4/awg/enable 1
2025.05.15 16:11:10.038   set /dev12195/qachannels/0/generator/enable 1
2025.05.15 16:11:10.039   set /dev12195/system/internaltrigger/enable 1
2025.05.15 16:11:10.040   set /dev12195/raw/system/awg/runtimechecks/enable 0
2025.05.15 16:11:10.040   set /dev12195/qachannels/0/readout/result/enable 0
2025.05.15 16:11:10.041   get /dev12195/raw/error/json/errors -
2025.05.15 16:11:10.041   get /dev12195/raw/error/json/errors -
2025.05.15 16:11:10.041   set /dev12195/qachannels/0/spectroscopy/envelope/enable 1
2025.05.15 16:11:16.192 Node log from the data server with id 'zi_server':
2025.05.15 16:11:16.192   set /dev12195/raw/error/clear 1
2025.05.15 16:11:16.192   set /dev12195/sgchannels/0/pipeliner/mode 0
2025.05.15 16:11:16.192   set /dev12195/sgchannels/1/pipeliner/mode 0
2025.05.15 16:11:16.192   set /dev12195/sgchannels/2/pipeliner/mode 0
2025.05.15 16:11:16.194   set /dev12195/sgchannels/3/pipeliner/mode 0
2025.05.15 16:11:16.194   set /dev12195/sgchannels/4/pipeliner/mode 0
2025.05.15 16:11:16.194   set /dev12195/sgchannels/5/pipeliner/mode 0
2025.05.15 16:11:16.194   set /dev12195/sgchannels/0/synchronization/enable 0
2025.05.15 16:11:16.194   set /dev12195/sgchannels/1/synchronization/enable 0
2025.05.15 16:11:16.194   set /dev12195/sgchannels/2/synchronization/enable 0
2025.05.15 16:11:16.194   set /dev12195/sgchannels/3/synchronization/enable 0
2025.05.15 16:11:16.194   set /dev12195/sgchannels/4/synchronization/enable 0
2025.05.15 16:11:16.194   set /dev12195/sgchannels/5/synchronization/enable 0
2025.05.15 16:11:16.194   set /dev12195/sgchannels/0/awg/enable 0
2025.05.15 16:11:16.194   set /dev12195/sgchannels/1/awg/enable 0
2025.05.15 16:11:16.194   set /dev12195/sgchannels/2/awg/enable 0
2025.05.15 16:11:16.194   set /dev12195/sgchannels/3/awg/enable 0
2025.05.15 16:11:16.194   set /dev12195/sgchannels/4/awg/enable 0
2025.05.15 16:11:16.196   set /dev12195/sgchannels/5/awg/enable 0
2025.05.15 16:11:16.196   set /dev12195/system/synchronization/source 0
2025.05.15 16:11:16.196   set /dev12195/system/internaltrigger/synchronization/enable 0
2025.05.15 16:11:16.196   set /dev12195/scopes/0/enable 0
2025.05.15 16:11:16.196   set /dev12195/qachannels/0/pipeliner/mode 0
2025.05.15 16:11:16.196   set /dev12195/qachannels/0/synchronization/enable 0
2025.05.15 16:11:16.196   set /dev12195/qachannels/0/generator/enable 0
2025.05.15 16:11:16.196   set /dev12195/qachannels/0/readout/result/enable 0
2025.05.15 16:11:16.198   set /dev12195/qachannels/0/spectroscopy/psd/enable 0
2025.05.15 16:11:16.198   set /dev12195/qachannels/0/spectroscopy/result/enable 0
2025.05.15 16:11:16.198   set /dev12195/qachannels/0/output/rflfinterlock 1
2025.05.15 16:11:16.198   set /dev12195/qachannels/0/oscs/0/gain 1
2025.05.15 16:11:16.198   set /dev12195/scopes/0/channels/0/enable 0
2025.05.15 16:11:16.198   set /dev12195/scopes/0/channels/1/enable 0
2025.05.15 16:11:16.198   set /dev12195/scopes/0/channels/2/enable 0
2025.05.15 16:11:16.198   set /dev12195/scopes/0/channels/3/enable 0
2025.05.15 16:11:16.202   get /dev12195/sgchannels/0/output/overrangecount -
2025.05.15 16:11:16.202   get /dev12195/sgchannels/1/output/overrangecount -
2025.05.15 16:11:16.202   get /dev12195/sgchannels/2/output/overrangecount -
2025.05.15 16:11:16.202   get /dev12195/sgchannels/3/output/overrangecount -
2025.05.15 16:11:16.202   get /dev12195/sgchannels/4/output/overrangecount -
2025.05.15 16:11:16.202   get /dev12195/sgchannels/5/output/overrangecount -
2025.05.15 16:11:16.202   get /dev12195/qachannels/0/output/overrangecount -
2025.05.15 16:11:16.202   get /dev12195/qachannels/0/input/overrangecount -
2025.05.15 16:11:16.202   set /dev12195/sgchannels/4/output/on 1
2025.05.15 16:11:16.202   set /dev12195/sgchannels/4/awg/single 1
2025.05.15 16:11:16.204   set /dev12195/sgchannels/4/awg/modulation/enable 1
2025.05.15 16:11:16.204   set /dev12195/sgchannels/4/marker/source 0
2025.05.15 16:11:16.204   set /dev12195/sgchannels/4/trigger/delay 0
2025.05.15 16:11:16.204   set /dev12195/sgchannels/4/output/rflfpath 1
2025.05.15 16:11:16.204   set /dev12195/sgchannels/4/output/muting/enable 0
2025.05.15 16:11:16.204   set /dev12195/sgchannels/4/sines/0/oscselect 0
2025.05.15 16:11:16.204   set /dev12195/sgchannels/4/sines/0/harmonic 1
2025.05.15 16:11:16.204   set /dev12195/sgchannels/4/sines/0/phaseshift 0
2025.05.15 16:11:16.204   set /dev12195/qachannels/0/output/on 1
2025.05.15 16:11:16.204   set /dev12195/qachannels/0/generator/single 1
2025.05.15 16:11:16.204   set /dev12195/qachannels/0/output/muting/enable 0
2025.05.15 16:11:16.204   set /dev12195/qachannels/0/input/rflfpath 1
2025.05.15 16:11:16.204   set /dev12195/qachannels/0/input/on 1
2025.05.15 16:11:16.204   set /dev12195/sgchannels/4/oscs/0/freq 4e+07
2025.05.15 16:11:16.206   set /dev12195/qachannels/0/oscs/0/freq 0
2025.05.15 16:11:16.206   set /dev12195/sgchannels/4/awg/auxtriggers/0/slope 1
2025.05.15 16:11:16.206   set /dev12195/sgchannels/4/awg/auxtriggers/0/channel 8
2025.05.15 16:11:16.206   set /dev12195/system/internaltrigger/enable 0
2025.05.15 16:11:16.206   set /dev12195/system/internaltrigger/repetitions 1
2025.05.15 16:11:16.206   set /dev12195/qachannels/0/markers/0/source 32
2025.05.15 16:11:16.206   set /dev12195/qachannels/0/markers/1/source 36
2025.05.15 16:11:16.206   set /dev12195/qachannels/0/generator/auxtriggers/0/channel 8
2025.05.15 16:11:16.206   set /dev12195/sgchannels/4/oscs/0/freq 4e+07
2025.05.15 16:11:16.206   set /dev12195/synthesizers/3/centerfreq 3.6e+09
2025.05.15 16:11:16.206   set /dev12195/sgchannels/4/output/delay 0
2025.05.15 16:11:16.206   set /dev12195/qachannels/0/centerfreq 6.8e+09
2025.05.15 16:11:16.208   set /dev12195/qachannels/0/spectroscopy/envelope/delay 0
2025.05.15 16:11:16.208   set /dev12195/qachannels/0/spectroscopy/delay 2.2e-07
2025.05.15 16:11:16.208   set /dev12195/qachannels/0/mode 0
2025.05.15 16:11:16.208   set /dev12195/qachannels/0/spectroscopy/trigger/channel 36
2025.05.15 16:11:16.208   set /dev12195/qachannels/0/spectroscopy/length 4000
2025.05.15 16:11:16.208   set /dev12195/sgchannels/4/awg/elf/data vector (1528 B)
2025.05.15 16:11:16.208   set /dev12195/sgchannels/4/awg/commandtable/data vector (152 B)
2025.05.15 16:11:16.208   set /dev12195/qachannels/0/readout/result/enable 0
2025.05.15 16:11:16.208   set /dev12195/qachannels/0/spectroscopy/result/length 101
2025.05.15 16:11:16.208   set /dev12195/qachannels/0/spectroscopy/result/averages 256
2025.05.15 16:11:16.208   set /dev12195/qachannels/0/spectroscopy/result/mode 0
2025.05.15 16:11:16.208   set /dev12195/qachannels/0/spectroscopy/psd/enable 0
2025.05.15 16:11:16.210   set /dev12195/qachannels/0/spectroscopy/result/enable 0
2025.05.15 16:11:16.210   set /dev12195/qachannels/0/spectroscopy/result/enable 1
2025.05.15 16:11:16.210   set /dev12195/scopes/0/enable 0
2025.05.15 16:11:16.210   set /dev12195/qachannels/0/generator/elf/data vector (4276 B)
2025.05.15 16:11:16.210   set /dev12195/qachannels/0/spectroscopy/envelope/wave vector (32000 B)
2025.05.15 16:11:16.210   get /dev12195/qachannels/0/spectroscopy/envelope/wave -
2025.05.15 16:11:16.210   set /dev12195/qachannels/0/spectroscopy/envelope/enable 1
2025.05.15 16:11:16.210   set /dev12195/qachannels/0/readout/multistate/qudits/0/weights/0/wave vector (64000 B)
2025.05.15 16:11:16.210   set /dev12195/qachannels/0/readout/integration/length 4000
2025.05.15 16:11:16.212   set /dev12195/sgchannels/4/awg/enable 1
2025.05.15 16:11:16.212   set /dev12195/qachannels/0/generator/enable 1
2025.05.15 16:11:16.212   set /dev12195/system/internaltrigger/enable 1
2025.05.15 16:11:16.212   set /dev12195/raw/system/awg/runtimechecks/enable 0
2025.05.15 16:11:16.214   set /dev12195/qachannels/0/readout/result/enable 0
2025.05.15 16:11:16.214   get /dev12195/raw/error/json/errors -
2025.05.15 16:11:16.214   get /dev12195/raw/error/json/errors -
2025.05.15 16:11:16.214   set /dev12195/qachannels/0/spectroscopy/envelope/enable 1
2025.05.15 16:15:54.790 Node log from the data server with id 'zi_server':
2025.05.15 16:15:54.790   get /dev12195/raw/system/awg/runtimechecks/enable -
2025.05.15 16:15:54.790   get /dev12195/raw/system/awg/runtimechecks/enable -
2025.05.15 16:15:54.790   get /dev12195/system/clocks/referenceclock/in/freq -
2025.05.15 16:15:54.792   get /dev12195/system/clocks/referenceclock/in/sourceactual -
2025.05.15 16:15:54.792   get /dev12195/system/clocks/referenceclock/in/source -
2025.05.15 16:15:54.792   get /dev12195/system/clocks/referenceclock/in/status -
2025.05.15 16:15:54.792   get /dev12195/system/clocks/referenceclock/in/freq -
2025.05.15 16:15:54.792   get /dev12195/system/clocks/referenceclock/in/sourceactual -
2025.05.15 16:15:54.792   get /dev12195/system/clocks/referenceclock/in/source -
2025.05.15 16:15:54.792   get /dev12195/system/clocks/referenceclock/in/status -
2025.05.15 16:15:56.268 Node log from the data server with id 'zi_server':
2025.05.15 16:15:56.269   set /dev12195/raw/error/clear 1
2025.05.15 16:15:56.269   set /dev12195/sgchannels/0/pipeliner/mode 0
2025.05.15 16:15:56.269   set /dev12195/sgchannels/1/pipeliner/mode 0
2025.05.15 16:15:56.270   set /dev12195/sgchannels/2/pipeliner/mode 0
2025.05.15 16:15:56.270   set /dev12195/sgchannels/3/pipeliner/mode 0
2025.05.15 16:15:56.270   set /dev12195/sgchannels/4/pipeliner/mode 0
2025.05.15 16:15:56.270   set /dev12195/sgchannels/5/pipeliner/mode 0
2025.05.15 16:15:56.270   set /dev12195/sgchannels/0/synchronization/enable 0
2025.05.15 16:15:56.270   set /dev12195/sgchannels/1/synchronization/enable 0
2025.05.15 16:15:56.270   set /dev12195/sgchannels/2/synchronization/enable 0
2025.05.15 16:15:56.271   set /dev12195/sgchannels/3/synchronization/enable 0
2025.05.15 16:15:56.271   set /dev12195/sgchannels/4/synchronization/enable 0
2025.05.15 16:15:56.271   set /dev12195/sgchannels/5/synchronization/enable 0
2025.05.15 16:15:56.271   set /dev12195/sgchannels/0/awg/enable 0
2025.05.15 16:15:56.271   set /dev12195/sgchannels/1/awg/enable 0
2025.05.15 16:15:56.271   set /dev12195/sgchannels/2/awg/enable 0
2025.05.15 16:15:56.271   set /dev12195/sgchannels/3/awg/enable 0
2025.05.15 16:15:56.272   set /dev12195/sgchannels/4/awg/enable 0
2025.05.15 16:15:56.272   set /dev12195/sgchannels/5/awg/enable 0
2025.05.15 16:15:56.273   set /dev12195/system/synchronization/source 0
2025.05.15 16:15:56.273   set /dev12195/system/internaltrigger/synchronization/enable 0
2025.05.15 16:15:56.273   set /dev12195/scopes/0/enable 0
2025.05.15 16:15:56.273   set /dev12195/qachannels/0/pipeliner/mode 0
2025.05.15 16:15:56.273   set /dev12195/qachannels/0/synchronization/enable 0
2025.05.15 16:15:56.273   set /dev12195/qachannels/0/generator/enable 0
2025.05.15 16:15:56.274   set /dev12195/qachannels/0/readout/result/enable 0
2025.05.15 16:15:56.274   set /dev12195/qachannels/0/spectroscopy/psd/enable 0
2025.05.15 16:15:56.274   set /dev12195/qachannels/0/spectroscopy/result/enable 0
2025.05.15 16:15:56.274   set /dev12195/qachannels/0/output/rflfinterlock 1
2025.05.15 16:15:56.274   set /dev12195/qachannels/0/oscs/0/gain 1
2025.05.15 16:15:56.274   set /dev12195/scopes/0/channels/0/enable 0
2025.05.15 16:15:56.275   set /dev12195/scopes/0/channels/1/enable 0
2025.05.15 16:15:56.275   set /dev12195/scopes/0/channels/2/enable 0
2025.05.15 16:15:56.275   set /dev12195/scopes/0/channels/3/enable 0
2025.05.15 16:15:56.278   get /dev12195/sgchannels/0/output/overrangecount -
2025.05.15 16:15:56.278   get /dev12195/sgchannels/1/output/overrangecount -
2025.05.15 16:15:56.278   get /dev12195/sgchannels/2/output/overrangecount -
2025.05.15 16:15:56.278   get /dev12195/sgchannels/3/output/overrangecount -
2025.05.15 16:15:56.278   get /dev12195/sgchannels/4/output/overrangecount -
2025.05.15 16:15:56.279   get /dev12195/sgchannels/5/output/overrangecount -
2025.05.15 16:15:56.279   get /dev12195/qachannels/0/output/overrangecount -
2025.05.15 16:15:56.279   get /dev12195/qachannels/0/input/overrangecount -
2025.05.15 16:15:56.279   set /dev12195/sgchannels/4/output/on 1
2025.05.15 16:15:56.279   set /dev12195/sgchannels/4/awg/single 1
2025.05.15 16:15:56.279   set /dev12195/sgchannels/4/awg/modulation/enable 1
2025.05.15 16:15:56.279   set /dev12195/sgchannels/4/marker/source 0
2025.05.15 16:15:56.280   set /dev12195/sgchannels/4/trigger/delay 0
2025.05.15 16:15:56.280   set /dev12195/sgchannels/4/output/rflfpath 1
2025.05.15 16:15:56.280   set /dev12195/sgchannels/4/output/muting/enable 0
2025.05.15 16:15:56.280   set /dev12195/sgchannels/4/sines/0/oscselect 0
2025.05.15 16:15:56.280   set /dev12195/sgchannels/4/sines/0/harmonic 1
2025.05.15 16:15:56.280   set /dev12195/sgchannels/4/sines/0/phaseshift 0
2025.05.15 16:15:56.280   set /dev12195/qachannels/0/output/on 1
2025.05.15 16:15:56.280   set /dev12195/qachannels/0/generator/single 1
2025.05.15 16:15:56.280   set /dev12195/qachannels/0/output/muting/enable 0
2025.05.15 16:15:56.280   set /dev12195/qachannels/0/input/rflfpath 1
2025.05.15 16:15:56.280   set /dev12195/qachannels/0/input/on 1
2025.05.15 16:15:56.280   set /dev12195/sgchannels/4/oscs/0/freq 4e+07
2025.05.15 16:15:56.280   set /dev12195/qachannels/0/oscs/0/freq 0
2025.05.15 16:15:56.280   set /dev12195/sgchannels/4/awg/auxtriggers/0/slope 1
2025.05.15 16:15:56.280   set /dev12195/sgchannels/4/awg/auxtriggers/0/channel 8
2025.05.15 16:15:56.282   set /dev12195/system/internaltrigger/enable 0
2025.05.15 16:15:56.282   set /dev12195/system/internaltrigger/repetitions 1
2025.05.15 16:15:56.282   set /dev12195/qachannels/0/markers/0/source 32
2025.05.15 16:15:56.282   set /dev12195/qachannels/0/markers/1/source 36
2025.05.15 16:15:56.282   set /dev12195/qachannels/0/generator/auxtriggers/0/channel 8
2025.05.15 16:15:56.282   set /dev12195/sgchannels/4/oscs/0/freq 4e+07
2025.05.15 16:15:56.282   set /dev12195/synthesizers/3/centerfreq 3.6e+09
2025.05.15 16:15:56.282   set /dev12195/sgchannels/4/output/delay 0
2025.05.15 16:15:56.282   set /dev12195/qachannels/0/centerfreq 6.8e+09
2025.05.15 16:15:56.282   set /dev12195/qachannels/0/spectroscopy/envelope/delay 0
2025.05.15 16:15:56.282   set /dev12195/qachannels/0/spectroscopy/delay 2.2e-07
2025.05.15 16:15:56.282   set /dev12195/qachannels/0/mode 0
2025.05.15 16:15:56.282   set /dev12195/qachannels/0/spectroscopy/trigger/channel 36
2025.05.15 16:15:56.282   set /dev12195/qachannels/0/spectroscopy/length 4000
2025.05.15 16:15:56.284   set /dev12195/sgchannels/4/awg/elf/data vector (1528 B)
2025.05.15 16:15:56.284   set /dev12195/sgchannels/4/awg/commandtable/data vector (152 B)
2025.05.15 16:15:56.284   set /dev12195/qachannels/0/readout/result/enable 0
2025.05.15 16:15:56.284   set /dev12195/qachannels/0/spectroscopy/result/length 101
2025.05.15 16:15:56.284   set /dev12195/qachannels/0/spectroscopy/result/averages 256
2025.05.15 16:15:56.284   set /dev12195/qachannels/0/spectroscopy/result/mode 0
2025.05.15 16:15:56.284   set /dev12195/qachannels/0/spectroscopy/psd/enable 0
2025.05.15 16:15:56.284   set /dev12195/qachannels/0/spectroscopy/result/enable 0
2025.05.15 16:15:56.284   set /dev12195/qachannels/0/spectroscopy/result/enable 1
2025.05.15 16:15:56.284   set /dev12195/scopes/0/enable 0
2025.05.15 16:15:56.286   set /dev12195/qachannels/0/generator/elf/data vector (4268 B)
2025.05.15 16:15:56.286   set /dev12195/qachannels/0/spectroscopy/envelope/wave vector (32000 B)
2025.05.15 16:15:56.286   get /dev12195/qachannels/0/spectroscopy/envelope/wave -
2025.05.15 16:15:56.286   set /dev12195/qachannels/0/spectroscopy/envelope/enable 1
2025.05.15 16:15:56.286   set /dev12195/qachannels/0/readout/multistate/qudits/0/weights/0/wave vector (64000 B)
2025.05.15 16:15:56.286   set /dev12195/qachannels/0/readout/integration/length 4000
2025.05.15 16:15:56.286   set /dev12195/sgchannels/4/awg/enable 1
2025.05.15 16:15:56.286   set /dev12195/qachannels/0/generator/enable 1
2025.05.15 16:15:56.288   set /dev12195/system/internaltrigger/enable 1
2025.05.15 16:15:56.288   set /dev12195/raw/system/awg/runtimechecks/enable 0
2025.05.15 16:15:56.288   set /dev12195/qachannels/0/readout/result/enable 0
2025.05.15 16:15:56.288   get /dev12195/raw/error/json/errors -
2025.05.15 16:15:56.288   get /dev12195/raw/error/json/errors -
2025.05.15 16:15:56.290   set /dev12195/qachannels/0/spectroscopy/envelope/enable 1
2025.05.15 16:16:11.172 Node log from the data server with id 'zi_server':
2025.05.15 16:16:11.172   get /dev12195/raw/system/awg/runtimechecks/enable -
2025.05.15 16:16:11.172   get /dev12195/raw/system/awg/runtimechecks/enable -
2025.05.15 16:16:11.172   get /dev12195/system/clocks/referenceclock/in/freq -
2025.05.15 16:16:11.172   get /dev12195/system/clocks/referenceclock/in/sourceactual -
2025.05.15 16:16:11.174   get /dev12195/system/clocks/referenceclock/in/source -
2025.05.15 16:16:11.174   get /dev12195/system/clocks/referenceclock/in/status -
2025.05.15 16:16:11.174   get /dev12195/system/clocks/referenceclock/in/freq -
2025.05.15 16:16:11.174   get /dev12195/system/clocks/referenceclock/in/sourceactual -
2025.05.15 16:16:11.174   get /dev12195/system/clocks/referenceclock/in/source -
2025.05.15 16:16:11.174   get /dev12195/system/clocks/referenceclock/in/status -
2025.05.15 16:16:12.510 Node log from the data server with id 'zi_server':
2025.05.15 16:16:12.511   set /dev12195/raw/error/clear 1
2025.05.15 16:16:12.511   set /dev12195/sgchannels/0/pipeliner/mode 0
2025.05.15 16:16:12.511   set /dev12195/sgchannels/1/pipeliner/mode 0
2025.05.15 16:16:12.511   set /dev12195/sgchannels/2/pipeliner/mode 0
2025.05.15 16:16:12.512   set /dev12195/sgchannels/3/pipeliner/mode 0
2025.05.15 16:16:12.512   set /dev12195/sgchannels/4/pipeliner/mode 0
2025.05.15 16:16:12.512   set /dev12195/sgchannels/5/pipeliner/mode 0
2025.05.15 16:16:12.512   set /dev12195/sgchannels/0/synchronization/enable 0
2025.05.15 16:16:12.512   set /dev12195/sgchannels/1/synchronization/enable 0
2025.05.15 16:16:12.512   set /dev12195/sgchannels/2/synchronization/enable 0
2025.05.15 16:16:12.512   set /dev12195/sgchannels/3/synchronization/enable 0
2025.05.15 16:16:12.513   set /dev12195/sgchannels/4/synchronization/enable 0
2025.05.15 16:16:12.513   set /dev12195/sgchannels/5/synchronization/enable 0
2025.05.15 16:16:12.513   set /dev12195/sgchannels/0/awg/enable 0
2025.05.15 16:16:12.513   set /dev12195/sgchannels/1/awg/enable 0
2025.05.15 16:16:12.513   set /dev12195/sgchannels/2/awg/enable 0
2025.05.15 16:16:12.513   set /dev12195/sgchannels/3/awg/enable 0
2025.05.15 16:16:12.514   set /dev12195/sgchannels/4/awg/enable 0
2025.05.15 16:16:12.514   set /dev12195/sgchannels/5/awg/enable 0
2025.05.15 16:16:12.515   set /dev12195/system/synchronization/source 0
2025.05.15 16:16:12.515   set /dev12195/system/internaltrigger/synchronization/enable 0
2025.05.15 16:16:12.515   set /dev12195/scopes/0/enable 0
2025.05.15 16:16:12.515   set /dev12195/qachannels/0/pipeliner/mode 0
2025.05.15 16:16:12.515   set /dev12195/qachannels/0/synchronization/enable 0
2025.05.15 16:16:12.516   set /dev12195/qachannels/0/generator/enable 0
2025.05.15 16:16:12.516   set /dev12195/qachannels/0/readout/result/enable 0
2025.05.15 16:16:12.516   set /dev12195/qachannels/0/spectroscopy/psd/enable 0
2025.05.15 16:16:12.516   set /dev12195/qachannels/0/spectroscopy/result/enable 0
2025.05.15 16:16:12.516   set /dev12195/qachannels/0/output/rflfinterlock 1
2025.05.15 16:16:12.516   set /dev12195/qachannels/0/oscs/0/gain 1
2025.05.15 16:16:12.516   set /dev12195/scopes/0/channels/0/enable 0
2025.05.15 16:16:12.517   set /dev12195/scopes/0/channels/1/enable 0
2025.05.15 16:16:12.517   set /dev12195/scopes/0/channels/2/enable 0
2025.05.15 16:16:12.517   set /dev12195/scopes/0/channels/3/enable 0
2025.05.15 16:16:12.520   get /dev12195/sgchannels/0/output/overrangecount -
2025.05.15 16:16:12.521   get /dev12195/sgchannels/1/output/overrangecount -
2025.05.15 16:16:12.521   get /dev12195/sgchannels/2/output/overrangecount -
2025.05.15 16:16:12.521   get /dev12195/sgchannels/3/output/overrangecount -
2025.05.15 16:16:12.521   get /dev12195/sgchannels/4/output/overrangecount -
2025.05.15 16:16:12.521   get /dev12195/sgchannels/5/output/overrangecount -
2025.05.15 16:16:12.521   get /dev12195/qachannels/0/output/overrangecount -
2025.05.15 16:16:12.521   get /dev12195/qachannels/0/input/overrangecount -
2025.05.15 16:16:12.521   set /dev12195/sgchannels/4/output/on 1
2025.05.15 16:16:12.522   set /dev12195/sgchannels/4/awg/single 1
2025.05.15 16:16:12.522   set /dev12195/sgchannels/4/awg/modulation/enable 1
2025.05.15 16:16:12.522   set /dev12195/sgchannels/4/marker/source 0
2025.05.15 16:16:12.522   set /dev12195/sgchannels/4/trigger/delay 0
2025.05.15 16:16:12.522   set /dev12195/sgchannels/4/output/rflfpath 1
2025.05.15 16:16:12.522   set /dev12195/sgchannels/4/output/muting/enable 0
2025.05.15 16:16:12.522   set /dev12195/sgchannels/4/sines/0/oscselect 0
2025.05.15 16:16:12.523   set /dev12195/sgchannels/4/sines/0/harmonic 1
2025.05.15 16:16:12.523   set /dev12195/sgchannels/4/sines/0/phaseshift 0
2025.05.15 16:16:12.523   set /dev12195/qachannels/0/output/on 1
2025.05.15 16:16:12.523   set /dev12195/qachannels/0/generator/single 1
2025.05.15 16:16:12.523   set /dev12195/qachannels/0/output/muting/enable 0
2025.05.15 16:16:12.523   set /dev12195/qachannels/0/input/rflfpath 1
2025.05.15 16:16:12.524   set /dev12195/qachannels/0/input/on 1
2025.05.15 16:16:12.524   set /dev12195/sgchannels/4/oscs/0/freq 4e+07
2025.05.15 16:16:12.524   set /dev12195/qachannels/0/oscs/0/freq 0
2025.05.15 16:16:12.524   set /dev12195/sgchannels/4/awg/auxtriggers/0/slope 1
2025.05.15 16:16:12.524   set /dev12195/sgchannels/4/awg/auxtriggers/0/channel 8
2025.05.15 16:16:12.524   set /dev12195/system/internaltrigger/enable 0
2025.05.15 16:16:12.524   set /dev12195/system/internaltrigger/repetitions 1
2025.05.15 16:16:12.524   set /dev12195/qachannels/0/markers/0/source 32
2025.05.15 16:16:12.525   set /dev12195/qachannels/0/markers/1/source 36
2025.05.15 16:16:12.525   set /dev12195/qachannels/0/generator/auxtriggers/0/channel 8
2025.05.15 16:16:12.525   set /dev12195/sgchannels/4/oscs/0/freq 4e+07
2025.05.15 16:16:12.525   set /dev12195/synthesizers/3/centerfreq 3.6e+09
2025.05.15 16:16:12.525   set /dev12195/sgchannels/4/output/delay 0
2025.05.15 16:16:12.525   set /dev12195/qachannels/0/centerfreq 6.8e+09
2025.05.15 16:16:12.525   set /dev12195/qachannels/0/spectroscopy/envelope/delay 0
2025.05.15 16:16:12.526   set /dev12195/qachannels/0/spectroscopy/delay 2.2e-07
2025.05.15 16:16:12.526   set /dev12195/qachannels/0/mode 0
2025.05.15 16:16:12.526   set /dev12195/qachannels/0/spectroscopy/trigger/channel 36
2025.05.15 16:16:12.526   set /dev12195/qachannels/0/spectroscopy/length 4000
2025.05.15 16:16:12.526   set /dev12195/sgchannels/4/awg/elf/data vector (1528 B)
2025.05.15 16:16:12.526   set /dev12195/sgchannels/4/awg/commandtable/data vector (152 B)
2025.05.15 16:16:12.527   set /dev12195/qachannels/0/readout/result/enable 0
2025.05.15 16:16:12.527   set /dev12195/qachannels/0/spectroscopy/result/length 101
2025.05.15 16:16:12.527   set /dev12195/qachannels/0/spectroscopy/result/averages 16
2025.05.15 16:16:12.527   set /dev12195/qachannels/0/spectroscopy/result/mode 0
2025.05.15 16:16:12.527   set /dev12195/qachannels/0/spectroscopy/psd/enable 0
2025.05.15 16:16:12.527   set /dev12195/qachannels/0/spectroscopy/result/enable 0
2025.05.15 16:16:12.528   set /dev12195/qachannels/0/spectroscopy/result/enable 1
2025.05.15 16:16:12.528   set /dev12195/scopes/0/enable 0
2025.05.15 16:16:12.528   set /dev12195/qachannels/0/generator/elf/data vector (4268 B)
2025.05.15 16:16:12.528   set /dev12195/qachannels/0/spectroscopy/envelope/wave vector (32000 B)
2025.05.15 16:16:12.529   get /dev12195/qachannels/0/spectroscopy/envelope/wave -
2025.05.15 16:16:12.529   set /dev12195/qachannels/0/spectroscopy/envelope/enable 1
2025.05.15 16:16:12.529   set /dev12195/qachannels/0/readout/multistate/qudits/0/weights/0/wave vector (64000 B)
2025.05.15 16:16:12.529   set /dev12195/qachannels/0/readout/integration/length 4000
2025.05.15 16:16:12.529   set /dev12195/sgchannels/4/awg/enable 1
2025.05.15 16:16:12.529   set /dev12195/qachannels/0/generator/enable 1
2025.05.15 16:16:12.531   set /dev12195/system/internaltrigger/enable 1
2025.05.15 16:16:12.531   set /dev12195/raw/system/awg/runtimechecks/enable 0
2025.05.15 16:16:12.531   set /dev12195/qachannels/0/readout/result/enable 0
2025.05.15 16:16:12.532   get /dev12195/raw/error/json/errors -
2025.05.15 16:16:12.532   get /dev12195/raw/error/json/errors -
2025.05.15 16:16:12.532   set /dev12195/qachannels/0/spectroscopy/envelope/enable 1
2025.05.15 16:19:26.507 Node log from the data server with id 'zi_server':
2025.05.15 16:19:26.507   get /dev12195/raw/system/awg/runtimechecks/enable -
2025.05.15 16:19:26.507   get /dev12195/raw/system/awg/runtimechecks/enable -
2025.05.15 16:19:26.507   get /dev12195/system/clocks/referenceclock/in/freq -
2025.05.15 16:19:26.507   get /dev12195/system/clocks/referenceclock/in/sourceactual -
2025.05.15 16:19:26.507   get /dev12195/system/clocks/referenceclock/in/source -
2025.05.15 16:19:26.507   get /dev12195/system/clocks/referenceclock/in/status -
2025.05.15 16:19:26.507   get /dev12195/system/clocks/referenceclock/in/freq -
2025.05.15 16:19:26.507   get /dev12195/system/clocks/referenceclock/in/sourceactual -
2025.05.15 16:19:26.509   get /dev12195/system/clocks/referenceclock/in/source -
2025.05.15 16:19:26.509   get /dev12195/system/clocks/referenceclock/in/status -
2025.05.15 16:19:34.149 Node log from the data server with id 'zi_server':
2025.05.15 16:19:34.149   get /dev12195/raw/system/awg/runtimechecks/enable -
2025.05.15 16:19:34.149   get /dev12195/raw/system/awg/runtimechecks/enable -
2025.05.15 16:19:34.149   get /dev12195/system/clocks/referenceclock/in/freq -
2025.05.15 16:19:34.149   get /dev12195/system/clocks/referenceclock/in/sourceactual -
2025.05.15 16:19:34.149   get /dev12195/system/clocks/referenceclock/in/source -
2025.05.15 16:19:34.149   get /dev12195/system/clocks/referenceclock/in/status -
2025.05.15 16:19:34.149   get /dev12195/system/clocks/referenceclock/in/freq -
2025.05.15 16:19:34.149   get /dev12195/system/clocks/referenceclock/in/sourceactual -
2025.05.15 16:19:34.149   get /dev12195/system/clocks/referenceclock/in/source -
2025.05.15 16:19:34.149   get /dev12195/system/clocks/referenceclock/in/status -
